NOTICE_DATE,JOB_SITE_NAME,COUNTY_NAME,WDA_NAME,LayOff_Date,WFDD_RECEIVED_DATE,CITY_NAME,flag_year_typo,flag_retroactive,flag_valid,lead_days,lead_days_short,layoff_count,company_normalized,same_company_cluster,county_warn_count,wda_warn_count,notice_year,notice_quarter,notice_month,industry_score,industry_final,industry_source
2022-01-28,Amentum,Bowie,North East Texas WDA,2022-03-27,2022-01-28,New Boston,0,0,1,58,1,178,AMENTUM,1,9,21,2022,2022Q1,2022-01,0,Unknown,unresolved
2022-01-06,"Stearns Lending, LLC - Corporate Dr.",Denton,North Central Texas WDA,2022-03-13,2022-01-06,Lewisville,0,0,1,66,0,348,STEARNS LENDING,0,56,185,2022,2022Q1,2022-01,12,Finance,stage1
2021-12-16,"Monitronics International, Inc. dba Brinks Home",Dallas,Dallas County WDA,2021-12-17,2021-12-20,Dallas,0,0,1,1,1,42,MONITRONICS INTERNATIONAL BRINKS HOME,1,330,325,2021,2021Q4,2021-12,0,Unknown,unresolved
2021-12-13,Central Freight Lines - San Antonio,Bexar,Alamo WDA,2021-12-17,2021-12-16,San Antonio,0,0,1,4,1,66,CENTRAL FREIGHT LINES,1,200,238,2021,2021Q4,2021-12,12,Logistics_Transportation,stage1
2021-12-13,Central Freight Lines,McLennan,Heart of Texas WDA,2021-12-13,2021-12-16,Waco,0,0,1,0,1,153,CENTRAL FREIGHT LINES,1,24,34,2021,2021Q4,2021-12,12,Logistics_Transportation,stage1
2021-12-13,Central Freight Lines - Houston,Harris,Gulf Coast WDA,2021-12-13,2021-12-16,Houston,0,0,1,0,1,162,CENTRAL FREIGHT LINES,1,429,608,2021,2021Q4,2021-12,12,Logistics_Transportation,stage1
2021-12-13,"Central Freight Lines, Inc.",Tarrant,Tarrant County WDA,2021-12-13,2021-12-16,Ft. Worth,0,0,1,0,1,292,CENTRAL FREIGHT LINES,1,207,213,2021,2021Q4,2021-12,12,Logistics_Transportation,stage1
2021-12-06,"Change Healthcare Operations, LLC",Hunt,North Central WDA,2022-02-04,2021-12-06,Greenville,0,0,1,60,0,145,CHANGE HEALTHCARE OPERATIONS,0,4,1,2021,2021Q4,2021-12,4,Healthcare,stage1
2021-11-30,Laredo Transit Management-El Metro Transit,Webb,South Texas WDA,2022-01-31,2021-12-02,Laredo,0,0,1,62,0,168,LAREDO TRANSIT MANAGEMENT-EL METRO TRANSIT,0,17,17,2021,2021Q4,2021-11,2,Logistics_Transportation,stage1
2021-11-23,"Marshal S. Frumin, M.D.",Fort Bend,Gulf Coast WDA,2021-12-31,2021-12-02,Sugar Land,0,0,1,38,1,6,MARSHAL S FRUMIN M D,0,88,608,2021,2021Q4,2021-11,0,Unknown,unresolved
2021-11-13,Cypress Creek Emergency Medical Services,Montgomery,Gulf Coast WDA,2021-11-13,2021-11-23,Spring,0,0,1,0,1,102,CYPRESS CREEK EMERGENCY MEDICAL SERVICES,0,42,608,2021,2021Q4,2021-11,2,Healthcare,stage1
2021-11-04,Zillow Group,Dallas,Dallas County WDA,2022-01-03,2021-11-04,Coppell,0,0,1,60,0,32,ZILLOW GROUP,1,330,325,2021,2021Q4,2021-11,6,Technology_IT,stage1
2021-11-04,YMCA - Waco,McLennan,Heart of Texas WDA,2021-12-31,2021-11-04,Waco,0,0,1,57,1,127,YMCA,1,24,34,2021,2021Q4,2021-11,2,Public_Nonprofit,stage1
2021-10-29,"Odle Management Group, LLC",El Paso,Borderplexjobs WDA,2021-10-25,2021-10-29,El Paso,0,1,0,,,134,ODLE MANAGEMENT GROUP,0,49,51,2021,2021Q4,2021-10,0,Unknown,unresolved
2021-10-11,Luminant Mining Co.-Martin Lake Liberty Mine,Rusk,East Texas WDA,2021-12-26,2021-11-08,Tatum,0,0,1,76,0,160,LUMINANT MINING -MARTIN LAKE LIBERTY MINE,0,5,39,2021,2021Q4,2021-10,2,Energy,stage1
2021-09-30,InterContinental-Stephen F Austin,Travis,Capital Area WDA,2020-11-30,2021-03-05,Austin,0,1,0,,,35,INTERCONTINENTAL-STEPHEN F AUSTIN,1,169,166,2021,2021Q3,2021-09,0,Unknown,unresolved
2021-09-27,NPL,Dallas,Dallas County WDA,2021-10-16,2021-09-29,Garland,0,0,1,19,1,60,NPL,0,330,325,2021,2021Q3,2021-09,0,Unknown,unresolved
2021-09-27,NPL - Shiloh Rd.,Dallas,Dallas County WDA,2021-10-16,2021-09-29,Garland,0,0,1,19,1,6,NPL - SHILOH RD,0,330,325,2021,2021Q3,2021-09,0,Unknown,unresolved
2021-09-22,The Children's Shelter-Family Tapestry,Bexar,Alamo WDA,2021-11-20,2021-10-11,San Antonio,0,0,1,59,1,41,THE CHILDREN S SHELTER-FAMILY TAPESTRY,1,200,238,2021,2021Q3,2021-09,4,Public_Nonprofit,stage1
2021-09-09,CEVA Logistics - Raytheon Facility,Denton,North Central Texas WDA,2021-11-09,2021-09-27,Carrollton,0,0,1,61,0,87,CEVA LOGISTICS - RAYTHEON FACILITY,0,56,185,2021,2021Q3,2021-09,6,Logistics_Transportation,stage1
2021-09-09,Disney Streaming Technology LLC,Montgomery,Gulf Coast WDA,2021-11-10,2021-09-16,The Woodlands,0,0,1,62,0,63,DISNEY STREAMING TECHNOLOGY,0,42,608,2021,2021Q3,2021-09,4,Technology_IT,stage1
2021-09-09,The Woodlands Enterprises LLC,Montgomery,Gulf Coast WDA,2021-11-10,2021-09-15,The Woodlands,0,0,1,62,0,181,THE WOODLANDS ENTERPRISES,0,42,608,2021,2021Q3,2021-09,0,Unknown,unresolved
2021-08-30,Amentum,Bowie,North East Texas WDA,2021-10-29,2021-09-14,New Boston,0,0,1,60,0,92,AMENTUM,1,9,21,2021,2021Q3,2021-08,0,Unknown,unresolved
2021-08-30,Leidos-Killeen,Bell,Central Texas WDA,2021-09-29,2021-08-30,Killeen,0,0,1,30,1,60,LEIDOS,0,14,14,2021,2021Q3,2021-08,0,Unknown,unresolved
2021-08-17,Basic Energy Services-Denver City,Yoakum,South Plains WDA,2021-10-19,2021-08-20,Denver City,0,0,1,63,0,57,BASIC ENERGY SERVICES-DENVER CITY,1,2,29,2021,2021Q3,2021-08,8,Energy,stage1
2021-08-17,Basic Energy Services-Andrews2,Andrews,Permian Basin WDA,2021-10-19,2021-08-20,Andrews,0,0,1,63,0,63,BASIC ENERGY SERVICES-ANDREWS2,0,5,83,2021,2021Q3,2021-08,8,Energy,stage1
2021-08-17,Basic Energy Services-Big Springs2,Howard,Permian Basin WDA,2021-10-19,2021-08-20,Big Spring,0,0,1,63,0,135,BASIC ENERGY SERVICES-BIG SPRINGS2,0,4,83,2021,2021Q3,2021-08,8,Energy,stage1
2021-08-17,Basic Energy Services-Ft Worth-ALM Regent,Tarrant,Tarrant County WDA,2021-10-19,2021-08-20,Ft. Worth,0,0,1,63,0,120,BASIC ENERGY SERVICES-FT WORTH-ALM REGENT,0,207,213,2021,2021Q3,2021-08,8,Energy,stage1
2021-08-17,Basic Energy Services-Andrews,Andrews,Permian Basin WDA,2021-10-19,2021-08-20,Andrews,0,0,1,63,0,63,BASIC ENERGY SERVICES-ANDREWS,0,5,83,2021,2021Q3,2021-08,8,Energy,stage1
2021-08-17,Basic Energy Services-Kennedy,Karnes,Gulf Coast WDA,2021-10-19,2021-08-20,Kenedy,0,0,1,63,0,56,BASIC ENERGY SERVICES-KENNEDY,0,3,608,2021,2021Q3,2021-08,8,Energy,stage1
2021-08-09,Garland Behvaioral Hospital,Dallas,Dallas County WDA,2021-10-07,2021-08-10,Garland,0,0,1,59,1,119,GARLAND BEHVAIORAL HOSPITAL,0,330,325,2021,2021Q3,2021-08,6,Healthcare,stage1
2021-08-02,Interim Healthcare-San Antonio,Bexar,Alamo WDA,2021-10-01,2021-08-03,San Antonio,0,0,1,60,0,366,INTERIM HEALTHCARE,0,200,238,2021,2021Q3,2021-08,4,Healthcare,stage1
2021-07-27,Crothall Healthcare-DeTar Healthcare,Victoria,Golden Crescent WDA,2021-09-30,2021-08-03,Victoria,0,0,1,65,0,53,CROTHALL HEALTHCARE-DETAR HEALTHCARE,0,5,6,2021,2021Q3,2021-07,4,Healthcare,stage1
2021-07-27,Management & Training-Willacy County Regional Correction,Willacy,Lower Rio Grande Valley WDA,2021-09-30,2021-07-27,Raymondville,0,0,1,65,0,186,MANAGEMENT TRAINING-WILLACY COUNTY REGIONAL CORRECTION,0,3,38,2021,2021Q3,2021-07,8,Public_Nonprofit,stage1
2021-07-09,U.S. Well Services - Pleasanton,Atascosa,Alamo WDA,2021-09-07,2021-07-12,Pleasanton,0,0,1,60,0,66,U S WELL SERVICES - PLEASANTON,1,8,238,2021,2021Q3,2021-07,0,Unknown,unresolved
2021-07-07,Tranter Inc.,Wichita,North Texas WDA,2021-10-01,2021-07-08,Wichita Falls,0,0,1,86,0,78,TRANTER,0,3,10,2021,2021Q3,2021-07,0,Unknown,unresolved
2021-07-03,Fusion Logistics Inc. - Farmers Branch,Dallas,Dallas County WDA,2021-07-12,2021-07-08,Farmers Branch,0,0,1,9,1,57,FUSION LOGISTICS - FARMERS BRANCH,0,330,325,2021,2021Q3,2021-07,6,Logistics_Transportation,stage1
2021-07-03,Fusion Logistics Inc. - Garland,Dallas,Dallas County WDA,2021-07-12,2021-07-08,Garland,0,0,1,9,1,50,FUSION LOGISTICS,1,330,325,2021,2021Q3,2021-07,6,Logistics_Transportation,stage1
2021-07-03,Fusion Logistics  Inc. - Coppell,Dallas,Dallas County WDA,2021-07-12,2021-07-08,Coppell,0,0,1,9,1,62,FUSION LOGISTICS - COPPELL,0,330,325,2021,2021Q3,2021-07,6,Logistics_Transportation,stage1
2021-07-03,Fusion Logistics Inc. - Ft. Worth,Tarrant,Tarrant County WDA,2021-07-12,2021-07-08,Fort Worth,0,0,1,9,1,53,FUSION LOGISTICS - FT WORTH,0,207,213,2021,2021Q3,2021-07,6,Logistics_Transportation,stage1
2021-07-03,Fusion Logistics Inc. - Houston,Harris,Gulf Coast WDA,2021-07-12,2021-07-08,Houston,0,0,1,9,1,81,FUSION LOGISTICS,1,429,608,2021,2021Q3,2021-07,6,Logistics_Transportation,stage1
2021-07-01,"XPO Logistics Supply Chain, LLC",Bexar,Alamo WDA,2021-08-02,2021-07-23,San Antonio,0,0,1,32,1,29,XPO LOGISTICS SUPPLY CHAIN,0,200,238,2021,2021Q3,2021-07,8,Logistics_Transportation,stage1
2021-07-01,Turner Industries,Lamar,North East Texas WDA,2021-08-30,2021-07-01,Paris,0,0,1,60,0,250,TURNER INDUSTRIES,1,9,21,2021,2021Q3,2021-07,6,Construction_Real_Estate,stage1
2021-07-01,"Cubic ITS, Inc.",Fort Bend,Gulf Coast WDA,2022-02-01,2021-07-01,Sugar Land,0,0,1,215,0,80,CUBIC ITS,0,88,608,2021,2021Q3,2021-07,0,Unknown,unresolved
2021-06-16,TT Electronics (IRC),Nueces,Coastal Bend WDA,2021-08-16,2021-06-17,Corpus Christi,0,0,1,61,0,73,TT ELECTRONICS,0,20,26,2021,2021Q2,2021-06,2,Manufacturing,stage1
2021-06-07,Electronic Transaction Consultants,Dallas,Dallas County WDA,2021-07-30,2021-06-07,Richardson,0,0,1,53,1,34,ELECTRONIC TRANSACTION CONSULTANTS,1,330,325,2021,2021Q2,2021-06,0,Unknown,unresolved
2021-06-04,"Progenity, Inc.-Fuller Dr.",Dallas,Dallas County WDA,2021-08-06,2021-06-07,Irving,0,0,1,63,0,51,PROGENITY -FULLER DR,0,330,325,2021,2021Q2,2021-06,0,Unknown,unresolved
2021-06-01,"Progenity, Inc.-Riverside Dr.",Dallas,Dallas County WDA,2021-08-06,2021-06-07,Irving,0,0,1,66,0,9,PROGENITY -RIVERSIDE DR,0,330,325,2021,2021Q2,2021-06,0,Unknown,unresolved
2021-06-01,"Mattison Pathology, LLP dba Avero Diagnotics",Dallas,Dallas County WDA,2021-08-06,2021-06-07,Irving,0,0,1,66,0,5,MATTISON PATHOLOGY AVERO DIAGNOTICS,1,330,325,2021,2021Q2,2021-06,6,Healthcare,stage1
2021-06-01,Mattison Pathollogy dba Avero Diagnotics-Fuller Dr.,Dallas,Dallas County WDA,2021-08-06,2021-06-07,Irving,0,0,1,66,0,7,MATTISON PATHOLLOGY AVERO DIAGNOTICS-FULLER DR,0,330,325,2021,2021Q2,2021-06,0,Unknown,unresolved
2021-06-01,Katerra Inc.,Dallas,Dallas County WDA,2021-06-04,2021-06-01,Carrollton,0,0,1,3,1,82,KATERRA,0,330,325,2021,2021Q2,2021-06,0,Unknown,unresolved
2021-06-01,Texas Golden Peanut -ADM,El Paso,Borderplexjobs WDA,2021-07-31,2021-06-03,El Paso,0,0,1,60,0,86,TEXAS GOLDEN PEANUT -ADM,0,49,51,2021,2021Q2,2021-06,0,Unknown,unresolved
2021-05-25,Probe Group North America LLC,Denton,North Central Texas WDA,2021-07-31,2021-06-01,Lewisville,0,0,1,67,0,150,PROBE GROUP NORTH AMERICA,0,56,185,2021,2021Q2,2021-05,0,Unknown,unresolved
2021-05-24,U.S. Well Services,Tom Green,Concho Valley WDA,2021-07-20,2021-05-24,San Angelo,0,0,1,57,1,63,U S WELL SERVICES,0,9,16,2021,2021Q2,2021-05,0,Unknown,unresolved
2021-05-24,U.S. Well Services - Pleasanton,Atascosa,Alamo WDA,2021-07-23,2021-05-24,Pleasanton,0,0,1,60,0,108,U S WELL SERVICES - PLEASANTON,1,8,238,2021,2021Q2,2021-05,0,Unknown,unresolved
2021-05-20,"AIG Technologies, Inc.",Tarrant,Tarrant County WDA,2021-07-23,2021-05-20,Fort Worth,0,0,1,64,0,63,AIG TECHNOLOGIES,0,207,213,2021,2021Q2,2021-05,2,Technology_IT,stage1
2021-05-14,The Children's Shelter-Family Tapestry,Bexar,Alamo WDA,2021-07-13,2021-05-17,San Antonio,0,0,1,60,0,93,THE CHILDREN S SHELTER-FAMILY TAPESTRY,1,200,238,2021,2021Q2,2021-05,4,Public_Nonprofit,stage1
2021-05-12,Legend Energy Service-Longview,Gregg,East Texas WDA,2021-05-15,2021-05-20,Longview,0,0,1,3,1,118,LEGEND ENERGY SERVICE-LONGVIEW,0,13,39,2021,2021Q2,2021-05,2,Energy,stage1
2021-05-06,Aramark Educational Services - SFASU,Nacogdoches,Deep East Texas WDA,2021-06-30,2021-05-20,Nacogdoches,0,0,1,55,1,215,ARAMARK EDUCATIONAL SERVICES - SFASU,0,4,12,2021,2021Q2,2021-05,6,Staffing_Services,stage1
2021-05-03,Reliant Transportation,Denton,North Central Texas WDA,2021-05-29,2021-05-04,Justin,0,0,1,26,1,259,RELIANT TRANSPORTATION,1,56,185,2021,2021Q2,2021-05,4,Logistics_Transportation,stage1
2021-05-03,Reliant Transportation-West Lot,Tarrant,Tarrant County WDA,2021-05-29,2021-05-04,Haslet,0,0,1,26,1,98,RELIANT TRANSPORTATION,1,207,213,2021,2021Q2,2021-05,4,Logistics_Transportation,stage1
2021-04-29,EnerVest Ltd.,Harris,Gulf Coast WDA,2021-06-28,2021-04-30,Houston,0,0,1,60,0,111,ENERVEST,0,429,608,2021,2021Q2,2021-04,0,Unknown,unresolved
2021-04-28,Concentrix CVG,Webb,South Texas WDA,2021-08-21,2021-04-28,Laredo,0,0,1,115,0,422,CONCENTRIX CVG,1,17,17,2021,2021Q2,2021-04,0,Unknown,unresolved
2021-04-26,Art Asset-Dallas,Dallas,Dallas County WDA,2021-04-23,2021-05-12,Grand Prairie,0,1,0,,,7,ART ASSET,1,330,325,2021,2021Q2,2021-04,0,Unknown,unresolved
2021-04-26,Art Asset-Austin 1,Travis,Capital Area WDA,2021-04-23,2021-05-12,Austin,0,1,0,,,5,ART ASSET,1,169,166,2021,2021Q2,2021-04,0,Unknown,unresolved
2021-04-26,Art Asset-Houston,Harris,Gulf Coast WDA,2021-04-23,2021-05-12,Houston,0,1,0,,,12,ART ASSET,1,429,608,2021,2021Q2,2021-04,0,Unknown,unresolved
2021-04-26,Art Asset-San Antonio North,Bexar,Alamo WDA,2021-04-23,2021-05-12,San Antonio,0,1,0,,,3,ART ASSET,1,200,238,2021,2021Q2,2021-04,0,Unknown,unresolved
2021-04-26,Art Asset-San Antonio Central,Bexar,Alamo WDA,2021-04-23,2021-05-12,San Antonio,0,1,0,,,2,ART ASSET,1,200,238,2021,2021Q2,2021-04,0,Unknown,unresolved
2021-04-26,Art Asset-Austin Corporate,Williamson,Rural Capital WDA,2021-04-23,2021-05-12,Austin,0,1,0,,,9,ART ASSET,1,35,67,2021,2021Q2,2021-04,0,Unknown,unresolved
2021-04-26,Art Asset-El Paso,El Paso,Borderplexjobs WDA,2021-04-23,2021-05-12,El Paso,0,1,0,,,1,ART ASSET,1,49,51,2021,2021Q2,2021-04,0,Unknown,unresolved
2021-04-26,Art Asset-Killeen,Bell,Central Texas WDA,2021-04-23,2021-05-12,Killeen,0,1,0,,,2,ART ASSET,1,14,14,2021,2021Q2,2021-04,0,Unknown,unresolved
2021-04-26,Art Asset-Brownsville,Hidalgo,Lower Rio Grande Valley WDA,2021-04-23,2021-05-12,Weslaco,0,1,0,,,2,ART ASSET-BROWNSVILLE,0,35,38,2021,2021Q2,2021-04,0,Unknown,unresolved
2021-04-26,"Conduit Global-kgb USA, Inc.",Bexar,Alamo WDA,2021-07-26,2021-04-29,San Antonio,0,0,1,91,0,245,CONDUIT GLOBAL-KGB USA,0,200,238,2021,2021Q2,2021-04,0,Unknown,unresolved
2021-04-23,"Texas Capital Bank, NA - MCA",Dallas,Dallas County WDA,2021-05-07,2021-05-10,Richardson,0,0,1,14,1,95,TEXAS CAPITAL BANK NA - MCA,0,330,325,2021,2021Q2,2021-04,8,Finance,stage1
2021-04-20,Five Star Senior Living Inc.,Bexar,Alamo WDA,2021-04-30,2021-04-27,San Antonio,0,0,1,10,1,63,FIVE STAR SENIOR LIVING,0,200,238,2021,2021Q2,2021-04,2,Public_Nonprofit,stage1
2021-04-19,Sodexo-Texoma Medical Center,Grayson,Texoma WDA,2021-06-20,2021-04-29,Denison,0,0,1,62,0,105,SODEXO-TEXOMA MEDICAL CENTER,0,8,9,2021,2021Q2,2021-04,8,Healthcare,ambiguous_resolved
2021-04-16,Leidos-VA Austin IT Center,Travis,Capital Area WDA,2021-06-06,2021-04-13,Austin,0,0,1,51,1,140,LEIDOS-VA AUSTIN IT CENTER,0,169,166,2021,2021Q2,2021-04,0,Unknown,unresolved
2021-04-15,Union Pacific Palestine Car Facility,Anderson,East Texas WDA,2021-06-14,2021-04-27,Palestine,0,0,1,60,0,57,UNION PACIFIC PALESTINE CAR FACILITY,0,3,39,2021,2021Q2,2021-04,0,Unknown,unresolved
2021-04-15,Frontier Communications Corp.-Citizens Telecom Services,Collin,North Central Texas WDA,2021-06-30,2021-04-15,Allen,0,0,1,76,0,33,FRONTIER COMMUNICATIONS -CITIZENS TELECOM SERVICES,0,92,185,2021,2021Q2,2021-04,2,Technology_IT,stage1
2021-04-15,Kindred Hospital - Mansfield,Tarrant,Tarrant County WDA,2021-06-14,2021-04-15,Mansfield,0,0,1,60,0,156,KINDRED HOSPITAL - MANSFIELD,0,207,213,2021,2021Q2,2021-04,6,Healthcare,stage1
2021-04-09,GDC Technics,Bexar,Alamo WDA,2021-04-09,2021-04-15,San Antonio,0,0,1,0,1,56,GDC TECHNICS,0,200,238,2021,2021Q2,2021-04,2,Technology_IT,stage1
2021-04-09,GDC Technics - Ft. Worth,Denton,North Central Texas WDA,2021-04-09,2021-04-15,Fort Worth,0,0,1,0,1,120,GDC TECHNICS - FT WORTH,0,56,185,2021,2021Q2,2021-04,2,Technology_IT,stage1
2021-03-31,"Fresenius Health Partners, I c.",Travis,Capital Area WDA,2021-05-31,2021-04-06,Austin,0,0,1,61,0,121,FRESENIUS HEALTH PARTNERS I C,0,169,166,2021,2021Q1,2021-03,2,Healthcare,stage1
2021-03-31,Furr's Fresh Buffet-McAllen,Hidalgo,Lower Rio Grande Valley WDA,2021-06-04,2021-03-31,McAllen,0,0,1,65,0,71,FURR S FRESH BUFFET-MCALLEN,0,35,38,2021,2021Q1,2021-03,2,Retail_Food,stage1
2021-03-25,Ovintive USA Inc.,Karnes,Alamo WDA,2021-07-31,2021-03-25,Karnes City,0,0,1,128,0,95,OVINTIVE USA,0,3,238,2021,2021Q1,2021-03,0,Unknown,unresolved
2021-03-23,"CSG Systems, Inc.",Travis,Capital Area WDA,2021-06-30,2021-03-29,Austin,0,0,1,99,0,57,CSG SYSTEMS,0,169,166,2021,2021Q1,2021-03,2,Technology_IT,stage1
2021-03-18,"Thyssenkrupp Supply Chain Services, Inc.",Harris,Gulf Coast WDA,2021-07-31,2021-03-18,Houston,0,0,1,135,0,30,THYSSENKRUPP SUPPLY CHAIN SERVICES,0,429,608,2021,2021Q1,2021-03,2,Logistics_Transportation,stage1
2021-03-18,Renaissance Dallas Addison Hotel,Dallas,Dallas County WDA,2020-03-16,2021-03-22,Addison,0,1,0,,,134,RENAISSANCE DALLAS ADDISON HOTEL,0,330,325,2021,2021Q1,2021-03,6,Retail_Food,stage1
2021-03-18,Dallas Marriott Las Colinas,Dallas,Dallas County WDA,2020-03-16,2021-03-22,Irving,0,1,0,,,59,DALLAS MARRIOTT LAS COLINAS,0,330,325,2021,2021Q1,2021-03,6,Retail_Food,stage1
2021-03-18,Renaisance Dallas Addison Hotel - Ft. Worth,Tarrant,Tarrant County WDA,2020-03-16,2021-03-22,Ft. Worth,0,1,0,,,53,RENAISANCE DALLAS ADDISON HOTEL - FT WORTH,0,207,213,2021,2021Q1,2021-03,6,Retail_Food,stage1
2021-03-12,Hilton-Austin,Travis,Capital Area WDA,2021-02-18,2021-03-26,Austin,0,1,0,,,64,HILTON,1,169,166,2021,2021Q1,2021-03,6,Retail_Food,stage1
2021-03-09,Walmart #5931,Dallas,Dallas County WDA,2021-03-30,2021-03-09,Dallas,0,0,1,21,1,217,WALMART 5931,0,330,325,2021,2021Q1,2021-03,6,Retail_Food,stage1
2021-03-05,"Wonderful Citrus Packing, LLC",Hidalgo,Lower Rio Grande Valley WDA,2021-03-04,2021-03-12,Mission,0,1,0,,,141,WONDERFUL CITRUS PACKING,0,35,38,2021,2021Q1,2021-03,0,Unknown,unresolved
2021-03-02,"Relyant Global, LLC",Hidalgo,Cameron County WDA,2021-05-07,2021-03-02,San Juan,0,0,1,66,0,70,RELYANT GLOBAL,0,35,38,2021,2021Q1,2021-03,0,Unknown,unresolved
2021-02-25,West Texas Medical Associates,Tom Green,Concho Valley WDA,2021-04-03,2021-03-05,San Angelo,0,0,1,37,1,114,WEST TEXAS MEDICAL ASSOCIATES,0,9,16,2021,2021Q1,2021-02,2,Healthcare,stage1
2021-02-21,American Airlines-DFW,Tarrant,Tarrant County WDA,2020-04-01,2021-03-08,DFW Airport,0,1,0,,,2475,AMERICAN AIRLINES,1,207,213,2021,2021Q1,2021-02,6,Logistics_Transportation,stage1
2021-02-15,Coca Cola North America,Dallas,Dallas County WDA,2021-04-15,2021-03-04,Grand Prairie,0,0,1,59,1,76,COCA COLA NORTH AMERICA,0,330,325,2021,2021Q1,2021-02,0,Unknown,unresolved
2021-02-10,Hilton Anatole,Dallas,Dallas County WDA,2021-04-10,2021-03-11,Dallas,0,0,1,59,1,206,HILTON ANATOLE,1,330,325,2021,2021Q1,2021-02,6,Retail_Food,stage1
2021-02-08,Seadrill Americas-West Neptune,Harris,Gulf Coast WDA,2021-03-01,2021-03-05,Houston,0,0,1,21,1,162,SEADRILL AMERICAS,1,429,608,2021,2021Q1,2021-02,6,Logistics_Transportation,ambiguous_resolved
2021-02-08,CBRE,Dallas,Dallas County WDA,2021-04-30,2021-02-11,Dallas,0,0,1,81,0,193,CBRE,0,330,325,2021,2021Q1,2021-02,2,Staffing_Services,stage1
2021-02-05,American Airlines-DFW Hangar,Tarrant,Tarrant County WDA,2021-04-01,2021-03-08,DFW Airport,0,0,1,55,1,50,AMERICAN AIRLINES,1,207,213,2021,2021Q1,2021-02,6,Logistics_Transportation,stage1
2021-02-05,American Airlines-DFW Admin Bldg,Tarrant,Tarrant County WDA,2020-04-01,2021-03-08,DFW Airport,0,1,0,,,16,AMERICAN AIRLINES,1,207,213,2021,2021Q1,2021-02,6,Logistics_Transportation,stage1
2021-02-05,American Airlines-HDQ,Tarrant,Tarrant County WDA,2020-04-01,2021-03-08,Ft. Worth,0,1,0,,,229,AMERICAN AIRLINES,1,207,213,2021,2021Q1,2021-02,6,Logistics_Transportation,stage1
2021-02-05,American Airlines-HDQ2,Tarrant,Tarrant County WDA,2021-04-01,2021-03-09,Ft. Worth,0,0,1,55,1,41,AMERICAN AIRLINES,1,207,213,2021,2021Q1,2021-02,6,Logistics_Transportation,stage1
2021-02-05,American Airlines - Ft Worth,Tarrant,Tarrant County WDA,2021-04-02,2021-03-08,Fort Worth,0,0,1,56,1,9,AMERICAN AIRLINES - FT WORTH,0,207,213,2021,2021Q1,2021-02,6,Logistics_Transportation,stage1
2021-02-05,American Airlines-Flight Training,Tarrant,Tarrant County WDA,2021-04-01,2021-03-08,Ft. Worth,0,0,1,55,1,103,AMERICAN AIRLINES-FLIGHT TRAINING,0,207,213,2021,2021Q1,2021-02,6,Logistics_Transportation,stage1
2021-02-05,American Airlines-Delta Hanger,Dallas,Dallas County WDA,2020-04-01,2021-03-08,DFW Airport,0,1,0,,,38,AMERICAN AIRLINES-DELTA HANGER,0,330,325,2021,2021Q1,2021-02,6,Logistics_Transportation,stage1
2021-02-05,American Airlines-SRO,Tarrant,Tarrant County WDA,2021-04-01,2021-03-08,Ft. Worth,0,0,1,55,1,2,AMERICAN AIRLINES-SRO,1,207,213,2021,2021Q1,2021-02,6,Logistics_Transportation,stage1
2021-02-01,Columbia Commercial Building Products,Rockwall,North Central Texas WDA,2021-04-02,2021-03-05,Rockwall,0,0,1,60,0,59,COLUMBIA COMMERCIAL BUILDING PRODUCTS,0,4,185,2021,2021Q1,2021-02,0,Unknown,unresolved
2021-01-28,"Trinity Rail Maintenance Services, Inc.",Orange,South East Texas WDA,2021-04-30,2021-01-28,Vidor,0,0,1,92,0,59,TRINITY RAIL MAINTENANCE SERVICES,0,8,27,2021,2021Q1,2021-01,2,Logistics_Transportation,ambiguous_resolved
2021-01-28,CACI-ISS,Bexar,Alamo WDA,2021-02-28,2021-02-02,San Antonio,0,0,1,31,1,73,CACI-ISS,0,200,238,2021,2021Q1,2021-01,2,Staffing_Services,stage1
2021-01-27,Baylor Scott & White Health-Elm St,Dallas,Dallas County WDA,2021-03-03,2021-03-05,Dallas,0,0,1,35,1,46,BAYLOR SCOTT WHITE HEALTH-ELM ST,0,330,325,2021,2021Q1,2021-01,2,Healthcare,stage1
2021-01-27,Baylor Scott & White Health-Main St,Dallas,Dallas County WDA,2021-03-03,2021-03-05,Dallas,0,0,1,35,1,25,BAYLOR SCOTT WHITE HEALTH-MAIN ST,0,330,325,2021,2021Q1,2021-01,2,Healthcare,stage1
2021-01-27,Baylor Scott & White Health-Round Rock,Williamson,Rural Capital WDA,2021-03-03,2021-03-05,Round Rock,0,0,1,35,1,83,BAYLOR SCOTT WHITE HEALTH-ROUND ROCK,0,35,67,2021,2021Q1,2021-01,2,Healthcare,stage1
2021-01-27,Baylor Scott & White Health-Austin,Travis,Capital Area WDA,2021-03-03,2021-03-05,Austin,0,0,1,35,1,62,BAYLOR SCOTT WHITE HEALTH,0,169,166,2021,2021Q1,2021-01,2,Healthcare,stage1
2021-01-25,Lucite International,Jefferson,South East Texas WDA,2021-05-01,2021-01-28,Nederland,0,0,1,96,0,99,LUCITE INTERNATIONAL,0,20,27,2021,2021Q1,2021-01,0,Unknown,unresolved
2021-01-21,Gibraltar US,Cameron,Cameron County WDA,2021-03-22,2021-01-22,San Benito,0,0,1,60,0,96,GIBRALTAR US,0,37,38,2021,2021Q1,2021-01,0,Unknown,unresolved
2021-01-14,Johnson Controls-Ruskin Rooftop Systems,Dallas,Dallas County WDA,2021-03-31,2021-01-22,Carrollton,0,0,1,76,0,151,JOHNSON CONTROLS-RUSKIN ROOFTOP SYSTEMS,0,330,325,2021,2021Q1,2021-01,2,Technology_IT,stage1
2021-01-14,Alliance Data Card Services,Bexar,Alamo WDA,2021-04-01,2021-01-15,San Antonio,0,0,1,77,0,50,ALLIANCE DATA CARD SERVICES,0,200,238,2021,2021Q1,2021-01,2,Technology_IT,stage1
2021-01-13,ADS Alliance Data Systems,Bexar,Alamo WDA,2021-04-01,2021-01-27,San Antonio,0,0,1,78,0,50,ADS ALLIANCE DATA SYSTEMS,0,200,238,2021,2021Q1,2021-01,4,Technology_IT,stage1
2021-01-08,"Par-Pak, Inc.",Harris,Gulf Coast WDA,2021-03-25,2021-01-08,Houston,0,0,1,76,0,1,PAR-PAK,0,429,608,2021,2021Q1,2021-01,0,Unknown,unresolved
2021-01-08,Albertsons #3064,Harris,Gulf Coast WDA,2021-02-20,2021-01-08,Bellaire,0,0,1,43,1,67,ALBERTSONS 3064,0,429,608,2021,2021Q1,2021-01,0,Unknown,unresolved
2021-01-06,"VT Industries, Inc.",Bexar,Alamo WDA,2021-03-12,2021-01-22,Universal City,0,0,1,65,0,104,VT INDUSTRIES,0,200,238,2021,2021Q1,2021-01,6,Manufacturing,stage1
2021-01-06,Transform SR LLC-San Antonio,Bexar,Alamo WDA,2021-03-07,2021-01-22,San Antonio,0,0,1,60,0,67,TRANSFORM SR,0,200,238,2021,2021Q1,2021-01,0,Unknown,unresolved
2021-01-05,DHL - Baytown,Harris,Gulf Coast WDA,2021-03-15,2021-01-06,Baytown,0,0,1,69,0,97,DHL - BAYTOWN,0,429,608,2021,2021Q1,2021-01,0,Unknown,unresolved
2020-12-22,IBEX,Comal,Alamo WDA,2021-02-16,2020-12-23,New Braunfels,0,0,1,56,1,248,IBEX,0,11,238,2020,2020Q4,2020-12,0,Unknown,unresolved
2020-12-22,BoomerangTube LLC - FM 3361,Liberty,Gulf Coast WDA,2020-12-23,2020-12-30,Liberty,0,0,1,1,1,150,BOOMERANGTUBE - FM 3361,0,5,608,2020,2020Q4,2020-12,0,Unknown,unresolved
2020-12-21,ACCC Insurance Company,Harris,Gulf Coast WDA,2020-12-30,2020-12-21,Houston,0,0,1,9,1,122,ACCC INSURANCE COMPANY,0,429,608,2020,2020Q4,2020-12,6,Finance,stage1
2020-12-15,"Halliburton Energy Services, Inc. - Carrollton",Dallas,Dallas County WDA,2020-12-15,2020-12-15,Carrollton,0,0,1,0,1,216,HALLIBURTON ENERGY SERVICES - CARROLLTON,0,330,325,2020,2020Q4,2020-12,8,Energy,stage1
2020-12-15,"Parsley Energy, Inc. - Midland",Midland,Permian Basin WDA,2021-02-15,2020-12-15,Midland,0,0,1,62,0,100,PARSLEY ENERGY,0,37,83,2020,2020Q4,2020-12,2,Energy,stage1
2020-12-15,EVO Transportation,Travis,Capital Area WDA,2021-01-09,2020-12-16,Austin,0,0,1,25,1,104,EVO TRANSPORTATION,0,169,166,2020,2020Q4,2020-12,4,Logistics_Transportation,stage1
2020-12-14,Hyatt Regency DFW,Tarrant,Tarrant County WDA,2020-12-04,2020-12-15,DFW Airport,0,1,0,,,111,HYATT REGENCY DFW,1,207,213,2020,2020Q4,2020-12,6,Retail_Food,stage1
2020-12-14,Manitou Equipment America,McLennan,Heart of Texas WDA,2021-02-26,2020-12-15,Waco,0,0,1,74,0,149,MANITOU EQUIPMENT AMERICA,0,24,34,2020,2020Q4,2020-12,2,Manufacturing,stage1
2020-12-14,"Laz Parking Texas, LLC",Dallas,Dallas County WDA,2020-11-23,2020-12-16,Dallas,0,1,0,,,135,LAZ PARKING TEXAS,1,330,325,2020,2020Q4,2020-12,0,Unknown,unresolved
2020-12-10,"Patrician Window Coverings, Inc.",Harris,Gulf Coast WDA,2021-02-12,2020-12-11,Webster,0,0,1,64,0,95,PATRICIAN WINDOW COVERINGS,0,429,608,2020,2020Q4,2020-12,2,Energy,stage1
2020-12-08,Morrison Healthcare - University of Texas Medical Branch,Galveston,Gulf Coast WDA,2020-12-23,2020-12-11,Galveston,0,0,1,15,1,149,MORRISON HEALTHCARE - UNIVERSITY OF TEXAS MEDICAL BRANCH,0,9,608,2020,2020Q4,2020-12,6,Healthcare,stage1
2020-12-08,Angleton Danbury Hospital,Brazoria,Gulf Coast WDA,2020-12-23,2020-12-11,Angleton,0,0,1,15,1,12,ANGLETON DANBURY HOSPITAL,0,13,608,2020,2020Q4,2020-12,6,Healthcare,stage1
2020-12-08,League City Campus Hospital,Galveston,Gulf Coast WDA,2020-12-23,2020-12-11,League City,0,0,1,15,1,15,LEAGUE CITY CAMPUS HOSPITAL,0,9,608,2020,2020Q4,2020-12,6,Healthcare,stage1
2020-12-08,Clear Lake Campus Hospital,Harris,Gulf Coast WDA,2020-12-23,2020-12-11,Webster,0,0,1,15,1,27,CLEAR LAKE CAMPUS HOSPITAL,0,429,608,2020,2020Q4,2020-12,6,Healthcare,stage1
2020-12-08,LEH-S Presa St,Bexar,Alamo WDA,2021-02-03,2020-12-16,San Antonio,0,0,1,57,1,33,LEH-S PRESA ST,0,200,238,2020,2020Q4,2020-12,0,Unknown,unresolved
2020-12-08,LEH -BDA Crossing,Bexar,Alamo WDA,2021-02-03,2020-12-16,San Antonio,0,0,1,57,1,50,LEH -BDA CROSSING,0,200,238,2020,2020Q4,2020-12,0,Unknown,unresolved
2020-12-08,LEH-Elmendorf,Bexar,Alamo WDA,2021-02-03,2020-12-16,Elmendorf,0,0,1,57,1,5,LEH-ELMENDORF,0,200,238,2020,2020Q4,2020-12,0,Unknown,unresolved
2020-12-08,LEH-Falls City,Karnes,Alamo WDA,2021-02-03,2020-12-16,Falls City,0,0,1,57,1,4,LEH-FALLS CITY,0,3,238,2020,2020Q4,2020-12,2,Public_Nonprofit,stage1
2020-12-08,Allied Universal Security Services,Tarrant,Tarrant County WDA,2021-01-31,2020-12-09,Arlington,0,0,1,54,1,88,ALLIED UNIVERSAL SECURITY SERVICES,1,207,213,2020,2020Q4,2020-12,6,Staffing_Services,stage1
2020-12-08,Tom Thumb #2574,Tarrant,Tarrant County WDA,2021-02-27,2020-12-10,Ft. Worth,0,0,1,81,0,11,TOM THUMB 2574,0,207,213,2020,2020Q4,2020-12,6,Retail_Food,stage1
2020-12-08,Tom Thumb #2642,Dallas,Dallas County WDA,2021-02-27,2020-12-10,Dallas,0,0,1,81,0,17,TOM THUMB 2642,0,330,325,2020,2020Q4,2020-12,6,Retail_Food,stage1
2020-12-08,Tom Thumb #1788,Collin,North Central Texas WDA,2021-02-27,2020-12-10,Plano,0,0,1,81,0,17,TOM THUMB 1788,0,92,185,2020,2020Q4,2020-12,6,Retail_Food,stage1
2020-12-08,Tom Thumb #1786,Dallas,Dallas County WDA,2021-02-27,2020-12-10,Grand Prairie,0,0,1,81,0,16,TOM THUMB 1786,0,330,325,2020,2020Q4,2020-12,6,Retail_Food,stage1
2020-12-08,Tom Thumb #2578,Dallas,Dallas County WDA,2021-02-27,2020-12-10,Garland,0,0,1,81,0,10,TOM THUMB 2578,0,330,325,2020,2020Q4,2020-12,6,Retail_Food,stage1
2020-12-08,Tom Thumb #3658,Tarrant,Tarrant County WDA,2021-02-27,2020-12-10,Arlington,0,0,1,81,0,16,TOM THUMB 3658,0,207,213,2020,2020Q4,2020-12,6,Retail_Food,stage1
2020-12-08,Tom Thumb #1781,Dallas,Dallas County WDA,2021-02-27,2020-12-10,Coppell,0,0,1,81,0,10,TOM THUMB 1781,0,330,325,2020,2020Q4,2020-12,6,Retail_Food,stage1
2020-12-07,"Parsley Energy, Inc.-Congress Ave",Travis,Capital Area WDA,2021-02-08,2020-12-10,Austin,0,0,1,63,0,85,PARSLEY ENERGY -CONGRESS AVE,0,169,166,2020,2020Q4,2020-12,2,Energy,stage1
2020-12-07,"Parsley Energy, Inc.-ABA",Travis,Capital Area WDA,2021-02-08,2020-12-10,Austin,0,0,1,63,0,2,PARSLEY ENERGY -ABA,0,169,166,2020,2020Q4,2020-12,2,Energy,stage1
2020-12-07,"Parsley Energy, Inc.-Colorado St.",Travis,Capital Area WDA,2021-02-08,2020-12-10,Austin,0,0,1,63,0,147,PARSLEY ENERGY -COLORADO ST,0,169,166,2020,2020Q4,2020-12,2,Energy,stage1
2020-12-04,Francesca's Holdings Corp - Clay Rd.,Harris,Gulf Coast WDA,2021-01-13,2020-12-04,Houston,0,0,1,40,1,223,FRANCESCA S HOLDINGS - CLAY RD,0,429,608,2020,2020Q4,2020-12,0,Unknown,unresolved
2020-12-04,"Sable Permian Resourcces Operating, LLC - Big Lake",Reagan,Concho Valley WDA,2021-02-02,2020-12-08,Big Lake,0,0,1,60,0,81,SABLE PERMIAN RESOURCCES OPERATING - BIG LAKE,0,4,16,2020,2020Q4,2020-12,2,Energy,stage1
2020-12-04,"Sable Permian Resources Operating, LLC",Harris,Gulf Coast WDA,2021-02-02,2020-12-08,Houston,0,0,1,60,0,100,SABLE PERMIAN RESOURCES OPERATING,0,429,608,2020,2020Q4,2020-12,2,Energy,stage1
2020-12-03,Southwest - Customer Service & Support,Bexar,Alamo WDA,2021-03-15,2020-12-04,San Antonio,0,0,1,102,0,106,SOUTHWEST - CUSTOMER SERVICE SUPPORT,0,200,238,2020,2020Q4,2020-12,2,Logistics_Transportation,stage1
2020-03-05,Concentrix CVG,Webb,South Texas WDA,2020-05-04,2020-03-05,Laredo,0,0,1,60,0,135,CONCENTRIX CVG,1,17,17,2020,2020Q1,2020-03,0,Unknown,unresolved
2020-12-03,Southwest - San Antonio Int'l Airport,Bexar,Alamo WDA,2021-03-05,2020-12-04,San Antonio,0,0,1,92,0,36,SOUTHWEST,1,200,238,2020,2020Q4,2020-12,4,Logistics_Transportation,stage1
2020-12-03,Southwest - Customer Service and Support,Harris,Gulf Coast WDA,2021-03-15,2020-12-04,Houston,0,0,1,102,0,79,SOUTHWEST - CUSTOMER SERVICE AND SUPPORT,0,429,608,2020,2020Q4,2020-12,2,Logistics_Transportation,stage1
2020-12-03,Southwest-Dallas Love Field,Dallas,Dallas County WDA,2021-03-15,2020-12-10,Dallas,0,0,1,102,0,465,SOUTHWEST,1,330,325,2020,2020Q4,2020-12,0,Unknown,unresolved
2020-12-03,Southwest-ABA,Travis,Capital Area WDA,2021-03-15,2020-12-10,Austin,0,0,1,102,0,77,SOUTHWEST-ABA,0,169,166,2020,2020Q4,2020-12,0,Unknown,unresolved
2020-12-03,Southwest-Dallas,Dallas,Dallas County WDA,2021-04-01,2020-12-10,Dallas,0,0,1,119,0,10,SOUTHWEST,1,330,325,2020,2020Q4,2020-12,0,Unknown,unresolved
2020-12-03,Southwest - William P. Hobby,Harris,Gulf Coast WDA,2021-03-15,2020-12-04,Houston,0,0,1,102,0,54,SOUTHWEST - WILLIAM P HOBBY,0,429,608,2020,2020Q4,2020-12,0,Unknown,unresolved
2020-12-02,Exxon Mobil Campus,Harris,Gulf Coast WDA,2021-02-02,2020-12-03,Spring,0,0,1,62,0,677,EXXON MOBIL CAMPUS,0,429,608,2020,2020Q4,2020-12,12,Energy,stage1
2020-12-02,ExxonMobil Hughes Landing - 1735,Montgomery,Gulf Coast WDA,2021-02-02,2020-12-03,The Woodlands,0,0,1,62,0,35,EXXONMOBIL HUGHES LANDING - 1735,0,42,608,2020,2020Q4,2020-12,12,Energy,stage1
2020-12-02,ExxonMobil Hughes Landing - 1725,Montgomery,Gulf Coast WDA,2021-02-02,2020-12-03,The Woodlands,0,0,1,62,0,10,EXXONMOBIL HUGHES LANDING - 1725,0,42,608,2020,2020Q4,2020-12,12,Energy,stage1
2020-11-30,Stork  (A FLUOR Company),Liberty,Gulf Coast WDA,2021-01-29,2020-11-30,Dayton,0,0,1,60,0,18,STORK,0,5,608,2020,2020Q4,2020-11,6,Construction_Real_Estate,stage1
2020-11-30,Fluor - Port Neches,Jefferson,South East Texas WDA,2021-01-29,2020-11-30,Port Neches,0,0,1,60,0,113,FLUOR - PORT NECHES,0,20,27,2020,2020Q4,2020-11,6,Construction_Real_Estate,stage1
2020-11-30,ConocoPhillips - 935 N.,Harris,Gulf Coast WDA,2021-02-01,2020-12-03,Houston,0,0,1,63,0,,CONOCOPHILLIPS - 935 N,0,429,608,2020,2020Q4,2020-11,0,Unknown,unresolved
2020-11-30,ConocoPhillips - Park Row,Harris,Gulf Coast WDA,2021-02-01,2020-12-03,Houston,0,0,1,63,0,,CONOCOPHILLIPS - PARK ROW,0,429,608,2020,2020Q4,2020-11,0,Unknown,unresolved
2020-11-24,Compass Group Eurest - Airport FWY,Tarrant,Tarrant County WDA,2020-12-01,2020-11-25,Fort Worth,0,0,1,7,1,2,COMPASS GROUP EUREST - AIRPORT FWY,0,207,213,2020,2020Q4,2020-11,6,Staffing_Services,ambiguous_resolved
2020-11-24,Compass Group Eurest - Hwy 360,Tarrant,Tarrant County WDA,2020-12-01,2020-11-25,Fort Worth,0,0,1,7,1,12,COMPASS GROUP EUREST - HWY 360,0,207,213,2020,2020Q4,2020-11,6,Staffing_Services,stage1
2020-11-24,Compass Group Eurest - American Blvd.,Tarrant,Tarrant County WDA,2020-12-01,2020-11-25,Fort Worth,0,0,1,7,1,2,COMPASS GROUP EUREST - AMERICAN BLVD,0,207,213,2020,2020Q4,2020-11,6,Staffing_Services,stage1
2020-11-24,Compass Group Eurest - One Transformation Way,Tarrant,Tarrant County WDA,2020-12-01,2020-11-25,Fort Worth,0,0,1,7,1,4,COMPASS GROUP EUREST - ONE TRANSFORMATION WAY,0,207,213,2020,2020Q4,2020-11,6,Staffing_Services,stage1
2020-11-24,Compass Group Eurest,Tarrant,Tarrant County WDA,2020-12-01,2020-11-25,Fort Worth,0,0,1,7,1,32,COMPASS GROUP EUREST,0,207,213,2020,2020Q4,2020-11,6,Staffing_Services,stage1
2020-11-24,"Hilite Industries-Automotive, LLC",Dallas,Dallas County WDA,2021-01-19,2020-11-24,Carrollton,0,0,1,56,1,139,HILITE INDUSTRIES-AUTOMOTIVE,0,330,325,2020,2020Q4,2020-11,2,Manufacturing,stage1
2020-11-24,Compass Group Eurest - 4501 Hwy 360,Tarrant,Tarrant County WDA,2020-12-01,2020-11-25,Fort Worth,0,0,1,7,1,37,COMPASS GROUP EUREST - 4501 HWY 360,0,207,213,2020,2020Q4,2020-11,6,Staffing_Services,stage1
2020-11-18,Tailored Shared Services,Harris,Gulf Coast WDA,2020-08-21,2020-11-18,Houston,0,1,0,,,61,TAILORED SHARED SERVICES,0,429,608,2020,2020Q4,2020-11,0,Unknown,unresolved
2020-11-18,Southwest-Hobby Airport,Harris,Gulf Coast WDA,2021-01-25,2020-11-18,Houston,0,0,1,68,0,35,SOUTHWEST-HOBBY AIRPORT,0,429,608,2020,2020Q4,2020-11,4,Logistics_Transportation,stage1
2020-11-18,Southwest - Dallas Lovefield Airport,Dallas,Dallas County WDA,2021-01-25,2020-11-18,Dallas,0,0,1,68,0,82,SOUTHWEST,1,330,325,2020,2020Q4,2020-11,4,Logistics_Transportation,stage1
2020-11-13,XPO Logistics Supply-Lancaster,Dallas,Dallas County WDA,2021-01-10,2020-11-13,Lancaster,0,0,1,58,1,53,XPO LOGISTICS SUPPLY-LANCASTER,0,330,325,2020,2020Q4,2020-11,6,Logistics_Transportation,stage1
2020-11-12,Electronic Transaction Consultants,Dallas,Dallas County WDA,2021-01-04,2020-11-12,Richardson,0,0,1,53,1,68,ELECTRONIC TRANSACTION CONSULTANTS,1,330,325,2020,2020Q4,2020-11,0,Unknown,unresolved
2020-11-06,Sodexo-El Paso,El Paso,Borderplexjobs WDA,2020-03-01,2020-11-09,El Paso,0,1,0,,,177,SODEXO,1,49,51,2020,2020Q4,2020-11,6,Staffing_Services,stage1
2020-11-06,Southwest - Dallas Lovefield Airport,Dallas,Dallas County WDA,2021-01-11,2020-11-06,Dallas,0,0,1,66,0,8,SOUTHWEST,1,330,325,2020,2020Q4,2020-11,4,Logistics_Transportation,stage1
2020-11-06,Southwest - William P. Hobby Airport,Harris,Gulf Coast WDA,2021-01-11,2020-11-06,Houston,0,0,1,66,0,8,SOUTHWEST - WILLIAM P HOBBY AIRPORT,0,429,608,2020,2020Q4,2020-11,4,Logistics_Transportation,stage1
2020-11-06,Sodexo-Austin,Travis,Capital Area WDA,2020-03-01,2020-11-09,Austin,0,1,0,,,80,SODEXO,1,169,166,2020,2020Q4,2020-11,6,Staffing_Services,stage1
2020-11-02,CDI HS - Muleshoe Center,Bailey,South Plains WDA,2020-12-31,2020-11-05,Muleshoe,0,0,1,59,1,9,CDI HS - MULESHOE CENTER,0,1,29,2020,2020Q4,2020-11,0,Unknown,unresolved
2020-11-02,CDI HS - Central Office Admin,Webb,South Texas WDA,2020-12-31,2020-11-05,Laredo,0,0,1,59,1,13,CDI HS - CENTRAL OFFICE ADMIN,0,17,17,2020,2020Q4,2020-11,0,Unknown,unresolved
2020-11-02,CDI HS - Alice Center,Jim Wells,Coastal Bend WDA,2020-12-31,2020-11-05,Alice,0,0,1,59,1,13,CDI HS - ALICE CENTER,0,2,26,2020,2020Q4,2020-11,0,Unknown,unresolved
2020-11-02,CDI HS - Crystal City Satellite,Zavala,Middle Rio Grande WDA,2020-12-31,2020-11-05,Crystal City,0,0,1,59,1,10,CDI HS - CRYSTAL CITY SATELLITE,0,1,15,2020,2020Q4,2020-11,2,Public_Nonprofit,stage1
2020-11-02,CDI HS - Eagle Pass II Center,Maverick,Middle Rio Grande WDA,2020-12-31,2020-11-05,Eagle Pass,0,0,1,59,1,20,CDI HS - EAGLE PASS II CENTER,0,7,15,2020,2020Q4,2020-11,0,Unknown,unresolved
2020-11-02,CDI HS - Eagle Pass I/T Center,Maverick,Middle Rio Grande WDA,2020-12-31,2020-11-05,Eagle Pass,0,0,1,59,1,25,CDI HS - EAGLE PASS I/T CENTER,0,7,15,2020,2020Q4,2020-11,0,Unknown,unresolved
2020-11-02,CDI HS - Falfurrias Center,Brooks,Coastal Bend WDA,2020-12-31,2020-11-05,Falfurrias,0,0,1,59,1,14,CDI HS - FALFURRIAS CENTER,0,1,26,2020,2020Q4,2020-11,0,Unknown,unresolved
2020-11-02,CDI HS - Floydada Center,Floyd,South Plains WDA,2020-12-31,2020-11-05,Floydada,0,0,1,59,1,9,CDI HS - FLOYDADA CENTER,0,1,29,2020,2020Q4,2020-11,0,Unknown,unresolved
2020-11-02,CDI HS - Henry Bonilla Center,Webb,South Texas WDA,2020-12-31,2020-11-05,Laredo,0,0,1,59,1,13,CDI HS - HENRY BONILLA CENTER,0,17,17,2020,2020Q4,2020-11,0,Unknown,unresolved
2020-11-02,CDI HS - Laredo Norton Admin,Webb,South Texas WDA,2020-12-31,2020-11-05,Laredo,0,0,1,59,1,19,CDI HS,1,17,17,2020,2020Q4,2020-11,0,Unknown,unresolved
2020-11-02,CDI HS - Mathis Center,San Patricio,Coastal Bend WDA,2020-12-31,2020-11-05,Mathis,0,0,1,59,1,15,CDI HS - MATHIS CENTER,0,1,26,2020,2020Q4,2020-11,0,Unknown,unresolved
2020-11-02,CDI HS - Pearsall Center,Frio,Alamo WDA,2020-12-31,2020-11-05,Pearsall,0,0,1,59,1,10,CDI HS - PEARSALL CENTER,0,6,238,2020,2020Q4,2020-11,0,Unknown,unresolved
2020-11-02,CDI HS - Plainview Center,Hale,South Plains WDA,2020-12-31,2020-11-05,Plainview,0,0,1,59,1,5,CDI HS - PLAINVIEW CENTER,0,4,29,2020,2020Q4,2020-11,0,Unknown,unresolved
2020-11-02,CDI HS - Rio Grande City Center,Starr,Lower Rio Grande Valley WDA,2020-12-31,2020-11-05,Rio Grande City,0,0,1,59,1,25,CDI HS - RIO GRANDE CITY CENTER,0,2,38,2020,2020Q4,2020-11,2,Public_Nonprofit,stage1
2020-11-02,CDI HS - Roma Center,Starr,Lower Rio Grande Valley WDA,2020-12-31,2020-11-05,Roma,0,0,1,59,1,23,CDI HS - ROMA CENTER,0,2,38,2020,2020Q4,2020-11,0,Unknown,unresolved
2020-11-02,CDI HS - Uvalde Center,Uvalde,Middle Rio Grande WDA,2020-12-31,2020-11-05,Uvalde,0,0,1,59,1,12,CDI HS - UVALDE CENTER,0,1,15,2020,2020Q4,2020-11,0,Unknown,unresolved
2020-11-02,CDI HS - Lubbock Center,Lubbock,South Plains WDA,2020-12-31,2020-11-05,Lubbock,0,0,1,59,1,14,CDI HS,1,20,29,2020,2020Q4,2020-11,0,Unknown,unresolved
2020-10-29,Alorica-Austin,Travis,Capital Area WDA,2020-12-31,2020-10-29,Austin,0,0,1,63,0,712,ALORICA,0,169,166,2020,2020Q4,2020-10,0,Unknown,unresolved
2020-10-28,Cheddar's Scratch Kitchen - McAllen,Hidalgo,Lower Rio Grande Valley WDA,2020-12-30,2020-10-28,McAllen,0,0,1,63,0,52,CHEDDAR S SCRATCH KITCHEN - MCALLEN,0,35,38,2020,2020Q4,2020-10,0,Unknown,unresolved
2020-10-27,Regal Cinema-Tomball,Harris,Gulf Coast WDA,2020-10-08,2020-10-27,Tomball,0,1,0,,,51,REGAL CINEMA-TOMBALL,1,429,608,2020,2020Q4,2020-10,12,Retail_Food,stage1
2020-10-27,Regal Cinema-Houston,Harris,Gulf Coast WDA,2020-10-08,2020-10-27,Houston,0,1,0,,,49,REGAL CINEMA,1,429,608,2020,2020Q4,2020-10,12,Retail_Food,stage1
2020-10-27,VillaSport - Katy,Fort Bend,Gulf Coast WDA,2020-12-21,2020-10-27,Katy,0,0,1,55,1,43,VILLASPORT - KATY,0,88,608,2020,2020Q4,2020-10,2,Logistics_Transportation,stage1
2020-10-27,VillaSport - Cypress,Harris,Gulf Coast WDA,2020-12-21,2020-10-27,Cypress,0,0,1,55,1,47,VILLASPORT - CYPRESS,0,429,608,2020,2020Q4,2020-10,2,Logistics_Transportation,stage1
2020-10-27,VillaSport,Montgomery,Gulf Coast WDA,2020-12-21,2020-10-27,The Woodlands,0,0,1,55,1,48,VILLASPORT,0,42,608,2020,2020Q4,2020-10,2,Logistics_Transportation,stage1
2020-10-23,Grand Hyatt Dallas-Ft Worth,Tarrant,Tarrant County WDA,2020-03-22,2020-10-26,DFW Airport,0,1,0,,,75,GRAND HYATT DALLAS-FT WORTH,0,207,213,2020,2020Q4,2020-10,6,Retail_Food,stage1
2020-10-22,"Remedy Applications, Inc.",Travis,Capital Area WDA,2020-10-22,2020-10-26,Austin,0,0,1,0,1,82,REMEDY APPLICATIONS,0,169,166,2020,2020Q4,2020-10,0,Unknown,unresolved
2020-10-20,Transform SR LLC - Round Rock,Williamson,Rural Capital WDA,2020-12-12,2020-10-20,Round Rock,0,0,1,53,1,170,TRANSFORM SR - ROUND ROCK,0,35,67,2020,2020Q4,2020-10,0,Unknown,unresolved
2020-10-20,Methodist Southlake Hospital,Denton,Tarrant County WDA,2020-12-19,2020-10-20,Southlake,0,0,1,60,0,153,METHODIST SOUTHLAKE HOSPITAL,0,56,213,2020,2020Q4,2020-10,6,Healthcare,stage1
2020-10-16,Aramark-Whataburger Field,Nueces,Coastal Bend WDA,2020-10-16,2020-10-21,Corpus Ch,0,0,1,0,1,86,ARAMARK-WHATABURGER FIELD,0,20,26,2020,2020Q4,2020-10,8,Retail_Food,ambiguous_resolved
2020-10-16,Aramark-Minute Maid Park,Harris,Gulf Coast WDA,2020-10-16,2020-10-21,Houston,0,0,1,0,1,751,ARAMARK-MINUTE MAID PARK,0,429,608,2020,2020Q4,2020-10,6,Staffing_Services,stage1
2020-10-16,Aramark-Cynthia Woods Mitchell Pavillion,Montgomery,Gulf Coast WDA,2020-10-16,2020-10-21,The Woodlands,0,0,1,0,1,75,ARAMARK-CYNTHIA WOODS MITCHELL PAVILLION,0,42,608,2020,2020Q4,2020-10,6,Staffing_Services,stage1
2020-10-16,Hyatt Regency Hotel,Dallas,Dallas County WDA,2020-03-18,2020-10-19,Dallas,0,1,0,,,101,HYATT REGENCY HOTEL,0,330,325,2020,2020Q4,2020-10,12,Retail_Food,stage1
2020-10-16,Aramark - AT&T Center,Bexar,Alamo WDA,2020-10-16,2020-10-19,San Antonio,0,0,1,0,1,287,ARAMARK - AT T CENTER,0,200,238,2020,2020Q4,2020-10,6,Staffing_Services,stage1
2020-10-15,Transocean Offshore Deepwater Drilling-Deepwater Asgard,Harris,Gulf Coast WDA,2020-12-01,2020-10-21,Houston,0,0,1,47,1,100,TRANSOCEAN OFFSHORE DEEPWATER DRILLING-DEEPWATER ASGARD,0,429,608,2020,2020Q4,2020-10,8,Energy,stage1
2020-10-13,Wyndham - Riverside Suites Sales,Bexar,Alamo WDA,2020-09-18,2020-10-14,San Antonio,0,1,0,,,3,WYNDHAM - RIVERSIDE SUITES SALES,0,200,238,2020,2020Q4,2020-10,0,Unknown,unresolved
2020-10-13,Turner Industries,Lamar,North East Texas WDA,2020-12-11,2020-10-13,Paris,0,0,1,59,1,190,TURNER INDUSTRIES,1,9,21,2020,2020Q4,2020-10,6,Construction_Real_Estate,stage1
2020-10-05,"Securitas Critical Infrastructure Services, Inc.",Somervell,North Central Texas WDA,2020-12-07,2020-10-05,Glen Rose,0,0,1,63,0,142,SECURITAS CRITICAL INFRASTRUCTURE SERVICES,0,3,185,2020,2020Q4,2020-10,2,Construction_Real_Estate,stage1
2020-09-29,The Expo Group Inc.,Dallas,Dallas County WDA,2020-03-11,2020-09-29,Irving,0,1,0,,,114,THE EXPO GROUP,0,330,325,2020,2020Q3,2020-09,6,Retail_Food,stage1
2020-09-18,Freeman Company-Davis St.,Dallas,Dallas County WDA,2020-09-23,2020-09-21,Dallas,0,0,1,5,1,33,FREEMAN COMPANY-DAVIS ST,0,330,325,2020,2020Q3,2020-09,0,Unknown,unresolved
2020-09-18,Freeman Audio Visual -San Antonio,Bexar,Alamo WDA,2020-06-30,2020-09-21,San Antonio,0,1,0,,,1,FREEMAN AUDIO VISUAL,1,200,238,2020,2020Q3,2020-09,2,Retail_Food,stage1
2020-09-18,Freeman Company -San Antonio,Bexar,Alamo WDA,2020-06-30,2020-09-21,San Antonio,0,1,0,,,15,FREEMAN COMPANY,1,200,238,2020,2020Q3,2020-09,0,Unknown,unresolved
2020-09-18,"Freeman Corporate, LLC",Dallas,Dallas County WDA,2020-09-23,2020-09-21,Dallas,0,0,1,5,1,28,FREEMAN CORPORATE,0,330,325,2020,2020Q3,2020-09,0,Unknown,unresolved
2020-09-18,Freeman Digi Ventures,Dallas,Dallas County WDA,2020-09-23,2020-09-21,Dallas,0,0,1,5,1,3,FREEMAN DIGI VENTURES,0,330,325,2020,2020Q3,2020-09,0,Unknown,unresolved
2020-09-18,Freeman Digi Ventures-Davis St.,Dallas,Dallas County WDA,2020-09-23,2020-09-21,Dallas,0,0,1,5,1,2,FREEMAN DIGI VENTURES-DAVIS ST,0,330,325,2020,2020Q3,2020-09,0,Unknown,unresolved
2020-09-18,"Freeman Expositions, LLC",Dallas,Dallas County WDA,2020-09-23,2020-09-21,Dallas,0,0,1,5,1,21,FREEMAN EXPOSITIONS,1,330,325,2020,2020Q3,2020-09,0,Unknown,unresolved
2020-09-18,Freeman Expositions-Davis St.,Dallas,Dallas County WDA,2020-09-23,2020-09-21,Dallas,0,0,1,5,1,20,FREEMAN EXPOSITIONS-DAVIS ST,0,330,325,2020,2020Q3,2020-09,0,Unknown,unresolved
2020-09-18,Freeman Audio Visual,Dallas,Dallas County WDA,2020-09-23,2020-09-21,Dallas,0,0,1,5,1,57,FREEMAN AUDIO VISUAL,1,330,325,2020,2020Q3,2020-09,2,Retail_Food,stage1
2020-09-18,Freeman Company,Dallas,Dallas County WDA,2020-09-23,2020-09-21,Dallas,0,0,1,5,1,83,FREEMAN COMPANY,1,330,325,2020,2020Q3,2020-09,0,Unknown,unresolved
2020-09-18,Freeman Expositions,Bexar,Alamo WDA,2020-06-30,2020-09-21,San Antonio,0,1,0,,,34,FREEMAN EXPOSITIONS,1,200,238,2020,2020Q3,2020-09,0,Unknown,unresolved
2020-09-17,Sur La Table Store 17,Harris,Gulf Coast WDA,2020-09-01,2020-09-17,Houston,0,1,0,,,10,SUR LA TABLE STORE 17,0,429,608,2020,2020Q3,2020-09,2,Retail_Food,stage1
2020-09-17,P.F. Chang's -McAllen,Hidalgo,Lower Rio Grande Valley WDA,2020-03-01,2020-09-21,McAllen,0,1,0,,,75,P F CHANG S -MCALLEN,0,35,38,2020,2020Q3,2020-09,6,Retail_Food,stage1
2020-09-17,P.F. Chang's -Waco,McLennan,Heart of Texas WDA,2020-03-01,2020-09-21,Waco,0,1,0,,,75,P F CHANG S,0,24,34,2020,2020Q3,2020-09,6,Retail_Food,stage1
2020-09-17,"P.F. Chang's -Colony,TX",Denton,North Central Texas WDA,2020-03-01,2020-09-21,The Colony,0,1,0,,,75,P F CHANG S -COLONY TX,0,56,185,2020,2020Q3,2020-09,6,Retail_Food,stage1
2020-09-17,"P.F. Chang's -Allen,TX",Collin,North Central Texas WDA,2020-03-01,2020-09-21,Allen,0,1,0,,,75,P F CHANG S -ALLEN TX,0,92,185,2020,2020Q3,2020-09,6,Retail_Food,stage1
2020-09-17,P.F. Chang's -Basse Rd,Bexar,Alamo WDA,2020-03-01,2020-09-18,San Antonio,0,1,0,,,75,P F CHANG S -BASSE RD,0,200,238,2020,2020Q3,2020-09,6,Retail_Food,stage1
2020-09-04,Z Gallerie Store #68,Harris,Gulf Coast WDA,2020-07-01,2020-09-14,Houston,0,1,0,,,9,Z GALLERIE STORE 68,0,429,608,2020,2020Q3,2020-09,2,Retail_Food,stage1
2020-09-04,Z Gallerie Store #51,Dallas,Dallas County WDA,2020-07-01,2020-09-14,Dallas,0,1,0,,,6,Z GALLERIE STORE 51,0,330,325,2020,2020Q3,2020-09,2,Retail_Food,stage1
2020-09-04,JC Penney - Plano2     (Collin Creek Mall),Collin,North Central Texas WDA,2020-11-16,2020-09-11,Plano,0,0,1,73,0,144,JC PENNEY,1,92,185,2020,2020Q3,2020-09,6,Retail_Food,stage1
2020-09-04,SeaWorld of Texas LLC dba SeaWorld San Antonio dba Aquatica San Antonio,Bexar,Alamo WDA,2020-09-04,2020-09-04,San Antonio,0,0,1,0,1,242,SEAWORLD OF TEXAS SEAWORLD SAN ANTONIO AQUATICA SAN ANTONIO,0,200,238,2020,2020Q3,2020-09,0,Unknown,unresolved
2020-09-04,Z Gallerie Store #17,Tarrant,Tarrant County WDA,2020-09-15,2020-09-14,Ft. Worth,0,0,1,11,1,5,Z GALLERIE STORE 17,0,207,213,2020,2020Q3,2020-09,2,Retail_Food,stage1
2020-09-02,HPC Developer - Wild Oak Ranch Resort,Bexar,Alamo WDA,2020-11-13,2020-09-04,San Antonio,0,0,1,72,0,34,HPC DEVELOPER - WILD OAK RANCH RESORT,0,200,238,2020,2020Q3,2020-09,6,Retail_Food,stage1
2020-09-02,HV Global Mgmt Corp. - Wild Oak Ranch Resort,Bexar,Alamo WDA,2020-11-13,2020-09-04,San Antonio,0,0,1,72,0,66,HV GLOBAL MGMT - WILD OAK RANCH RESORT,0,200,238,2020,2020Q3,2020-09,6,Retail_Food,stage1
2020-09-02,HV Global Marketing Corp. - Wild Oak Ranch Resort,Bexar,Alamo WDA,2020-11-13,2020-09-04,San Antonio,0,0,1,72,0,1,HV GLOBAL MARKETING - WILD OAK RANCH RESORT,0,200,238,2020,2020Q3,2020-09,8,Retail_Food,stage1
2020-09-01,Live Nation-Austin,Travis,Capital Area WDA,2020-05-01,2020-09-04,Austin,0,1,0,,,43,LIVE NATION,1,169,166,2020,2020Q3,2020-09,0,Unknown,unresolved
2020-09-01,Live Nation-Pharr,Hidalgo,Lower Rio Grande Valley WDA,2020-05-01,2020-09-04,Pharr,0,1,0,,,253,LIVE NATION-PHARR,0,35,38,2020,2020Q3,2020-09,0,Unknown,unresolved
2020-09-01,Live Nation-Dallas,Dallas,Dallas County WDA,2020-04-01,2020-09-04,Dallas,0,1,0,,,77,LIVE NATION,1,330,325,2020,2020Q3,2020-09,0,Unknown,unresolved
2020-09-01,Live Nation-W Loop St,Harris,Gulf Coast WDA,2020-04-01,2020-09-04,Houston,0,1,0,,,51,LIVE NATION-W LOOP ST,0,429,608,2020,2020Q3,2020-09,0,Unknown,unresolved
2020-09-01,Live Nation-Caroline St,Harris,Gulf Coast WDA,2020-08-31,2020-09-04,Houston,0,1,0,,,85,LIVE NATION-CAROLINE ST,0,429,608,2020,2020Q3,2020-09,0,Unknown,unresolved
2020-08-31,Avis Budget Car Rental,Travis,Capital Area WDA,2020-04-01,2020-09-01,Austin,0,1,0,,,3,AVIS BUDGET CAR RENTAL,1,169,166,2020,2020Q3,2020-08,0,Unknown,unresolved
2020-08-30,Scoobeez - San Antonio,Bexar,Alamo WDA,2020-11-01,2020-09-03,San Antonio,0,0,1,63,0,63,SCOOBEEZ,1,200,238,2020,2020Q3,2020-08,0,Unknown,unresolved
2020-08-28,Equinor US,Travis,Capital Area WDA,2020-11-01,2020-10-02,Austin,0,0,1,65,0,228,EQUINOR US,0,169,166,2020,2020Q3,2020-08,0,Unknown,unresolved
2020-08-28,Scoobeez Inc-Farmers Branch,Dallas,Dallas County WDA,2020-11-01,2020-09-03,Farmers Branch,0,0,1,65,0,45,SCOOBEEZ -FARMERS BRANCH,0,330,325,2020,2020Q3,2020-08,0,Unknown,unresolved
2020-08-28,"Scoobeez, Inc.-Ft. Worth",Tarrant,Tarrant County WDA,2020-11-01,2020-09-03,Ft. Worth,0,0,1,65,0,89,SCOOBEEZ -FT WORTH,0,207,213,2020,2020Q3,2020-08,0,Unknown,unresolved
2020-08-28,"Scoobeez, Inc.-Garland",Dallas,Dallas County WDA,2020-11-01,2020-09-03,Garland,0,0,1,65,0,69,SCOOBEEZ,1,330,325,2020,2020Q3,2020-08,0,Unknown,unresolved
2020-08-28,"Scoobeez, Inc.-Austin",Travis,Capital Area WDA,2020-11-01,2020-09-03,Austin,0,0,1,65,0,71,SCOOBEEZ,1,169,166,2020,2020Q3,2020-08,0,Unknown,unresolved
2020-08-28,Avis Budget Car Rental-El Paso,El Paso,Borderplexjobs WDA,2020-04-01,2020-09-01,El Paso,0,1,0,,,12,AVIS BUDGET CAR RENTAL,1,49,51,2020,2020Q3,2020-08,0,Unknown,unresolved
2020-08-28,"CEC Entertainment, Inc.",Dallas,Dallas County WDA,2020-09-30,2020-09-03,Irving,0,0,1,33,1,95,CEC ENTERTAINMENT,0,330,325,2020,2020Q3,2020-08,0,Unknown,unresolved
2020-08-27,SW Hotels-Westin Galleria,Dallas,Dallas County WDA,2020-10-30,2020-08-27,Dallas,0,0,1,64,0,89,SW HOTELS,0,330,325,2020,2020Q3,2020-08,12,Retail_Food,stage1
2020-08-27,GEO Secure Services - Eagle Pass,Maverick,Middle Rio Grande WDA,2020-10-27,2020-09-01,Eagle Pass,0,0,1,61,0,174,GEO SECURE SERVICES - EAGLE PASS,0,7,15,2020,2020Q3,2020-08,0,Unknown,unresolved
2020-08-27,JW Marriot Resort and SPA - San Antonio,Bexar,Alamo WDA,2020-10-30,2020-08-28,San Antonio,0,0,1,64,0,461,JW MARRIOT RESORT AND SPA,0,200,238,2020,2020Q3,2020-08,8,Retail_Food,stage1
2020-08-27,Marriott Rivercenter Hotel,Bexar,Alamo WDA,2010-10-30,2020-08-28,San Antonio,0,1,0,,,237,MARRIOTT RIVERCENTER HOTEL,0,200,238,2020,2020Q3,2020-08,12,Retail_Food,stage1
2020-08-27,Marriott Riverwalk,Bexar,Alamo WDA,2020-10-30,2020-08-28,San Antonio,0,0,1,64,0,45,MARRIOTT RIVERWALK,0,200,238,2020,2020Q3,2020-08,6,Retail_Food,stage1
2020-08-26,Renaissance Dallas at Plano Legacy West Hotel,Collin,North Central Texas WDA,2020-10-30,2020-08-26,Plano,0,0,1,65,0,66,RENAISSANCE DALLAS AT PLANO LEGACY WEST HOTEL,0,92,185,2020,2020Q3,2020-08,6,Retail_Food,stage1
2020-08-25,Sheraton Gunter San Antonio,Bexar,Alamo WDA,2020-10-23,2020-08-25,San Antonio,0,0,1,59,1,38,SHERATON GUNTER SAN ANTONIO,0,200,238,2020,2020Q3,2020-08,6,Retail_Food,stage1
2020-08-20,Hilton-Austin,Travis,Capital Area WDA,2020-08-31,2020-08-25,Austin,0,0,1,11,1,77,HILTON,1,169,166,2020,2020Q3,2020-08,6,Retail_Food,stage1
2020-08-20,"Exela Enterprise Solutions, LLC",Travis,Capital Area WDA,2020-11-01,2020-08-21,Austin,0,0,1,73,0,81,EXELA ENTERPRISE SOLUTIONS,0,169,166,2020,2020Q3,2020-08,2,Technology_IT,stage1
2020-08-18,"Smith Industries, LLC",Midland,Permian Basin WDA,2020-08-31,2020-08-19,Midland,0,0,1,13,1,72,SMITH INDUSTRIES,0,37,83,2020,2020Q3,2020-08,0,Unknown,unresolved
2020-08-13,Rex Staffing LLC-Country Fresh Products,Harris,Gulf Coast WDA,2020-10-11,2020-08-17,Houston,0,0,1,59,1,310,REX STAFFING -COUNTRY FRESH PRODUCTS,0,429,608,2020,2020Q3,2020-08,8,Staffing_Services,stage1
2020-08-13,"IPIC Theaters, LLC",Travis,Capital Area WDA,2020-08-13,2020-08-14,Austin,0,0,1,0,1,37,IPIC THEATERS,0,169,166,2020,2020Q3,2020-08,0,Unknown,unresolved
2020-08-12,Yoga Works - Uptown,Fort Bend,Gulf Coast WDA,2020-03-17,2020-08-12,Houston,0,1,0,,,24,YOGA WORKS - UPTOWN,0,88,608,2020,2020Q3,2020-08,0,Unknown,unresolved
2020-08-12,HMS Host - San Antonio,Bexar,Alamo WDA,2020-10-15,2020-08-12,San Antonio,0,0,1,64,0,121,HMS HOST,1,200,238,2020,2020Q3,2020-08,0,Unknown,unresolved
2020-08-11,"Seadrill Americas, Inc.",Harris,Gulf Coast WDA,2020-10-01,2020-08-11,Houston,0,0,1,51,1,168,SEADRILL AMERICAS,1,429,608,2020,2020Q3,2020-08,6,Logistics_Transportation,ambiguous_resolved
2020-08-05,JC Penney - McAllen,Hidalgo,Lower Rio Grande Valley WDA,2020-07-26,2020-08-06,McAllen,0,1,0,,,137,JC PENNEY - MCALLEN,0,35,38,2020,2020Q3,2020-08,0,Unknown,unresolved
2020-08-05,The Briar Club,Harris,Gulf Coast WDA,2020-08-04,2020-08-05,Houston,0,1,0,,,23,THE BRIAR CLUB,0,429,608,2020,2020Q3,2020-08,0,Unknown,unresolved
2020-08-04,"Expedia Group, Inc.",Dallas,Dallas County WDA,2020-10-07,2020-08-04,Dallas,0,0,1,64,0,116,EXPEDIA GROUP,1,330,325,2020,2020Q3,2020-08,6,Technology_IT,stage1
2020-07-31,Hudson Group-Airport Mgt Services,Dallas,Dallas County WDA,2020-07-31,2020-07-31,Dallas,0,0,1,0,1,81,HUDSON GROUP-AIRPORT MGT SERVICES,0,330,325,2020,2020Q3,2020-07,4,Logistics_Transportation,stage1
2020-07-30,Spirit,Dallas,Dallas County WDA,2020-10-01,2020-07-30,DFW Airport,0,0,1,63,0,238,SPIRIT,0,330,325,2020,2020Q3,2020-07,0,Unknown,unresolved
2020-07-30,Wyndham - San Antonio,Bexar,Alamo WDA,2020-07-03,2020-07-30,San Antonio,0,1,0,,,139,WYNDHAM,0,200,238,2020,2020Q3,2020-07,0,Unknown,unresolved
2020-07-29,"Wyndham Revere, LLC",Dallas,Dallas County WDA,2020-09-30,2020-07-30,Dallas,0,0,1,63,0,52,WYNDHAM REVERE,0,330,325,2020,2020Q3,2020-07,0,Unknown,unresolved
2020-07-28,CWT,Bexar,Alamo WDA,2020-04-01,2020-07-29,San Antonio,0,1,0,,,102,CWT,0,200,238,2020,2020Q3,2020-07,0,Unknown,unresolved
2020-07-27,Wyndhgam Vacation Ownership,Travis,Capital Area WDA,2020-04-03,2020-07-30,Austin,0,1,0,,,81,WYNDHGAM VACATION OWNERSHIP,0,169,166,2020,2020Q3,2020-07,0,Unknown,unresolved
2020-07-27,Brennan's of Houston,Harris,Gulf Coast WDA,2020-07-27,2020-07-27,Houston,0,0,1,0,1,90,BRENNAN S OF HOUSTON,0,429,608,2020,2020Q3,2020-07,0,Unknown,unresolved
2020-07-23,Hector Garza Center,Bexar,Alamo WDA,2020-09-25,2020-07-23,San Antonio,0,0,1,64,0,140,HECTOR GARZA CENTER,0,200,238,2020,2020Q3,2020-07,0,Unknown,unresolved
2020-07-23,Hilton - Plano,Collin,North Central Texas WDA,2020-07-20,2020-07-23,Plano,0,1,0,,,105,HILTON,1,92,185,2020,2020Q3,2020-07,6,Retail_Food,stage1
2020-07-23,Visionworks #86,Bexar,Alamo WDA,2020-04-04,2020-07-07,San Antonio,0,1,0,,,9,VISIONWORKS 86,0,200,238,2020,2020Q3,2020-07,6,Retail_Food,stage1
2020-07-23,Visionworks #32,Midland,Permian Basin WDA,2020-04-04,2020-07-16,Midland,0,1,0,,,3,VISIONWORKS 32,0,37,83,2020,2020Q3,2020-07,6,Retail_Food,stage1
2020-07-21,Printpack,Orange,South East Texas WDA,2020-09-18,2020-07-21,Orange,0,0,1,59,1,58,PRINTPACK,0,8,27,2020,2020Q3,2020-07,0,Unknown,unresolved
2020-07-20,Sodexo - San Antonio,Bexar,Alamo WDA,2020-07-30,2020-07-22,San Antonio,0,0,1,10,1,319,SODEXO,1,200,238,2020,2020Q3,2020-07,6,Staffing_Services,stage1
2020-07-19,BJ Services - San Antonio,Bexar,Alamo WDA,2020-08-02,2020-07-20,San Antonio,0,0,1,14,1,195,BJ SERVICES,0,200,238,2020,2020Q3,2020-07,0,Unknown,unresolved
2020-07-17,JC Penney - Lewisville,Denton,North Central Texas WDA,2020-09-23,2020-07-17,Lewisville,0,0,1,68,0,87,JC PENNEY - LEWISVILLE,0,56,185,2020,2020Q3,2020-07,0,Unknown,unresolved
2020-07-17,Jc Penney-Dallas,Dallas,Dallas County WDA,2020-09-23,2020-07-17,Dallas,0,0,1,68,0,89,JC PENNEY,1,330,325,2020,2020Q3,2020-07,0,Unknown,unresolved
2020-07-17,Hilton Anatole,Dallas,Dallas County WDA,2020-07-17,2020-07-20,Dallas,0,0,1,0,1,620,HILTON ANATOLE,1,330,325,2020,2020Q3,2020-07,6,Retail_Food,stage1
2020-07-16,Spirit AeroSystems Inc.,Bexar,Alamo WDA,2020-08-17,2020-07-17,San Antonio,0,0,1,32,1,72,SPIRIT AEROSYSTEMS,0,200,238,2020,2020Q3,2020-07,2,Technology_IT,stage1
2020-07-16,ASARCO- Amarillo Refinery,Potter,Panhandle WDA,2020-09-15,2020-07-16,Amarillo,0,0,1,61,0,213,ASARCO,0,12,22,2020,2020Q3,2020-07,6,Manufacturing,stage1
2020-07-16,Visionworks #262,Williamson,Rural Capital WDA,2020-04-04,2020-07-16,Round Rock,0,1,0,,,8,VISIONWORKS 262,0,35,67,2020,2020Q3,2020-07,6,Retail_Food,stage1
2020-07-16,"Exterran Energy Solutions, LP - Houston",Harris,Gulf Coast WDA,2020-09-17,2020-07-16,Houston,0,0,1,63,0,174,EXTERRAN ENERGY SOLUTIONS,0,429,608,2020,2020Q3,2020-07,2,Technology_IT,ambiguous_resolved
2020-07-16,JC Penney - Plano,Collin,North Central Texas WDA,2020-09-13,2020-07-16,Plano,0,0,1,59,1,717,JC PENNEY,1,92,185,2020,2020Q3,2020-07,0,Unknown,unresolved
2020-07-13,Electro Rent,Denton,North Central Texas WDA,2020-07-01,2020-07-20,Roanoke,0,1,0,,,2,ELECTRO RENT,1,56,185,2020,2020Q3,2020-07,0,Unknown,unresolved
2020-07-10,Basic Energy Services-Denver City,Yoakum,Panhandle WDA,2020-03-10,2020-07-16,Denver City,0,1,0,,,102,BASIC ENERGY SERVICES-DENVER CITY,1,2,22,2020,2020Q3,2020-07,8,Energy,stage1
2020-07-10,"Basic Energy Services - Big Spring, TX",Howard,Permian Basin WDA,2020-03-27,2020-07-10,Big Spring,0,1,0,,,114,BASIC ENERGY SERVICES - BIG SPRING TX,0,4,83,2020,2020Q3,2020-07,8,Energy,stage1
2020-07-10,Transform SR LLC #45446,Dallas,Dallas County WDA,2020-09-11,2020-07-20,Dallas,0,0,1,63,0,57,TRANSFORM SR 45446,0,330,325,2020,2020Q3,2020-07,0,Unknown,unresolved
2020-07-09,C. Baldwin Hotel - Curio Collection by Hilton,Fort Bend,Gulf Coast WDA,2020-03-20,2020-07-09,Houston,0,1,0,,,144,C BALDWIN HOTEL - CURIO COLLECTION BY HILTON,1,88,608,2020,2020Q3,2020-07,12,Retail_Food,stage1
2020-07-09,Visionworks #120,Fort Bend,Gulf Coast WDA,2020-04-04,2020-07-09,Katy,0,1,0,,,2,VISIONWORKS 120,1,88,608,2020,2020Q3,2020-07,6,Retail_Food,stage1
2020-07-09,Pilot Thomas Logistics - Midland,Midland,Permian Basin WDA,2020-03-20,2020-07-09,Midland,0,1,0,,,56,PILOT THOMAS LOGISTICS,1,37,83,2020,2020Q3,2020-07,6,Logistics_Transportation,stage1
2020-07-09,C. Baldwin Hotel - Curio Collection by Hilton,Fort Bend,Gulf Coast WDA,2020-03-20,2020-07-09,Houston,0,1,0,,,144,C BALDWIN HOTEL - CURIO COLLECTION BY HILTON,1,88,608,2020,2020Q3,2020-07,12,Retail_Food,stage1
2020-07-09,Visionworks #120,Fort Bend,Gulf Coast WDA,2020-04-04,2020-07-09,Katy,0,1,0,,,2,VISIONWORKS 120,1,88,608,2020,2020Q3,2020-07,6,Retail_Food,stage1
2020-07-09,Pilot Thomas Logistics - Midland,Midland,Permian Basin WDA,2020-03-20,2020-07-09,Midland,0,1,0,,,56,PILOT THOMAS LOGISTICS,1,37,83,2020,2020Q3,2020-07,6,Logistics_Transportation,stage1
2020-07-08,Dallas Fort Worth International,Dallas,Dallas County WDA,2020-10-01,2020-07-09,Dallas,0,0,1,85,0,71,DALLAS FORT WORTH INTERNATIONAL,0,330,325,2020,2020Q3,2020-07,0,Unknown,unresolved
2020-07-08,"Borusan Mannesmann Pipe U.S., Inc.",Harris,Gulf Coast WDA,2020-07-01,2020-07-08,Baytown,0,1,0,,,114,BORUSAN MANNESMANN PIPE U S,0,429,608,2020,2020Q3,2020-07,2,Manufacturing,stage1
2020-07-07,Transocean Deepwater Inc.- Discover Inspiration,Fort Bend,Gulf Coast WDA,2020-09-15,2020-07-07,Houston,0,0,1,70,0,110,TRANSOCEAN DEEPWATER - DISCOVER INSPIRATION,0,88,608,2020,2020Q3,2020-07,0,Unknown,unresolved
2020-07-03,"GSC Wholesale, LLC dba Grocers Supply",Harris,Gulf Coast WDA,2020-09-04,2020-07-07,Houston,0,0,1,63,0,90,GSC WHOLESALE GROCERS SUPPLY,0,429,608,2020,2020Q3,2020-07,0,Unknown,unresolved
2020-07-02,Brident-Westheimer Rd,Harris,Gulf Coast WDA,2020-07-31,2020-07-02,Houston,0,0,1,29,1,6,BRIDENT,0,429,608,2020,2020Q3,2020-07,6,Healthcare,stage1
2020-07-02,Brident-Broadway,Harris,Gulf Coast WDA,2020-07-31,2020-07-02,Houston,0,0,1,29,1,4,BRIDENT-BROADWAY,0,429,608,2020,2020Q3,2020-07,6,Healthcare,stage1
2020-07-02,Brident-Long Point RD,Harris,Gulf Coast WDA,2020-07-31,2020-07-02,Houston,0,0,1,29,1,3,BRIDENT-LONG POINT RD,0,429,608,2020,2020Q3,2020-07,6,Healthcare,stage1
2020-07-02,Brident-Tidwell Rd,Harris,Gulf Coast WDA,2020-07-31,2020-07-02,Houston,0,0,1,29,1,3,BRIDENT-TIDWELL RD,0,429,608,2020,2020Q3,2020-07,6,Healthcare,stage1
2020-07-02,Brident-Edgebrook Dr,Harris,Gulf Coast WDA,2020-07-31,2020-07-02,Houston,0,0,1,29,1,2,BRIDENT-EDGEBROOK DR,0,429,608,2020,2020Q3,2020-07,6,Healthcare,stage1
2020-07-02,Brident-E. Fwy,Harris,Gulf Coast WDA,2020-07-31,2020-07-02,Houston,0,0,1,29,1,2,BRIDENT-E FWY,0,429,608,2020,2020Q3,2020-07,6,Healthcare,stage1
2020-07-02,Brident-W Camp Widsom,Dallas,Dallas County WDA,2020-07-31,2020-07-02,Dallas,0,0,1,29,1,4,BRIDENT-W CAMP WIDSOM,0,330,325,2020,2020Q3,2020-07,6,Healthcare,stage1
2020-07-02,Brident-Crosstimbers,Harris,Gulf Coast WDA,2020-07-31,2020-07-02,Houston,0,0,1,29,1,2,BRIDENT-CROSSTIMBERS,0,429,608,2020,2020Q3,2020-07,6,Healthcare,stage1
2020-07-02,Brident-Greens Rd,Harris,Gulf Coast WDA,2020-07-31,2020-07-02,Houston,0,0,1,29,1,1,BRIDENT-GREENS RD,0,429,608,2020,2020Q3,2020-07,6,Healthcare,stage1
2020-07-02,Brident-Airline Dr.,Harris,Gulf Coast WDA,2020-07-31,2020-07-02,Houston,0,0,1,29,1,3,BRIDENT-AIRLINE DR,0,429,608,2020,2020Q3,2020-07,6,Logistics_Transportation,ambiguous_resolved
2020-07-02,Brident-Gulf Fwy,Harris,Gulf Coast WDA,2020-07-31,2020-07-02,Houston,0,0,1,29,1,5,BRIDENT-GULF FWY,0,429,608,2020,2020Q3,2020-07,6,Healthcare,stage1
2020-07-02,Brident-SW Military,Bexar,Alamo WDA,2020-07-31,2020-07-02,San Antonio,0,0,1,29,1,5,BRIDENT-SW MILITARY,0,200,238,2020,2020Q3,2020-07,6,Healthcare,stage1
2020-07-02,Brident-W. Bellfort Ave,Harris,Gulf Coast WDA,2020-07-31,2020-07-02,Houston,0,0,1,29,1,5,BRIDENT-W BELLFORT AVE,0,429,608,2020,2020Q3,2020-07,6,Healthcare,stage1
2020-07-02,Brident-8706 Fredericksburg,Bexar,Alamo WDA,2020-07-31,2020-07-02,San Antonio,0,0,1,29,1,1,BRIDENT-8706 FREDERICKSBURG,0,200,238,2020,2020Q3,2020-07,6,Healthcare,stage1
2020-07-02,Brident-W Commerce,Bexar,Alamo WDA,2020-07-31,2020-07-02,San Antonio,0,0,1,29,1,3,BRIDENT-W COMMERCE,0,200,238,2020,2020Q3,2020-07,6,Healthcare,stage1
2020-07-02,Brident-3655 Fredericksburg,Bexar,Alamo WDA,2020-07-31,2020-07-02,San Antonio,0,0,1,29,1,1,BRIDENT-3655 FREDERICKSBURG,0,200,238,2020,2020Q3,2020-07,6,Healthcare,stage1
2020-07-02,Brident-2000 SE. Loop,Bexar,Alamo WDA,2020-07-31,2020-07-02,San Antonio,0,0,1,29,1,1,BRIDENT-2000 SE LOOP,0,200,238,2020,2020Q3,2020-07,6,Healthcare,stage1
2020-07-02,Brident-Bellaire bBlvd,Harris,Gulf Coast WDA,2020-07-31,2020-07-02,Houston,0,0,1,29,1,5,BRIDENT-BELLAIRE BBLVD,0,429,608,2020,2020Q3,2020-07,6,Healthcare,stage1
2020-07-01,Electro Rent,Denton,North Central Texas WDA,2020-07-01,2020-07-01,Roanoke,0,0,1,0,1,3,ELECTRO RENT,1,56,185,2020,2020Q3,2020-07,0,Unknown,unresolved
2020-06-30,The Lycra Co.,Harris,Gulf Coast WDA,2020-08-31,2020-06-30,La Porte,0,0,1,62,0,79,THE LYCRA,0,429,608,2020,2020Q2,2020-06,6,Manufacturing,stage1
2020-06-30,PCC Wyman Gordon,Harris,Gulf Coast WDA,2020-07-02,2020-06-30,Houston,0,0,1,2,1,10,PCC WYMAN GORDON,0,429,608,2020,2020Q2,2020-06,0,Unknown,unresolved
2020-06-29,Hard Rock Café-San Antonio,Bexar,Alamo WDA,2020-04-13,2020-06-29,San Antonio,0,1,0,,,138,HARD ROCK CAFÉ,1,200,238,2020,2020Q2,2020-06,0,Unknown,unresolved
2020-06-26,Spire Hospitality-Embassy Suites,Webb,South Texas WDA,2020-07-01,2020-06-29,Laredo,0,0,1,5,1,58,SPIRE HOSPITALITY-EMBASSY SUITES,0,17,17,2020,2020Q2,2020-06,6,Healthcare,stage1
2020-06-25,PV Fluid Products Inc.,Harris,Gulf Coast WDA,2020-06-08,2020-06-29,Houston,0,1,0,,,113,PV FLUID PRODUCTS,0,429,608,2020,2020Q2,2020-06,0,Unknown,unresolved
2020-06-25,Kimpton Hotel,Travis,Capital Area WDA,2020-06-30,2020-06-30,Austin,0,0,1,5,1,180,KIMPTON HOTEL,0,169,166,2020,2020Q2,2020-06,6,Retail_Food,stage1
2020-06-22,Van Vleck Paint Shop,Matagorda,Gulf Coast WDA,2020-08-21,2020-06-23,Bay City,0,0,1,60,0,10,VAN VLECK PAINT SHOP,0,3,608,2020,2020Q2,2020-06,2,Manufacturing,ambiguous_resolved
2020-06-22,Clute Fabrication Shop,Brazoria,Gulf Coast WDA,2020-08-21,2020-06-23,Clute,0,0,1,60,0,46,CLUTE FABRICATION SHOP,0,13,608,2020,2020Q2,2020-06,12,Manufacturing,stage1
2020-06-22,Bradshaw State Jail,Rusk,East Texas WDA,2020-07-03,2020-06-22,Henderson,0,0,1,11,1,229,BRADSHAW STATE JAIL,0,5,39,2020,2020Q2,2020-06,2,Public_Nonprofit,stage1
2020-06-17,Pounds Photo Lab,Dallas,Dallas County WDA,2020-07-01,2020-06-18,Dallas,0,0,1,14,1,61,POUNDS PHOTO LAB,0,330,325,2020,2020Q2,2020-06,0,Unknown,unresolved
2020-06-15,Adeputs Health dba FCER Management LLC,Dallas,Dallas County WDA,2020-08-15,2020-06-18,Irving,0,0,1,61,0,96,ADEPUTS HEALTH FCER MANAGEMENT,0,330,325,2020,2020Q2,2020-06,2,Healthcare,stage1
2020-06-15,Hyatt Regency DFW,Tarrant,Tarrant County WDA,2020-03-22,2020-06-15,DFW Airport,0,1,0,,,210,HYATT REGENCY DFW,1,207,213,2020,2020Q2,2020-06,6,Retail_Food,stage1
2020-06-12,Hyatt Corp dba Miraval Austin Wellness Resort & Spa,Travis,Capital Area WDA,2020-03-22,2020-06-12,Austin,0,1,0,,,137,HYATT MIRAVAL AUSTIN WELLNESS RESORT SPA,0,169,166,2020,2020Q2,2020-06,14,Retail_Food,stage1
2020-06-12,Hyatt Regency - Austin,Travis,Capital Area WDA,2020-03-15,2020-06-12,Austin,0,1,0,,,224,HYATT REGENCY,1,169,166,2020,2020Q2,2020-06,6,Retail_Food,stage1
2020-06-11,Grand Hyatt San Antonio,Bexar,Alamo WDA,2020-03-22,2020-06-12,San Antonio,0,1,0,,,271,GRAND HYATT SAN ANTONIO,0,200,238,2020,2020Q2,2020-06,6,Retail_Food,stage1
2020-06-11,Owens-Corning - Amarillo,Randall,Panhandle WDA,2020-08-05,2020-06-11,Amarillo,0,0,1,55,1,205,OWENS-CORNING,0,2,22,2020,2020Q2,2020-06,0,Unknown,unresolved
2020-06-11,Hotel Contessa,Bexar,Alamo WDA,2020-06-13,2020-06-11,San Antonio,0,0,1,2,1,84,HOTEL CONTESSA,0,200,238,2020,2020Q2,2020-06,6,Retail_Food,stage1
2020-06-08,Hyatt Regency - Houston,Fort Bend,Gulf Coast WDA,2020-03-22,2020-06-09,Houston,0,1,0,,,260,HYATT REGENCY,1,88,608,2020,2020Q2,2020-06,6,Retail_Food,stage1
2020-06-08,Ritz Carlton - Dallas,Dallas,Dallas County WDA,2020-03-14,2020-06-08,Dallas,0,1,0,,,365,RITZ CARLTON,0,330,325,2020,2020Q2,2020-06,0,Unknown,unresolved
2020-06-05,"Seadrill Americas, Inc.",Harris,Gulf Coast WDA,2020-06-16,2020-06-08,Houston,0,0,1,11,1,135,SEADRILL AMERICAS,1,429,608,2020,2020Q2,2020-06,6,Logistics_Transportation,ambiguous_resolved
2020-06-04,Gaylord - Grapevine,Tarrant,Tarrant County WDA,2020-03-16,2020-06-05,Grapevine,0,1,0,,,1426,GAYLORD - GRAPEVINE,0,207,213,2020,2020Q2,2020-06,0,Unknown,unresolved
2020-06-01,Sound Inpatient Physicians Inc.,Tarrant,Tarrant County WDA,2020-06-01,2020-06-03,Westlake,0,0,1,0,1,33,SOUND INPATIENT PHYSICIANS,0,207,213,2020,2020Q2,2020-06,2,Healthcare,stage1
2020-06-01,Echo Locum Tenens Inc.,Tarrant,Tarrant County WDA,2020-06-01,2020-06-03,Westlake,0,0,1,0,1,13,ECHO LOCUM TENENS,0,207,213,2020,2020Q2,2020-06,0,Unknown,unresolved
2020-06-01,"GE Engine Services, L.P.",Hidalgo,Lower Rio Grande Valley WDA,2020-06-12,2020-06-01,McAllen,0,0,1,11,1,257,GE ENGINE SERVICES L P,0,35,38,2020,2020Q2,2020-06,0,Unknown,unresolved
2020-06-01,Turner Industries-Corpus Christi,Nueces,Coastal Bend WDA,2020-06-25,2020-06-03,Corpus Ch,0,0,1,24,1,40,TURNER INDUSTRIES,1,20,26,2020,2020Q2,2020-06,6,Construction_Real_Estate,stage1
2020-06-01,St. Regis Houston,Fort Bend,Gulf Coast WDA,2020-03-21,2020-06-03,Houston,0,1,0,,,180,ST REGIS HOUSTON,0,88,608,2020,2020Q2,2020-06,0,Unknown,unresolved
2020-05-31,Jim's Formal Wear,Guadalupe,Alamo WDA,2020-03-20,2020-04-15,Seguin,0,1,0,,,44,JIM S FORMAL WEAR,0,2,238,2020,2020Q2,2020-05,6,Retail_Food,stage1
2020-05-29,Renaissance Hotel,Travis,Capital Area WDA,2020-03-21,2020-05-29,Austin,0,1,0,,,243,RENAISSANCE HOTEL,0,169,166,2020,2020Q2,2020-05,6,Retail_Food,stage1
2020-05-29,Collins Aerospace,Harris,Gulf Coast WDA,2020-07-31,2020-05-28,Houston,0,0,1,63,0,144,COLLINS AEROSPACE,0,429,608,2020,2020Q2,2020-05,2,Retail_Food,stage1
2020-05-29,Allied Aviation-Southlake,Tarrant,Tarrant County WDA,2020-04-20,2020-05-29,Southlake,0,1,0,,,50,ALLIED AVIATION,1,207,213,2020,2020Q2,2020-05,6,Logistics_Transportation,stage1
2020-05-29,85C Bakery-Katy,Harris,Gulf Coast WDA,2020-06-12,2020-05-29,Katy,0,0,1,14,1,1,85C BAKERY-KATY,0,429,608,2020,2020Q2,2020-05,2,Retail_Food,stage1
2020-05-29,Live by Loews,Tarrant,Tarrant County WDA,2020-05-27,2020-05-29,Arlington,0,1,0,,,153,LIVE BY LOEWS,0,207,213,2020,2020Q2,2020-05,0,Unknown,unresolved
2020-05-29,Holiday Inn Club Vacations-Pantego,Tarrant,Tarrant County WDA,2020-05-21,2020-05-29,Pantego,0,1,0,,,307,HOLIDAY INN CLUB VACATIONS-PANTEGO,1,207,213,2020,2020Q2,2020-05,6,Retail_Food,stage1
2020-05-29,85 C Bakery Café,Harris,Gulf Coast WDA,2020-06-12,2020-05-29,Friendswood,0,0,1,14,1,9,85 C BAKERY CAFÉ,0,429,608,2020,2020Q2,2020-05,2,Retail_Food,stage1
2020-05-28,Benchmark Electronics,Brazoria,Gulf Coast WDA,2021-01-01,2020-05-29,Angleton,0,0,1,218,0,190,BENCHMARK ELECTRONICS,0,13,608,2020,2020Q2,2020-05,2,Manufacturing,stage1
2020-05-27,ECFMG-Clinical Skills Exam,Harris,Gulf Coast WDA,2020-06-12,2020-05-29,Houston,0,0,1,16,1,103,ECFMG-CLINICAL SKILLS EXAM,0,429,608,2020,2020Q2,2020-05,6,Healthcare,stage1
2020-05-26,First Texas Hospital Cy-Fair,Harris,Gulf Coast WDA,2020-07-26,2020-05-29,Houston,0,0,1,61,0,62,FIRST TEXAS HOSPITAL CY-FAIR,0,429,608,2020,2020Q2,2020-05,6,Healthcare,stage1
2020-05-22,Sheraton Austin,Travis,Capital Area WDA,2020-05-21,2020-05-27,Austin,0,1,0,,,99,SHERATON AUSTIN,0,169,166,2020,2020Q2,2020-05,6,Retail_Food,stage1
2020-05-22,ProPetro-Coil Tubing Operations,Midland,Permian Basin WDA,2020-05-27,2020-05-29,Midland,0,0,1,5,1,32,PROPETRO-COIL TUBING OPERATIONS,1,37,83,2020,2020Q2,2020-05,8,Energy,stage1
2020-05-22,"Laz Parking Texas, LLC",Dallas,Dallas County WDA,2020-03-08,2020-05-29,Dallas,0,1,0,,,310,LAZ PARKING TEXAS,1,330,325,2020,2020Q2,2020-05,0,Unknown,unresolved
2020-05-22,The Moran at City Center,Harris,Gulf Coast WDA,2020-05-22,2020-05-29,Houston,0,0,1,0,1,47,THE MORAN AT CITY CENTER,0,429,608,2020,2020Q2,2020-05,2,Public_Nonprofit,stage1
2020-05-21,"Texas Steel Conversion, Inc.",Harris,Gulf Coast WDA,2020-06-15,2020-05-29,Houston,0,0,1,25,1,491,TEXAS STEEL CONVERSION,0,429,608,2020,2020Q2,2020-05,2,Manufacturing,stage1
2020-05-21,Marriott City Place-Spicewood Village,Harris,Gulf Coast WDA,2020-03-27,2020-05-29,Spring,0,1,0,,,33,MARRIOTT CITY PLACE-SPICEWOOD VILLAGE,1,429,608,2020,2020Q2,2020-05,6,Retail_Food,stage1
2020-05-18,XPO Logistics-Jacomson Warehouse,Dallas,Dallas County WDA,2020-07-17,2020-05-20,Dallas,0,0,1,60,0,243,XPO LOGISTICS-JACOMSON WAREHOUSE,0,330,325,2020,2020Q2,2020-05,8,Logistics_Transportation,stage1
2020-05-14,Cactus Wellhead,Ector,Permian Basin WDA,2020-05-14,2020-05-14,Odessa,0,0,1,0,1,14,CACTUS WELLHEAD,1,19,83,2020,2020Q2,2020-05,0,Unknown,unresolved
2020-05-14,Allied Aviation-Houston,Harris,Gulf Coast WDA,2020-04-20,2020-05-14,Houston,0,1,0,,,77,ALLIED AVIATION,1,429,608,2020,2020Q2,2020-05,6,Logistics_Transportation,stage1
2020-05-14,St Edwards University,Travis,Capital Area WDA,2020-05-31,2020-05-18,Austin,0,0,1,17,1,95,ST EDWARDS UNIVERSITY,0,169,166,2020,2020Q2,2020-05,2,Public_Nonprofit,stage1
2020-05-12,Hydraulic Fracturing Facility,Midland,Permian Basin WDA,2020-05-12,2020-05-12,Midland,0,0,1,0,1,392,HYDRAULIC FRACTURING FACILITY,1,37,83,2020,2020Q2,2020-05,4,Energy,stage1
2020-05-12,James Avery -Fredericksburg,Gillespie,Alamo WDA,2020-07-12,2020-05-12,Fredericksburg,0,0,1,61,0,82,JAMES AVERY -FREDERICKSBURG,0,1,238,2020,2020Q2,2020-05,0,Unknown,unresolved
2020-05-11,"UTLX Manufacturing, Inc.",Harris,Gulf Coast WDA,2020-07-10,2020-05-12,Houston,0,0,1,60,0,278,UTLX MANUFACTURING,1,429,608,2020,2020Q2,2020-05,6,Manufacturing,stage1
2020-05-07,Saulsbury Industries-Odessa,Ector,Permian Basin WDA,2020-05-22,2020-05-13,Odessa,0,0,1,15,1,3,SAULSBURY INDUSTRIES,1,19,83,2020,2020Q2,2020-05,6,Construction_Real_Estate,stage1
2020-05-07,"Saulsbury Industries, Inc.",Ector,Permian Basin WDA,2012-05-11,2020-05-13,Odessa,0,1,0,,,12,SAULSBURY INDUSTRIES,1,19,83,2020,2020Q2,2020-05,6,Construction_Real_Estate,stage1
2020-05-07,Saulsbury Industries-Henderson,Rusk,East Texas WDA,2020-05-21,2020-05-13,Henderson,0,0,1,14,1,58,SAULSBURY INDUSTRIES-HENDERSON,0,5,39,2020,2020Q2,2020-05,6,Construction_Real_Estate,stage1
2020-05-05,Southwestern & Pacific #6972,Harris,Gulf Coast WDA,2020-04-21,2020-05-05,Spring,0,1,0,,,1,SOUTHWESTERN PACIFIC 6972,0,429,608,2020,2020Q2,2020-05,0,Unknown,unresolved
2020-05-04,Haliburton Energy Services-N. Sam Houston,Harris,Gulf Coast WDA,2020-05-04,2020-05-05,Houston,0,0,1,0,1,984,HALIBURTON ENERGY SERVICES-N SAM HOUSTON,1,429,608,2020,2020Q2,2020-05,2,Energy,stage1
2020-05-04,Outback #4424,Jefferson,South East Texas WDA,2020-03-15,2020-05-04,Beaumont,0,1,0,,,65,OUTBACK 4424,0,20,27,2020,2020Q2,2020-05,6,Retail_Food,stage1
2020-05-04,Covia-Crane,Crane,Permian Basin WDA,2020-05-04,2020-05-04,Crane,0,0,1,0,1,23,COVIA-CRANE,0,2,83,2020,2020Q2,2020-05,2,Logistics_Transportation,stage1
2020-05-04,Covia Corp-Kermit,Winkler,Permian Basin WDA,2020-05-04,2020-05-04,Kermit,0,0,1,0,1,83,COVIA -KERMIT,0,4,83,2020,2020Q2,2020-05,0,Unknown,unresolved
2020-05-01,Cactus Wellhead,Ector,Permian Basin WDA,2020-05-01,2020-05-04,Odessa,0,0,1,0,1,32,CACTUS WELLHEAD,1,19,83,2020,2020Q2,2020-05,0,Unknown,unresolved
2020-05-01,US Steel Tubular Products - Hughes Springs,Cass,North East Texas WDA,2020-05-10,2020-05-05,Hughes Springs,0,0,1,9,1,55,US STEEL TUBULAR PRODUCTS - HUGHES SPRINGS,0,1,21,2020,2020Q2,2020-05,2,Manufacturing,stage1
2020-04-30,Havertys Furniture-Coppell,Dallas,Dallas County WDA,2020-04-30,2020-05-04,Coppell,0,0,1,0,1,57,HAVERTYS FURNITURE-COPPELL,0,330,325,2020,2020Q2,2020-04,0,Unknown,unresolved
2020-04-30,Carpenter Tech-Amega West,Harris,Gulf Coast WDA,2020-06-29,2020-05-04,Houston,0,0,1,60,0,79,CARPENTER TECH-AMEGA WEST,0,429,608,2020,2020Q2,2020-04,2,Technology_IT,stage1
2020-04-29,Halliburton,Gregg,East Texas WDA,2020-04-29,2020-04-29,Kilgore,0,0,1,0,1,233,HALLIBURTON,0,13,39,2020,2020Q2,2020-04,6,Energy,stage1
2020-04-29,Regal Cinema-Richmond,Fort Bend,Gulf Coast WDA,2020-03-17,2020-05-04,Richmond,0,1,0,,,91,REGAL CINEMA-RICHMOND,0,88,608,2020,2020Q2,2020-04,12,Retail_Food,stage1
2020-04-29,TechnipFMC CO. - Odessa,Ector,Permian Basin WDA,2020-04-15,2020-05-01,Odessa,0,1,0,,,140,TECHNIPFMC,0,19,83,2020,2020Q2,2020-04,2,Technology_IT,stage1
2020-04-29,Regal Cinema-Tomball,Harris,Borderplexjobs WDA,2020-03-17,2020-05-04,Tomball,0,1,0,,,88,REGAL CINEMA-TOMBALL,1,429,51,2020,2020Q2,2020-04,12,Retail_Food,stage1
2020-04-29,Regal Cinema-Katy Frwy,Harris,Gulf Coast WDA,2020-03-17,2020-05-04,Houston,0,1,0,,,86,REGAL CINEMA-KATY FRWY,0,429,608,2020,2020Q2,2020-04,12,Retail_Food,stage1
2020-04-29,Regal Cinema-Houston,Harris,Gulf Coast WDA,2020-03-17,2020-05-04,Houston,0,1,0,,,82,REGAL CINEMA,1,429,608,2020,2020Q2,2020-04,12,Retail_Food,stage1
2020-04-28,Halliburton-Interwood,Harris,Gulf Coast WDA,2020-04-28,2020-04-30,Houston,0,0,1,0,1,9,HALLIBURTON-INTERWOOD,0,429,608,2020,2020Q2,2020-04,6,Energy,stage1
2020-04-28,Southwestern & Pacific #2969,Polk,Deep East Texas WDA,2020-04-21,2020-05-05,Livingston,0,1,0,,,1,SOUTHWESTERN PACIFIC 2969,0,1,12,2020,2020Q2,2020-04,0,Unknown,unresolved
2020-04-28,Southwestern & Pacific #6772,Cameron,Cameron County WDA,2020-04-21,2020-05-05,Harlingen,0,1,0,,,1,SOUTHWESTERN PACIFIC 6772,0,37,38,2020,2020Q2,2020-04,0,Unknown,unresolved
2020-04-28,Easy Gardener Products Inc.,McLennan,Heart of Texas WDA,2020-06-30,2020-04-29,Waco,0,0,1,63,0,50,EASY GARDENER PRODUCTS,0,24,34,2020,2020Q2,2020-04,0,Unknown,unresolved
2020-04-28,SW & Pacific # 6741,Bexar,Alamo WDA,2020-04-21,2020-05-04,San Antonio,0,1,0,,,1,SW PACIFIC 6741,0,200,238,2020,2020Q2,2020-04,0,Unknown,unresolved
2020-04-28,"Jet Specialty, Inc.",Nueces,Coastal Bend WDA,2020-07-02,2020-04-29,Corpus Ch,0,0,1,65,0,75,JET SPECIALTY,0,20,26,2020,2020Q2,2020-04,0,Unknown,unresolved
2020-04-28,Haliburton Energy-Interwood Pkwy,Harris,Gulf Coast WDA,2020-04-28,2020-05-01,Houston,0,0,1,0,1,9,HALIBURTON ENERGY-INTERWOOD PKWY,0,429,608,2020,2020Q2,2020-04,2,Energy,stage1
2020-04-28,Hailburton Energy-Heathrow Forest,Harris,Gulf Coast WDA,2020-04-28,2020-05-01,Houston,0,0,1,0,1,8,HAILBURTON ENERGY-HEATHROW FOREST,0,429,608,2020,2020Q2,2020-04,2,Energy,stage1
2020-04-28,"IPC Industries, LP",Galveston,Gulf Coast WDA,2020-03-19,2020-05-01,Santa Fe,0,1,0,,,109,IPC INDUSTRIES,0,9,608,2020,2020Q2,2020-04,0,Unknown,unresolved
2020-04-28,Southwestern & Pacific #6925,Hill,Heart of Texas WDA,2020-04-21,2020-05-07,Hillsboro,0,1,0,,,1,SOUTHWESTERN PACIFIC 6925,0,4,34,2020,2020Q2,2020-04,0,Unknown,unresolved
2020-04-28,Enterprise Holdings-Airport,Bexar,Alamo WDA,2020-04-30,2020-05-04,San Antonio,0,0,1,2,1,135,ENTERPRISE HOLDINGS-AIRPORT,0,200,238,2020,2020Q2,2020-04,4,Logistics_Transportation,stage1
2020-04-28,Enterprise Holdings-Eastern St,Bexar,Alamo WDA,2020-04-30,2020-05-04,San Antonio,0,0,1,2,1,146,ENTERPRISE HOLDINGS,1,200,238,2020,2020Q2,2020-04,0,Unknown,unresolved
2020-04-28,"Enterprise Holdings, LLC",Bexar,Alamo WDA,2020-04-30,2020-05-04,San Antonio,0,0,1,2,1,30,ENTERPRISE HOLDINGS,1,200,238,2020,2020Q2,2020-04,0,Unknown,unresolved
2020-04-28,Outback Steakhouse #4470,El Paso,Borderplexjobs WDA,2020-04-27,2020-04-29,El Paso,0,1,0,,,59,OUTBACK STEAKHOUSE 4470,0,49,51,2020,2020Q2,2020-04,8,Retail_Food,stage1
2020-04-28,Southwestern & Pacific #3014,Fort Bend,Gulf Coast WDA,2020-04-21,2020-05-05,Houston,0,1,0,,,1,SOUTHWESTERN PACIFIC 3014,0,88,608,2020,2020Q2,2020-04,0,Unknown,unresolved
2020-04-28,Southwestern & Pacific #6749,Bexar,Alamo WDA,2020-04-21,2020-05-04,San Antonio,0,1,0,,,1,SOUTHWESTERN PACIFIC 6749,0,200,238,2020,2020Q2,2020-04,0,Unknown,unresolved
2020-04-28,Southwestern & Pacific #6812,Fort Bend,Gulf Coast WDA,2020-04-21,2020-05-05,Houston,0,1,0,,,1,SOUTHWESTERN PACIFIC 6812,0,88,608,2020,2020Q2,2020-04,0,Unknown,unresolved
2020-04-28,Southwestern & Pacific #6800,Harris,Gulf Coast WDA,2020-04-21,2020-05-05,Humble,0,1,0,,,1,SOUTHWESTERN PACIFIC 6800,0,429,608,2020,2020Q2,2020-04,0,Unknown,unresolved
2020-04-28,Southwestern & Pacific #6787,Harris,Gulf Coast WDA,2020-04-21,2020-05-05,Pasadena,0,1,0,,,1,SOUTHWESTERN PACIFIC 6787,0,429,608,2020,2020Q2,2020-04,0,Unknown,unresolved
2020-04-28,Southwestern & Pacific #6786,Fort Bend,Gulf Coast WDA,2020-04-21,2020-05-05,Houston,0,1,0,,,1,SOUTHWESTERN PACIFIC 6786,0,88,608,2020,2020Q2,2020-04,0,Unknown,unresolved
2020-04-28,Southwestern & Pacific #6851,Victoria,Golden Crescent WDA,2020-04-21,2020-05-05,Victoria,0,1,0,,,1,SOUTHWESTERN PACIFIC 6851,0,5,6,2020,2020Q2,2020-04,0,Unknown,unresolved
2020-04-28,Southwestern & Pacific #6915,Harrison,East Texas WDA,2020-04-21,2020-05-05,Marshall,0,1,0,,,1,SOUTHWESTERN PACIFIC 6915,0,2,39,2020,2020Q2,2020-04,0,Unknown,unresolved
2020-04-28,Southwestern & Pacific #6884,Henderson,East Texas WDA,2020-04-21,2020-05-05,Gun Barrel City,0,1,0,,,1,SOUTHWESTERN PACIFIC 6884,0,4,39,2020,2020Q2,2020-04,0,Unknown,unresolved
2020-04-28,Southwestern & Pacific #6757,Henderson,East Texas WDA,2020-04-21,2020-05-05,Athens,0,1,0,,,1,SOUTHWESTERN PACIFIC 6757,0,4,39,2020,2020Q2,2020-04,0,Unknown,unresolved
2020-04-28,Southwestern & Pacific #6969,Gregg,East Texas WDA,2020-04-21,2020-05-05,Longview,0,1,0,,,1,SOUTHWESTERN PACIFIC 6969,0,13,39,2020,2020Q2,2020-04,0,Unknown,unresolved
2020-04-28,Southwestern & Pacific #6886,Dallas,Dallas County WDA,2020-04-21,2020-05-05,Dallas,0,1,0,,,1,SOUTHWESTERN PACIFIC 6886,0,330,325,2020,2020Q2,2020-04,0,Unknown,unresolved
2020-04-28,Southwestern & Pacific   #6825,Walker,Gulf Coast WDA,2020-04-21,2020-05-05,Huntsville,0,1,0,,,1,SOUTHWESTERN PACIFIC 6825,0,2,608,2020,2020Q2,2020-04,0,Unknown,unresolved
2020-04-28,Southwestern & Pacific #6979,Brazoria,Gulf Coast WDA,2020-04-21,2020-05-05,Lake Jackson,0,1,0,,,1,SOUTHWESTERN PACIFIC 6979,0,13,608,2020,2020Q2,2020-04,0,Unknown,unresolved
2020-04-28,Southwestern & Pacific #6836,Cameron,Cameron County WDA,2020-04-21,2020-05-05,San Benito,0,1,0,,,1,SOUTHWESTERN PACIFIC 6836,0,37,38,2020,2020Q2,2020-04,0,Unknown,unresolved
2020-04-28,Southwestern & Pacific #6883,Kerr,Alamo WDA,2020-04-21,2020-05-04,Kerrville,0,1,0,,,1,SOUTHWESTERN PACIFIC 6883,0,1,238,2020,2020Q2,2020-04,0,Unknown,unresolved
2020-04-28,Southwestern & Pacific #6829,Dallas,Dallas County WDA,2020-04-21,2020-05-05,Garland,0,1,0,,,1,SOUTHWESTERN PACIFIC 6829,0,330,325,2020,2020Q2,2020-04,0,Unknown,unresolved
2020-04-28,Southwestern & Pacific #6839,Comal,Alamo WDA,2020-04-21,2020-05-04,New Braunfels,0,1,0,,,1,SOUTHWESTERN PACIFIC 6839,0,11,238,2020,2020Q2,2020-04,0,Unknown,unresolved
2020-04-28,Southwestern & Pacific #6810,Cameron,Cameron County WDA,2020-04-21,2020-05-05,Brownsville,0,1,0,,,1,SOUTHWESTERN PACIFIC 6810,0,37,38,2020,2020Q2,2020-04,0,Unknown,unresolved
2020-04-28,Southwestern & Pacific #2995,Cameron,Cameron County WDA,2020-04-21,2020-05-05,Brownsville,0,1,0,,,1,SOUTHWESTERN PACIFIC 2995,0,37,38,2020,2020Q2,2020-04,0,Unknown,unresolved
2020-04-28,Southwestern & Pacific #6926,Brazos,Brazos Valley WDA,2020-04-21,2020-05-05,Bryan,0,1,0,,,1,SOUTHWESTERN PACIFIC 6926,0,10,14,2020,2020Q2,2020-04,0,Unknown,unresolved
2020-04-28,Southwestern & Pacific #6815,Dallas,Dallas County WDA,2020-04-21,2020-05-05,Lancaster,0,1,0,,,1,SOUTHWESTERN PACIFIC 6815,0,330,325,2020,2020Q2,2020-04,0,Unknown,unresolved
2020-04-28,Southwestern & Pacific #6761,Nueces,Coastal Bend WDA,2020-04-21,2020-05-05,Corpus Christi,0,1,0,,,1,SOUTHWESTERN PACIFIC 6761,0,20,26,2020,2020Q2,2020-04,0,Unknown,unresolved
2020-04-28,Southwestern & Pacific #6818,Jim Wells,Coastal Bend WDA,2020-04-21,2020-05-05,Alice,0,1,0,,,1,SOUTHWESTERN PACIFIC 6818,0,2,26,2020,2020Q2,2020-04,0,Unknown,unresolved
2020-04-28,Southwestern & Pacific #6765,Dallas,Dallas County WDA,2020-04-21,2020-05-05,Grand Prairie,0,1,0,,,1,SOUTHWESTERN PACIFIC 6765,0,330,325,2020,2020Q2,2020-04,0,Unknown,unresolved
2020-04-28,Southwestern & Pacific #6745,Limestone,Heart of Texas WDA,2020-04-21,2020-05-07,Mexia,0,1,0,,,1,SOUTHWESTERN PACIFIC 6745,0,1,34,2020,2020Q2,2020-04,0,Unknown,unresolved
2020-04-28,Southwestern & Pacific #6981,Tom Green,Concho Valley WDA,2020-04-21,2020-05-05,San Angelo,0,1,0,,,1,SOUTHWESTERN PACIFIC 6981,0,9,16,2020,2020Q2,2020-04,0,Unknown,unresolved
2020-04-27,Carrabba's #9416,Fort Bend,Gulf Coast WDA,2020-03-15,2020-05-04,Houston,0,1,0,,,76,CARRABBA S 9416,0,88,608,2020,2020Q2,2020-04,6,Retail_Food,stage1
2020-04-27,Carrabba's #9415,Fort Bend,Gulf Coast WDA,2020-03-15,2020-05-04,Houston,0,1,0,,,66,CARRABBA S 9415,0,88,608,2020,2020Q2,2020-04,6,Retail_Food,stage1
2020-04-27,Carrabba's #4407,Harris,Gulf Coast WDA,2020-03-15,2020-05-04,Webster,0,1,0,,,75,CARRABBA S 4407,0,429,608,2020,2020Q2,2020-04,6,Retail_Food,stage1
2020-04-27,Carrabba's #4406,Montgomery,Gulf Coast WDA,2020-03-15,2020-05-04,The Woodlands,0,1,0,,,74,CARRABBA S 4406,0,42,608,2020,2020Q2,2020-04,6,Retail_Food,stage1
2020-04-27,Outback #4420,Fort Bend,Gulf Coast WDA,2020-03-15,2020-05-04,Stafford,0,1,0,,,70,OUTBACK 4420,0,88,608,2020,2020Q2,2020-04,6,Retail_Food,stage1
2020-04-27,Carrabba's #4401,Fort Bend,Gulf Coast WDA,2020-03-15,2020-05-04,Houston,0,1,0,,,63,CARRABBA S 4401,0,88,608,2020,2020Q2,2020-04,6,Retail_Food,stage1
2020-04-27,Outback #4460,Smith,East Texas WDA,2020-03-15,2020-05-04,Tyler,0,1,0,,,74,OUTBACK 4460,0,11,39,2020,2020Q2,2020-04,6,Retail_Food,stage1
2020-04-27,Outback #4434,Montgomery,Gulf Coast WDA,2020-03-15,2020-05-04,Shenandoah,0,1,0,,,56,OUTBACK 4434,0,42,608,2020,2020Q2,2020-04,6,Retail_Food,stage1
2020-04-27,Carrabba's #4404,Fort Bend,Gulf Coast WDA,2020-03-15,2020-05-04,Sugar Land,0,1,0,,,69,CARRABBA S 4404,0,88,608,2020,2020Q2,2020-04,6,Retail_Food,stage1
2020-04-27,Carrabba's #4402,Fort Bend,Gulf Coast WDA,2020-03-15,2020-05-04,Houston,0,1,0,,,62,CARRABBA S 4402,0,88,608,2020,2020Q2,2020-04,6,Retail_Food,stage1
2020-04-27,Carrabba's #9421,Fort Bend,Gulf Coast WDA,2020-03-15,2020-05-04,Katy,0,1,0,,,86,CARRABBA S 9421,0,88,608,2020,2020Q2,2020-04,6,Retail_Food,stage1
2020-04-27,Fleming's #5403,Fort Bend,Gulf Coast WDA,,2020-05-04,Houston,0,0,0,,,42,FLEMING S 5403,0,88,608,2020,2020Q2,2020-04,2,Retail_Food,stage1
2020-04-27,Fleming's #5404,Montgomery,Gulf Coast WDA,2020-03-15,2020-05-04,The Woodlands,0,1,0,,,49,FLEMING S 5404,0,42,608,2020,2020Q2,2020-04,2,Retail_Food,stage1
2020-04-27,Outback #4413,Fort Bend,Gulf Coast WDA,2020-03-15,2020-05-04,Houston,0,1,0,,,77,OUTBACK 4413,0,88,608,2020,2020Q2,2020-04,6,Retail_Food,stage1
2020-04-27,Outback #4430,Harris,Gulf Coast WDA,2020-03-15,2020-05-04,Baytown,0,1,0,,,62,OUTBACK 4430,0,429,608,2020,2020Q2,2020-04,6,Retail_Food,stage1
2020-04-27,Outback #4435,Fort Bend,Gulf Coast WDA,2020-03-15,2020-05-04,Houston,0,1,0,,,70,OUTBACK 4435,0,88,608,2020,2020Q2,2020-04,6,Retail_Food,stage1
2020-04-27,Outback #4410,Harris,Gulf Coast WDA,2020-03-15,2020-05-04,Humble,0,1,0,,,61,OUTBACK 4410,0,429,608,2020,2020Q2,2020-04,6,Retail_Food,stage1
2020-04-27,Outback #4412,Harris,Gulf Coast WDA,2020-03-15,2020-05-04,Webster,0,1,0,,,64,OUTBACK 4412,0,429,608,2020,2020Q2,2020-04,6,Retail_Food,stage1
2020-04-27,Outback #4467,Gregg,East Texas WDA,2020-03-15,2020-05-04,Longview,0,1,0,,,67,OUTBACK 4467,0,13,39,2020,2020Q2,2020-04,6,Retail_Food,stage1
2020-04-27,Outback #4418,Brazos,Brazos Valley WDA,2020-03-15,2020-05-01,College Station,0,1,0,,,61,OUTBACK 4418,0,10,14,2020,2020Q2,2020-04,6,Retail_Food,stage1
2020-04-27,Outback #4414,Montgomery,Gulf Coast WDA,2020-03-15,2020-05-04,Conroe,0,1,0,,,57,OUTBACK 4414,0,42,608,2020,2020Q2,2020-04,6,Retail_Food,stage1
2020-04-27,Fleming's #5407,Fort Bend,Gulf Coast WDA,2020-03-15,2020-05-04,Houston,0,1,0,,,53,FLEMING S 5407,0,88,608,2020,2020Q2,2020-04,2,Retail_Food,stage1
2020-04-27,Outback #4469,Bell,Central Texas WDA,2020-03-15,2020-05-04,Killeen,0,1,0,,,73,OUTBACK 4469,0,14,14,2020,2020Q2,2020-04,6,Retail_Food,stage1
2020-04-27,Cardone Industries-Robstown,Cameron,Cameron County WDA,2020-04-27,2020-04-27,Brownsville,0,0,1,0,1,183,CARDONE INDUSTRIES-ROBSTOWN,0,37,38,2020,2020Q2,2020-04,0,Unknown,unresolved
2020-04-27,Cameron International-Corpus Christi,Nueces,Coastal Bend WDA,2020-04-22,2020-04-29,Corpus Ch,0,1,0,,,6,CAMERON INTERNATIONAL,0,20,26,2020,2020Q2,2020-04,0,Unknown,unresolved
2020-04-27,Cameron International-Kennedy,Austin,Alamo WDA,2020-05-22,2020-04-29,Kenney,0,0,1,25,1,45,CAMERON INTERNATIONAL-KENNEDY,0,3,238,2020,2020Q2,2020-04,0,Unknown,unresolved
2020-04-27,Outback #4416,Fort Bend,Gulf Coast WDA,2020-03-15,2020-05-04,Katy,0,1,0,,,79,OUTBACK 4416,0,88,608,2020,2020Q2,2020-04,6,Retail_Food,stage1
2020-04-27,Carrabba's #4405,Bexar,Alamo WDA,2020-03-15,2020-05-01,San Antonio,0,1,0,,,79,CARRABBA S 4405,0,200,238,2020,2020Q2,2020-04,6,Retail_Food,stage1
2020-04-27,Outback #4423,Bexar,Alamo WDA,2020-03-15,2020-05-01,San Antonio,0,1,0,,,61,OUTBACK 4423,0,200,238,2020,2020Q2,2020-04,6,Retail_Food,stage1
2020-04-27,Outback #4426,Bexar,Alamo WDA,2020-03-15,2020-05-01,San Antonio,0,1,0,,,65,OUTBACK 4426,0,200,238,2020,2020Q2,2020-04,6,Retail_Food,stage1
2020-04-27,Outback #4442,Bexar,Alamo WDA,2020-03-15,2020-05-01,Selma,0,1,0,,,76,OUTBACK 4442,0,200,238,2020,2020Q2,2020-04,6,Retail_Food,stage1
2020-04-27,"Total Airport Services, LLC",Harris,Gulf Coast WDA,2020-04-24,2020-05-01,Houston,0,1,0,,,68,TOTAL AIRPORT SERVICES,0,429,608,2020,2020Q2,2020-04,4,Logistics_Transportation,stage1
2020-04-27,Fleming's #5402,Travis,Capital Area WDA,2020-03-15,2020-05-01,Austin,0,1,0,,,37,FLEMING S 5402,0,169,166,2020,2020Q2,2020-04,2,Retail_Food,stage1
2020-04-27,Outback #4425,Nueces,Coastal Bend WDA,2020-03-15,2020-05-04,Corpus Christi,0,1,0,,,59,OUTBACK 4425,0,20,26,2020,2020Q2,2020-04,6,Retail_Food,stage1
2020-04-27,Outback #4422,Travis,Capital Area WDA,2020-03-15,2020-05-01,Austin,0,1,0,,,56,OUTBACK 4422,0,169,166,2020,2020Q2,2020-04,6,Retail_Food,stage1
2020-04-27,Outback #4433,Angelina,Deep East Texas WDA,2020-03-15,2020-05-04,Lufkin,0,1,0,,,55,OUTBACK 4433,0,5,12,2020,2020Q2,2020-04,6,Retail_Food,stage1
2020-04-27,Fleming's #5405,Bexar,Alamo WDA,2020-03-15,2020-05-01,San Antonio,0,1,0,,,54,FLEMING S 5405,0,200,238,2020,2020Q2,2020-04,2,Retail_Food,stage1
2020-04-27,Outback #4473,Tom Green,Concho Valley WDA,2020-03-15,2020-05-04,San Angelo,0,1,0,,,72,OUTBACK 4473,0,9,16,2020,2020Q2,2020-04,6,Retail_Food,stage1
2020-04-27,Carrabba's #9412,Dallas,Dallas County WDA,2020-03-15,2020-05-04,Dallas,0,1,0,,,52,CARRABBA S 9412,0,330,325,2020,2020Q2,2020-04,6,Retail_Food,stage1
2020-04-27,Outback #4453,Dallas,Dallas County WDA,2020-03-15,2020-05-04,Irving,0,1,0,,,56,OUTBACK 4453,0,330,325,2020,2020Q2,2020-04,6,Retail_Food,stage1
2020-04-27,Outback #4428,Harris,Gulf Coast WDA,2020-03-15,2020-05-04,Pasadena,0,1,0,,,64,OUTBACK 4428,0,429,608,2020,2020Q2,2020-04,6,Retail_Food,stage1
2020-04-27,Carrabba's #4403,Travis,Capital Area WDA,2020-03-15,2020-05-01,Austin,0,1,0,,,53,CARRABBA S 4403,0,169,166,2020,2020Q2,2020-04,6,Retail_Food,stage1
2020-04-27,Outback #4454,Dallas,Dallas County WDA,2020-03-15,2020-05-04,Mesquite,0,1,0,,,57,OUTBACK 4454,0,330,325,2020,2020Q2,2020-04,6,Retail_Food,stage1
2020-04-27,Outback #4456,Dallas,Dallas County WDA,2020-03-15,2020-05-04,Dallas,0,1,0,,,60,OUTBACK 4456,0,330,325,2020,2020Q2,2020-04,6,Retail_Food,stage1
2020-04-27,Outback #4458,Dallas,Dallas County WDA,2020-03-15,2020-05-04,Addison,0,1,0,,,63,OUTBACK 4458,0,330,325,2020,2020Q2,2020-04,6,Retail_Food,stage1
2020-04-27,Outback #4476,Dallas,Dallas County WDA,2020-03-15,2020-05-04,Garland,0,1,0,,,64,OUTBACK 4476,0,330,325,2020,2020Q2,2020-04,6,Retail_Food,stage1
2020-04-27,Fleming's #5406,Travis,Capital Area WDA,2020-03-15,2020-05-01,Austin,0,1,0,,,59,FLEMING S 5406,0,169,166,2020,2020Q2,2020-04,2,Retail_Food,stage1
2020-04-27,Outback #4464,Lubbock,South Plains WDA,2020-03-15,2020-05-04,Lubbock,0,1,0,,,67,OUTBACK 4464,0,20,29,2020,2020Q2,2020-04,6,Retail_Food,stage1
2020-04-27,Outback #4457,Collin,North Central Texas WDA,2020-03-15,2020-05-04,Plano,0,1,0,,,60,OUTBACK 4457,0,92,185,2020,2020Q2,2020-04,6,Retail_Food,stage1
2020-04-27,Outback #4461,Denton,North Central Texas WDA,2020-03-15,2020-05-04,Lewisville,0,1,0,,,56,OUTBACK 4461,0,56,185,2020,2020Q2,2020-04,6,Retail_Food,stage1
2020-04-27,Outback #4466,Denton,North Central Texas WDA,2020-03-15,2020-05-04,Denton,0,1,0,,,74,OUTBACK 4466,0,56,185,2020,2020Q2,2020-04,6,Retail_Food,stage1
2020-04-27,Outback #4477,Collin,North Central Texas WDA,2020-03-15,2020-05-04,Frisco,0,1,0,,,82,OUTBACK 4477,0,92,185,2020,2020Q2,2020-04,6,Retail_Food,stage1
2020-04-27,Outback #4478,Johnson,North Central Texas WDA,2020-03-15,2020-05-04,Burleson,0,1,0,,,69,OUTBACK 4478,0,13,185,2020,2020Q2,2020-04,6,Retail_Food,stage1
2020-04-27,Outback #4471,Bowie,North East Texas WDA,2020-03-15,2020-05-04,Texarkana,0,1,0,,,56,OUTBACK 4471,0,9,21,2020,2020Q2,2020-04,6,Retail_Food,stage1
2020-04-27,Outback #4463,Potter,Panhandle WDA,2020-03-15,2020-05-04,Amarillo,0,1,0,,,76,OUTBACK 4463,0,12,22,2020,2020Q2,2020-04,6,Retail_Food,stage1
2020-04-27,Outback #4429,Hays,Rural Capital WDA,2020-03-15,2020-05-04,San Marcos,0,1,0,,,72,OUTBACK 4429,0,18,67,2020,2020Q2,2020-04,6,Retail_Food,stage1
2020-04-27,Fleming's #5408,Collin,North Central Texas WDA,2020-03-15,2020-05-04,Plano,0,1,0,,,57,FLEMING S 5408,0,92,185,2020,2020Q2,2020-04,2,Retail_Food,stage1
2020-04-27,Outback #4441,Williamson,Rural Capital WDA,2020-03-15,2020-05-04,Round Rock,0,1,0,,,44,OUTBACK 4441,0,35,67,2020,2020Q2,2020-04,6,Retail_Food,stage1
2020-04-27,Outback #4462,Midland,Permian Basin WDA,2020-03-15,2020-05-04,Midland,0,1,0,,,75,OUTBACK 4462,0,37,83,2020,2020Q2,2020-04,6,Retail_Food,stage1
2020-04-27,Outback #4475,Dallas,Borderplexjobs WDA,2020-03-15,2020-05-04,DeSoto,0,1,0,,,63,OUTBACK 4475,0,330,51,2020,2020Q2,2020-04,6,Retail_Food,stage1
2020-04-27,Carrabba's #9410,Jefferson,South East Texas WDA,2020-03-15,2020-05-04,Beaumont,0,1,0,,,79,CARRABBA S 9410,0,20,27,2020,2020Q2,2020-04,6,Retail_Food,stage1
2020-04-27,Outback #4451,Tarrant,Tarrant County WDA,2020-03-15,2020-05-04,Fort Worth,0,1,0,,,67,OUTBACK 4451,0,207,213,2020,2020Q2,2020-04,6,Retail_Food,stage1
2020-04-27,Outback #4452,Tarrant,Tarrant County WDA,2020-03-15,2020-05-04,Hurst,0,1,0,,,79,OUTBACK 4452,0,207,213,2020,2020Q2,2020-04,6,Retail_Food,stage1
2020-04-27,Outback #4459,Tarrant,Tarrant County WDA,2020-03-15,2020-05-04,Arlington,0,1,0,,,76,OUTBACK 4459,0,207,213,2020,2020Q2,2020-04,6,Retail_Food,stage1
2020-04-27,Outback #4474,Jones,West Central WDA,2020-03-15,2020-05-04,Abilene,0,1,0,,,51,OUTBACK 4474,0,4,10,2020,2020Q2,2020-04,6,Retail_Food,stage1
2020-04-27,Outback #4455,Tarrant,Tarrant County WDA,2020-03-15,2020-05-04,Euless,0,1,0,,,75,OUTBACK 4455,0,207,213,2020,2020Q2,2020-04,6,Retail_Food,stage1
2020-04-27,Carrabba's #9419,Tarrant,Tarrant County WDA,2020-03-15,2020-05-04,Hurst,0,1,0,,,49,CARRABBA S 9419,0,207,213,2020,2020Q2,2020-04,6,Retail_Food,stage1
2020-04-27,Bonefish #904,Denton,Tarrant County WDA,2020-03-15,2020-05-04,Southlake,0,1,0,,,40,BONEFISH 904,0,56,213,2020,2020Q2,2020-04,0,Unknown,unresolved
2020-04-27,Carrabba's #9414,Collin,North Central Texas WDA,2020-03-15,2020-05-04,Plano,0,1,0,,,43,CARRABBA S 9414,0,92,185,2020,2020Q2,2020-04,6,Retail_Food,stage1
2020-04-27,Bonefish #912,Collin,North Central Texas WDA,2020-03-15,2020-05-04,Allen,0,1,0,,,50,BONEFISH 912,0,92,185,2020,2020Q2,2020-04,0,Unknown,unresolved
2020-04-27,Core Laboratories-Owen Oil Tools,Johnson,North Central Texas WDA,2020-05-06,2020-05-04,Godley,0,0,1,9,1,244,CORE LABORATORIES-OWEN OIL TOOLS,0,13,185,2020,2020Q2,2020-04,2,Energy,stage1
2020-04-27,Outback #4468,McLennan,Heart of Texas WDA,2020-03-15,2020-05-04,Waco,0,1,0,,,62,OUTBACK 4468,0,24,34,2020,2020Q2,2020-04,6,Retail_Food,stage1
2020-04-25,CP Energy-N. Big Spring,Midland,Permian Basin WDA,2020-05-03,2020-04-28,Midland,0,0,1,8,1,2,CP ENERGY-N BIG SPRING,0,37,83,2020,2020Q2,2020-04,2,Energy,stage1
2020-04-24,North American Dental Group - Flower Mound,Denton,North Central Texas WDA,2020-03-23,2020-04-24,Flower Mound,0,1,0,,,12,NORTH AMERICAN DENTAL GROUP - FLOWER MOUND,0,56,185,2020,2020Q2,2020-04,2,Healthcare,stage1
2020-04-24,Liberty Oilfield,Guadalupe,Alamo WDA,2020-04-27,2020-04-29,Cibolo,0,0,1,3,1,89,LIBERTY OILFIELD,0,2,238,2020,2020Q2,2020-04,8,Energy,stage1
2020-04-23,Haliburton Energy-Burleson,Tarrant,Tarrant County WDA,2020-04-23,2020-04-24,Burleson,0,0,1,0,1,36,HALIBURTON ENERGY-BURLESON,0,207,213,2020,2020Q2,2020-04,2,Energy,stage1
2020-04-23,Go Rentals,Fort Bend,Gulf Coast WDA,2020-03-21,2020-04-23,Houston,0,1,0,,,4,GO RENTALS,1,88,608,2020,2020Q2,2020-04,0,Unknown,unresolved
2020-04-23,Signal Peak Silica -Poteet,Atascosa,Alamo WDA,2020-06-12,2020-04-24,Poteet,0,0,1,50,1,72,SIGNAL PEAK SILICA -POTEET,0,8,238,2020,2020Q2,2020-04,0,Unknown,unresolved
2020-04-23,Go Rentals - Austin,Travis,Capital Area WDA,2020-03-21,2020-04-23,Austin,0,1,0,,,7,GO RENTALS,1,169,166,2020,2020Q2,2020-04,0,Unknown,unresolved
2020-04-23,Go Rentals - Atlantic,Collin,Dallas County WDA,2020-03-21,2020-04-23,Addison,0,1,0,,,1,GO RENTALS - ATLANTIC,0,92,325,2020,2020Q2,2020-04,0,Unknown,unresolved
2020-04-23,CP Energy-S County Rd 1200,Midland,Permian Basin WDA,2020-05-03,2020-04-28,Midland,0,0,1,10,1,15,CP ENERGY-S COUNTY RD 1200,0,37,83,2020,2020Q2,2020-04,2,Energy,ambiguous_resolved
2020-04-23,CP Energy-Hwy 285,Midland,Permian Basin WDA,2020-05-03,2020-04-28,Midland,0,0,1,10,1,9,CP ENERGY-HWY 285,0,37,83,2020,2020Q2,2020-04,2,Energy,stage1
2020-04-23,Go Rentals - Monroe Rd,Fort Bend,Gulf Coast WDA,2020-03-21,2020-04-23,Houston,0,1,0,,,1,GO RENTALS - MONROE RD,0,88,608,2020,2020Q2,2020-04,0,Unknown,unresolved
2020-04-23,Go Rentals - Westgrove,Collin,Dallas County WDA,2020-03-21,2020-04-23,Addison,0,1,0,,,4,GO RENTALS,1,92,325,2020,2020Q2,2020-04,0,Unknown,unresolved
2020-04-23,Nextier Completion-Robston,Nueces,Coastal Bend WDA,2020-04-23,2020-04-27,Robstown,0,0,1,0,1,82,NEXTIER COMPLETION-ROBSTON,0,20,26,2020,2020Q2,2020-04,8,Energy,stage1
2020-04-23,Go Rentals - McKinney,Collin,North Central Texas WDA,2020-03-21,2020-04-23,McKinney,0,1,0,,,1,GO RENTALS,1,92,185,2020,2020Q2,2020-04,0,Unknown,unresolved
2020-04-23,Go Rentals - Ft. Worth,Tarrant,Tarrant County WDA,2020-03-21,2020-04-23,Ft. Worth,0,1,0,,,4,GO RENTALS - FT WORTH,0,207,213,2020,2020Q2,2020-04,0,Unknown,unresolved
2020-04-22,"Magic Leap, LLc",Collin,Gulf Coast WDA,2020-06-21,2020-04-29,McKinney,0,0,1,60,0,8,MAGIC LEAP,1,92,608,2020,2020Q2,2020-04,6,Technology_IT,stage1
2020-04-22,ATCO Structures,Angelina,Deep East Texas WDA,2020-03-13,2020-04-28,Diboll,0,1,0,,,90,ATCO STRUCTURES,0,5,12,2020,2020Q2,2020-04,0,Unknown,unresolved
2020-04-22,Pappas Seafood House (Aldine Bender),Harris,Gulf Coast WDA,2020-03-22,2020-04-22,Houston,0,1,0,,,113,PAPPAS SEAFOOD HOUSE,1,429,608,2020,2020Q2,2020-04,10,Retail_Food,stage1
2020-04-22,"Magic Leap, LLC-Austin",Travis,Capital Area WDA,2020-06-21,2020-04-29,Austin,0,0,1,60,0,15,MAGIC LEAP,1,169,166,2020,2020Q2,2020-04,6,Technology_IT,stage1
2020-04-22,Cactus Wellhead,Ector,Permian Basin WDA,2020-04-03,2020-04-28,Odessa,0,1,0,,,184,CACTUS WELLHEAD,1,19,83,2020,2020Q2,2020-04,0,Unknown,unresolved
2020-04-21,Southwestern & Pacific #6736,Bexar,Alamo WDA,2020-04-21,2020-05-04,San Antonio,0,0,1,0,1,1,SOUTHWESTERN PACIFIC 6736,0,200,238,2020,2020Q2,2020-04,0,Unknown,unresolved
2020-04-21,Epi Breads,Dallas,Dallas County WDA,2020-04-21,2020-04-24,Dallas,0,0,1,0,1,238,EPI BREADS,0,330,325,2020,2020Q2,2020-04,0,Unknown,unresolved
2020-04-21,"Energy Transfer, LP-SEC Energy Products",Harris,Gulf Coast WDA,2020-05-01,2020-04-21,Houston,0,0,1,10,1,95,ENERGY TRANSFER -SEC ENERGY PRODUCTS,0,429,608,2020,2020Q2,2020-04,2,Energy,stage1
2020-04-21,Enterprise Offshore-White Fleet Drilling,Harris,Gulf Coast WDA,2020-03-19,2020-04-21,Houston,0,1,0,,,76,ENTERPRISE OFFSHORE-WHITE FLEET DRILLING,0,429,608,2020,2020Q2,2020-04,8,Energy,stage1
2020-04-20,Hilton Garden Inn-Willowbrook,Harris,Gulf Coast WDA,2020-04-16,2020-04-20,Houston,0,1,0,,,44,HILTON GARDEN INN-WILLOWBROOK,0,429,608,2020,2020Q2,2020-04,6,Retail_Food,stage1
2020-04-20,Haliburton Energy Services-Monahans,Ward,Permian Basin WDA,2020-04-20,2020-04-22,Monahans,0,0,1,0,1,15,HALIBURTON ENERGY SERVICES-MONAHANS,0,6,83,2020,2020Q2,2020-04,2,Energy,stage1
2020-04-20,"Applied Aerodynamics, Inc.",Dallas,Dallas County WDA,2020-04-20,2020-04-28,Dallas,0,0,1,0,1,25,APPLIED AERODYNAMICS,0,330,325,2020,2020Q2,2020-04,0,Unknown,unresolved
2020-04-20,US Silica-Lamesa,Dawson,Permian Basin WDA,2020-04-17,2020-05-01,Lamesa,0,1,0,,,49,US SILICA-LAMESA,0,1,83,2020,2020Q2,2020-04,0,Unknown,unresolved
2020-04-17,ProPetro-Coil Tubing Operations,Midland,Permian Basin WDA,2020-04-16,2020-04-21,Midland,0,1,0,,,18,PROPETRO-COIL TUBING OPERATIONS,1,37,83,2020,2020Q2,2020-04,8,Energy,stage1
2020-04-17,Capital Sand Permian,Ward,Permian Basin WDA,2020-04-20,2020-04-30,Monahans,0,0,1,3,1,36,CAPITAL SAND PERMIAN,1,6,83,2020,2020Q2,2020-04,2,Energy,ambiguous_resolved
2020-04-17,National Oilwell - Pampa,Gray,Panhandle WDA,2020-04-17,2020-04-27,Pampa,0,0,1,0,1,91,NATIONAL OILWELL - PAMPA,0,2,22,2020,2020Q2,2020-04,2,Energy,stage1
2020-04-16,Pappas Bar-B-Q 11,Montgomery,Gulf Coast WDA,2020-03-16,2020-04-16,Conroe,0,1,0,,,29,PAPPAS BAR-B-Q 11,0,42,608,2020,2020Q2,2020-04,6,Retail_Food,stage1
2020-04-16,Discovery Natural Resources,Irion,Concho Valley WDA,2020-04-16,2020-04-30,Barnhart,0,0,1,0,1,36,DISCOVERY NATURAL RESOURCES,0,1,16,2020,2020Q2,2020-04,0,Unknown,unresolved
2020-04-16,Vroom-Meadows Place,Fort Bend,Gulf Coast WDA,2020-05-03,2020-04-27,Sugar Land,0,0,1,17,1,136,VROOM-MEADOWS PLACE,0,88,608,2020,2020Q2,2020-04,0,Unknown,unresolved
2020-04-16,Discovery Natual Resources- Ozona,Crockett,Concho Valley WDA,2020-04-16,2020-04-30,Ozona,0,0,1,0,1,4,DISCOVERY NATUAL RESOURCES- OZONA,0,1,16,2020,2020Q2,2020-04,0,Unknown,unresolved
2020-04-16,ProPetro-Hydraulic Fracturing,Matagorda,Permian Basin WDA,2020-04-16,2020-04-21,Midfield,0,0,1,0,1,566,PROPETRO-HYDRAULIC FRACTURING,0,3,83,2020,2020Q2,2020-04,10,Energy,stage1
2020-04-16,"Black Mountain Management, LLC",Tarrant,Middle Rio Grande WDA,2020-05-01,2020-04-21,Ft. Worth,0,0,1,15,1,87,BLACK MOUNTAIN MANAGEMENT,0,207,15,2020,2020Q2,2020-04,0,Unknown,unresolved
2020-04-16,Electro Rent,Denton,North Central Texas WDA,2020-04-16,2020-04-28,Roanoke,0,0,1,0,1,7,ELECTRO RENT,1,56,185,2020,2020Q2,2020-04,0,Unknown,unresolved
2020-04-15,Chalk Montain Services of Texas LLC - Pleasanton,Atascosa,Alamo WDA,2020-04-15,2020-05-01,Pleasanton,0,0,1,0,1,14,CHALK MONTAIN SERVICES OF TEXAS - PLEASANTON,1,8,238,2020,2020Q2,2020-04,0,Unknown,unresolved
2020-04-15,CalFrac Well Services,Bexar,Alamo WDA,2020-04-15,2020-04-24,San Antonio,0,0,1,0,1,134,CALFRAC WELL SERVICES,0,200,238,2020,2020Q2,2020-04,0,Unknown,unresolved
2020-04-15,Ahern Rentals,Ector,Permian Basin WDA,2020-03-30,2020-04-16,Odessa,0,1,0,,,3,AHERN RENTALS,1,19,83,2020,2020Q2,2020-04,6,Construction_Real_Estate,stage1
2020-04-15,Baker Hughes-Houston,Harris,Gulf Coast WDA,2020-06-15,2020-04-22,Houston,0,0,1,61,0,184,BAKER HUGHES,0,429,608,2020,2020Q2,2020-04,0,Unknown,unresolved
2020-04-15,Shawcor Pipe Protection,Brazoria,Gulf Coast WDA,2020-05-04,2020-04-21,Pearland,0,0,1,19,1,65,SHAWCOR PIPE PROTECTION,0,13,608,2020,2020Q2,2020-04,2,Manufacturing,stage1
2020-04-15,Diamond Offshore Drilling Corporate,Harris,Gulf Coast WDA,2020-04-15,2020-04-15,Houston,0,0,1,0,1,102,DIAMOND OFFSHORE DRILLING CORPORATE,0,429,608,2020,2020Q2,2020-04,8,Energy,stage1
2020-04-14,NexTier Completion Solutions Inc. - Onyx Dr,Midland,Permian Basin WDA,2020-03-19,2020-04-22,Midland,0,1,0,,,60,NEXTIER COMPLETION SOLUTIONS - ONYX DR,0,37,83,2020,2020Q2,2020-04,8,Energy,stage1
2020-04-14,NexTier Completion Solutions Inc. - FM 1788,Midland,Permian Basin WDA,2020-01-17,2020-04-22,Midland,0,1,0,,,133,NEXTIER COMPLETION SOLUTIONS - FM 1788,0,37,83,2020,2020Q2,2020-04,8,Energy,stage1
2020-04-14,NexTier Completion Solutions Inc. - E IH 20,Midland,Permian Basin WDA,2020-03-19,2020-04-22,Midland,0,1,0,,,58,NEXTIER COMPLETION SOLUTIONS - E IH 20,0,37,83,2020,2020Q2,2020-04,8,Energy,stage1
2020-04-14,NexTier Completion Solutions Inc. - Pecos,Reeves,Permian Basin WDA,2020-03-20,2020-04-22,Pecos,0,1,0,,,49,NEXTIER COMPLETION SOLUTIONS - PECOS,0,2,83,2020,2020Q2,2020-04,8,Energy,stage1
2020-04-14,NexTier Completion Solutions Inc. - Odessa,Ector,Permian Basin WDA,2020-02-10,2020-04-22,Odessa,0,1,0,,,197,NEXTIER COMPLETION SOLUTIONS,1,19,83,2020,2020Q2,2020-04,8,Energy,stage1
2020-04-14,Paul Martin's American Grill,Travis,Capital Area WDA,2020-04-07,2020-04-22,Austin,0,1,0,,,81,PAUL MARTIN S AMERICAN GRILL,0,169,166,2020,2020Q2,2020-04,2,Retail_Food,stage1
2020-04-14,NexTier Completion Solutions Inc. - Westpark Dr.,Fort Bend,Gulf Coast WDA,2020-03-19,2020-04-22,Houston,0,1,0,,,85,NEXTIER COMPLETION SOLUTIONS,1,88,608,2020,2020Q2,2020-04,8,Energy,stage1
2020-04-14,NexTier Completion Solutions Inc.- Rogerdale,Fort Bend,Gulf Coast WDA,2020-01-07,2020-04-22,Houston,0,1,0,,,196,NEXTIER COMPLETION SOLUTIONS - ROGERDALE,0,88,608,2020,2020Q2,2020-04,8,Energy,stage1
2020-04-14,Titan Production Equipment-Alleyton,Colorado,Gulf Coast WDA,2020-04-10,2020-04-29,Alleyton,0,1,0,,,56,TITAN PRODUCTION EQUIPMENT-ALLEYTON,0,2,608,2020,2020Q2,2020-04,2,Manufacturing,ambiguous_resolved
2020-04-14,"Titan Production Equipment, LLC",Montgomery,Gulf Coast WDA,2020-04-10,2020-04-29,Woodlands,0,1,0,,,10,TITAN PRODUCTION EQUIPMENT,0,42,608,2020,2020Q2,2020-04,2,Manufacturing,ambiguous_resolved
2020-04-14,NexTier Completion Solutions Inc.,Atascosa,Alamo WDA,2020-03-24,2020-04-22,Pleasanton,0,1,0,,,64,NEXTIER COMPLETION SOLUTIONS,1,8,238,2020,2020Q2,2020-04,8,Energy,stage1
2020-04-14,Pappasito's 04,Harris,Gulf Coast WDA,2020-03-16,2020-04-14,Webster,0,1,0,,,142,PAPPASITO S 04,0,429,608,2020,2020Q2,2020-04,6,Retail_Food,stage1
2020-04-14,FTS International Services-Longview,Gregg,East Texas WDA,2020-04-14,2020-04-21,Longview,0,0,1,0,1,58,FTS INTERNATIONAL SERVICES-LONGVIEW,0,13,39,2020,2020Q2,2020-04,0,Unknown,unresolved
2020-04-14,"Sun Coast Resources, Inc.",Midland,Permian Basin WDA,2020-04-10,2020-04-15,Midland,0,1,0,,,50,SUN COAST RESOURCES,0,37,83,2020,2020Q2,2020-04,0,Unknown,unresolved
2020-04-14,Vroom-Houston,Harris,Permian Basin WDA,2020-05-03,2020-04-27,Houston,0,0,1,19,1,36,VROOM,0,429,83,2020,2020Q2,2020-04,0,Unknown,unresolved
2020-04-14,Vroom-Stafford,Harris,Gulf Coast WDA,2020-05-03,2020-04-27,Stafford,0,0,1,19,1,59,VROOM-STAFFORD,1,429,608,2020,2020Q2,2020-04,2,Retail_Food,stage1
2020-04-14,Pier 1 Imports - Tarrant,Tarrant,Tarrant County WDA,2020-06-01,2020-04-21,Ft. Worth,0,0,1,48,1,585,PIER 1 IMPORTS - TARRANT,0,207,213,2020,2020Q2,2020-04,2,Logistics_Transportation,stage1
2020-04-14,Pier 1 Imports-Mansfield,Tarrant,Tarrant County WDA,2020-06-01,2020-04-21,Mansfield,0,0,1,48,1,67,PIER 1 IMPORTS-MANSFIELD,1,207,213,2020,2020Q2,2020-04,2,Logistics_Transportation,stage1
2020-04-14,Signal Peak Silica,Ward,Permian Basin WDA,2020-04-14,2020-04-24,Monahans,0,0,1,0,1,37,SIGNAL PEAK SILICA,0,6,83,2020,2020Q2,2020-04,0,Unknown,unresolved
2020-04-13,Signing Day One-D1 Training,Kendall,Alamo WDA,2020-04-09,2020-05-01,Boerne,0,1,0,,,3,SIGNING DAY ONE-D1 TRAINING,0,4,238,2020,2020Q2,2020-04,0,Unknown,unresolved
2020-04-13,At Home Corporate,Collin,North Central Texas WDA,2020-04-11,2020-04-24,Plano,0,1,0,,,147,AT HOME CORPORATE,0,92,185,2020,2020Q2,2020-04,0,Unknown,unresolved
2020-04-13,Take 5 Department 199,Bexar,Alamo WDA,2020-03-22,2020-04-13,San Antonio,0,1,0,,,7,TAKE 5 DEPARTMENT 199,0,200,238,2020,2020Q2,2020-04,0,Unknown,unresolved
2020-04-13,US Silica-Sandbox Logistics,Midland,Permian Basin WDA,2020-04-16,2020-04-22,Midland,0,0,1,3,1,105,US SILICA-SANDBOX LOGISTICS,0,37,83,2020,2020Q2,2020-04,6,Logistics_Transportation,stage1
2020-04-13,Take 5 Department 179,Bexar,Alamo WDA,2020-03-22,2020-04-13,San Antonio,0,1,0,,,11,TAKE 5 DEPARTMENT 179,0,200,238,2020,2020Q2,2020-04,0,Unknown,unresolved
2020-04-13,Beyond Finance,Harris,Gulf Coast WDA,2020-04-19,2020-04-21,Houston,0,0,1,6,1,302,BEYOND FINANCE,0,429,608,2020,2020Q2,2020-04,2,Finance,stage1
2020-04-13,America's Auto Auction Texas,Hays,Rural Capital WDA,2020-03-17,2020-04-13,Buda,0,1,0,,,1,AMERICA S AUTO AUCTION TEXAS,0,18,67,2020,2020Q2,2020-04,2,Logistics_Transportation,stage1
2020-04-13,Guess?,Webb,South Texas WDA,2020-04-02,2020-04-15,Laredo,0,1,0,,,30,GUESS?,0,17,17,2020,2020Q2,2020-04,0,Unknown,unresolved
2020-04-13,Covia-Kermit,Winkler,Permian Basin WDA,2020-04-13,2020-04-21,Kermit,0,0,1,0,1,82,COVIA-KERMIT,0,4,83,2020,2020Q2,2020-04,0,Unknown,unresolved
2020-04-13,Dog and Pony Grill,Kendall,Alamo WDA,2020-04-09,2020-05-01,Boerne,0,1,0,,,29,DOG AND PONY GRILL,0,4,238,2020,2020Q2,2020-04,2,Retail_Food,stage1
2020-04-13,Alamo Drafthouse-Corpus Christi,Nueces,Coastal Bend WDA,2020-03-17,2020-05-01,Corpus Ch,0,1,0,,,128,ALAMO DRAFTHOUSE,1,20,26,2020,2020Q2,2020-04,0,Unknown,unresolved
2020-04-13,Alamo Drafthouse-Laredo,Webb,South Texas WDA,2020-03-17,2020-05-01,Laredo,0,1,0,,,112,ALAMO DRAFTHOUSE,1,17,17,2020,2020Q2,2020-04,0,Unknown,unresolved
2020-04-13,Allied Aviation Fueling Co,Bexar,Alamo WDA,2020-05-13,2020-05-04,San Antonio,0,0,1,30,1,6,ALLIED AVIATION FUELING,0,200,238,2020,2020Q2,2020-04,6,Logistics_Transportation,stage1
2020-04-13,Yazaki North America,El Paso,Borderplexjobs WDA,2020-04-13,2020-04-13,El Paso,0,0,1,0,1,83,YAZAKI NORTH AMERICA,0,49,51,2020,2020Q2,2020-04,0,Unknown,unresolved
2020-04-13,MCD Innovations,Collin,North Central Texas WDA,2020-03-26,2020-04-22,McKinney,0,1,0,,,25,MCD INNOVATIONS,0,92,185,2020,2020Q2,2020-04,2,Technology_IT,stage1
2020-04-13,Pappadeaux Seafood Kitchen 33,Harris,Gulf Coast WDA,2020-03-16,2020-04-13,Houston,0,1,0,,,120,PAPPADEAUX SEAFOOD KITCHEN 33,0,429,608,2020,2020Q2,2020-04,4,Retail_Food,stage1
2020-04-10,Willie's Grill & Icehouse - I35 South,Bexar,Alamo WDA,2020-03-17,2020-04-21,San Antonio,0,1,0,,,40,WILLIE S GRILL ICEHOUSE - I35 SOUTH,0,200,238,2020,2020Q2,2020-04,6,Retail_Food,stage1
2020-04-10,Willie's Grill & Icehouse -  College Station,Brazos,Brazos Valley WDA,2020-03-17,2020-04-21,College Station,0,1,0,,,28,WILLIE S GRILL ICEHOUSE - COLLEGE STATION,0,10,14,2020,2020Q2,2020-04,6,Retail_Food,stage1
2020-04-10,Willie's Grill & Icehouse - Conroe,Montgomery,Gulf Coast WDA,2020-03-17,2020-04-21,Conroe,0,1,0,,,51,WILLIE S GRILL ICEHOUSE - CONROE,0,42,608,2020,2020Q2,2020-04,6,Retail_Food,stage1
2020-04-10,Willie's Grill & Icehouse.,Bexar,Alamo WDA,2020-03-17,2020-04-21,San Antonio,0,1,0,,,45,WILLIE S GRILL ICEHOUSE,1,200,238,2020,2020Q2,2020-04,6,Retail_Food,stage1
2020-04-10,Willie's Grill & Icehouse - Spring,Harris,Gulf Coast WDA,2020-03-14,2020-04-21,Spring,0,1,0,,,41,WILLIE S GRILL ICEHOUSE - SPRING,0,429,608,2020,2020Q2,2020-04,6,Retail_Food,stage1
2020-04-10,Willie's Grill & Icehouse - Leon Springs,Bexar,Alamo WDA,2020-03-17,2020-04-21,Leon Springs,0,1,0,,,38,WILLIE S GRILL ICEHOUSE - LEON SPRINGS,0,200,238,2020,2020Q2,2020-04,6,Retail_Food,stage1
2020-04-10,Willie's Grill & Icehouse - New Braunfels,Comal,Alamo WDA,2020-03-17,2020-04-21,New Braunfels,0,1,0,,,45,WILLIE S GRILL ICEHOUSE - NEW BRAUNFELS,0,11,238,2020,2020Q2,2020-04,6,Retail_Food,stage1
2020-04-10,Willie's Grill &  Icehouse - North Loop,Bexar,Alamo WDA,2020-03-17,2020-04-21,San Antonio,0,1,0,,,35,WILLIE S GRILL ICEHOUSE,1,200,238,2020,2020Q2,2020-04,6,Retail_Food,stage1
2020-04-10,Willie's Grill & Icehouse,Bexar,Alamo WDA,2020-03-17,2020-04-21,San Antonio,0,1,0,,,32,WILLIE S GRILL ICEHOUSE,1,200,238,2020,2020Q2,2020-04,6,Retail_Food,stage1
2020-04-10,Willie's Grill & Icehouse - Katy Fwy,Fort Bend,Gulf Coast WDA,2020-03-17,2020-04-21,Houston,0,1,0,,,40,WILLIE S GRILL ICEHOUSE - KATY FWY,0,88,608,2020,2020Q2,2020-04,6,Retail_Food,stage1
2020-04-10,Willie's Grill & Icehouse - Cypress,Harris,Gulf Coast WDA,2020-03-17,2020-04-21,Cypress,0,1,0,,,51,WILLIE S GRILL ICEHOUSE - CYPRESS,0,429,608,2020,2020Q2,2020-04,6,Retail_Food,stage1
2020-04-10,Pacific Drilling - Pacific Sharav,Fort Bend,Gulf Coast WDA,2020-04-13,2020-04-13,Houston,0,0,1,3,1,82,PACIFIC DRILLING - PACIFIC SHARAV,0,88,608,2020,2020Q2,2020-04,6,Energy,stage1
2020-04-10,Willie's Grill & Icehouse - Georgetown,Williamson,Rural Capital WDA,2020-03-17,2020-04-21,Georgetown,0,1,0,,,69,WILLIE S GRILL ICEHOUSE - GEORGETOWN,0,35,67,2020,2020Q2,2020-04,6,Retail_Food,stage1
2020-04-10,Hilton Garden Inn - Dallas Market Center,Dallas,Dallas County WDA,2020-03-16,2020-04-10,Dallas,0,1,0,,,61,HILTON GARDEN INN,0,330,325,2020,2020Q2,2020-04,8,Retail_Food,stage1
2020-04-10,"Yazaki North America dba Elcom, Inc.",El Paso,Borderplexjobs WDA,2020-04-13,2020-04-13,El Paso,0,0,1,3,1,43,YAZAKI NORTH AMERICA ELCOM,0,49,51,2020,2020Q2,2020-04,0,Unknown,unresolved
2020-04-10,Willie's Grill & Icehouse - Hwy 6 N,Fort Bend,Gulf Coast WDA,2020-03-17,2020-04-21,Houston,0,1,0,,,77,WILLIE S GRILL ICEHOUSE - HWY 6 N,0,88,608,2020,2020Q2,2020-04,6,Retail_Food,stage1
2020-04-10,Willie's Grill & Icehouse - 1960 RD,Fort Bend,Gulf Coast WDA,2020-03-17,2020-04-21,Houston,0,1,0,,,29,WILLIE S GRILL ICEHOUSE - 1960 RD,0,88,608,2020,2020Q2,2020-04,6,Retail_Food,stage1
2020-04-10,Willie's Grill & Icehouse - NW FWY,Fort Bend,Gulf Coast WDA,2020-03-17,2020-04-21,Houston,0,1,0,,,35,WILLIE S GRILL ICEHOUSE - NW FWY,0,88,608,2020,2020Q2,2020-04,6,Retail_Food,stage1
2020-04-10,NexTier Completion Solutions Inc. - San Angelo,Tom Green,Concho Valley WDA,2020-03-19,2020-04-22,San Angelo,0,1,0,,,53,NEXTIER COMPLETION SOLUTIONS - SAN ANGELO,0,9,16,2020,2020Q2,2020-04,8,Energy,stage1
2020-04-10,Willie's Grill & Icehouse - Sugar Land,Fort Bend,Gulf Coast WDA,2020-03-17,2020-04-21,Sugar Land,0,1,0,,,37,WILLIE S GRILL ICEHOUSE - SUGAR LAND,0,88,608,2020,2020Q2,2020-04,6,Retail_Food,stage1
2020-04-10,Avis Budget Car Rental-Airport Blvd,Harris,Gulf Coast WDA,2020-03-13,2020-04-29,Houston,0,1,0,,,47,AVIS BUDGET CAR RENTAL-AIRPORT BLVD,0,429,608,2020,2020Q2,2020-04,4,Logistics_Transportation,stage1
2020-04-10,Willie's Grill & Icehouse - HWY 249,Fort Bend,Gulf Coast WDA,2020-03-17,2020-04-21,Houston,0,1,0,,,39,WILLIE S GRILL ICEHOUSE - HWY 249,0,88,608,2020,2020Q2,2020-04,6,Retail_Food,stage1
2020-04-09,Turner Industries-Corpus Christi,Nueces,Coastal Bend WDA,2020-06-11,2020-04-21,Corpus Ch,0,0,1,63,0,40,TURNER INDUSTRIES,1,20,26,2020,2020Q2,2020-04,6,Construction_Real_Estate,stage1
2020-04-09,Universal Pressure Pumping,Midland,Permian Basin WDA,2020-04-09,2020-04-13,Midland,0,0,1,0,1,70,UNIVERSAL PRESSURE PUMPING,0,37,83,2020,2020Q2,2020-04,2,Manufacturing,stage1
2020-04-09,Black Bear Diner-Sugarland,Fort Bend,Gulf Coast WDA,2020-05-07,2020-04-24,Sugarland,0,0,1,28,1,46,BLACK BEAR DINER-SUGARLAND,0,88,608,2020,2020Q2,2020-04,0,Unknown,unresolved
2020-04-09,Black Bear Diner-Shenandoah,Montgomery,Gulf Coast WDA,2020-05-07,2020-04-21,Shenandoah,0,0,1,28,1,71,BLACK BEAR DINER-SHENANDOAH,0,42,608,2020,2020Q2,2020-04,0,Unknown,unresolved
2020-04-09,Black Bear Diner-Katy,Fort Bend,Gulf Coast WDA,2020-05-07,2020-04-24,Katy,0,0,1,28,1,47,BLACK BEAR DINER-KATY,0,88,608,2020,2020Q2,2020-04,0,Unknown,unresolved
2020-04-09,Black Bear Diner-Humble,Harris,Gulf Coast WDA,2020-05-07,2020-04-24,Humble,0,0,1,28,1,56,BLACK BEAR DINER-HUMBLE,0,429,608,2020,2020Q2,2020-04,0,Unknown,unresolved
2020-04-09,Black Bear Diner-15720 N Frwy,Harris,Gulf Coast WDA,2020-05-07,2020-04-24,Houston,0,0,1,28,1,42,BLACK BEAR DINER-15720 N FRWY,0,429,608,2020,2020Q2,2020-04,0,Unknown,unresolved
2020-04-09,Black Bear Diner-19823 NW Frwy,Harris,Gulf Coast WDA,2020-05-07,2020-04-24,Houston,0,0,1,28,1,2,BLACK BEAR DINER-19823 NW FRWY,0,429,608,2020,2020Q2,2020-04,0,Unknown,unresolved
2020-04-09,Embassy Suites-Dallas Love Field,Dallas,Dallas County WDA,2020-03-09,2020-04-10,Dallas,0,1,0,,,58,EMBASSY SUITES,1,330,325,2020,2020Q2,2020-04,0,Unknown,unresolved
2020-04-09,InterContinental Houston Medical Center,Fort Bend,Gulf Coast WDA,2020-04-09,2020-04-13,Houston,0,0,1,0,1,75,INTERCONTINENTAL HOUSTON MEDICAL CENTER,0,88,608,2020,2020Q2,2020-04,8,Healthcare,stage1
2020-04-09,Gristmill River Restaurant and Bar,Comal,Alamo WDA,2020-03-19,2020-04-10,New Braunfels,0,1,0,,,305,GRISTMILL RIVER RESTAURANT AND BAR,0,11,238,2020,2020Q2,2020-04,6,Retail_Food,stage1
2020-04-09,Step Energy Services,Midland,Permian Basin WDA,2020-04-16,2020-04-10,Midland,0,0,1,7,1,76,STEP ENERGY SERVICES,0,37,83,2020,2020Q2,2020-04,2,Energy,stage1
2020-04-09,Capital Sand Permian,Ward,Permian Basin WDA,2020-04-07,2020-04-10,Monahans,0,1,0,,,50,CAPITAL SAND PERMIAN,1,6,83,2020,2020Q2,2020-04,2,Energy,ambiguous_resolved
2020-04-09,VSPOne Dallas,Denton,North Central Texas WDA,2020-04-10,2020-04-21,Lewisville,0,0,1,1,1,133,VSPONE DALLAS,1,56,185,2020,2020Q2,2020-04,0,Unknown,unresolved
2020-04-08,Medieval Times,Dallas,Dallas County WDA,2020-03-12,2020-04-15,Dallas,0,1,0,,,190,MEDIEVAL TIMES,0,330,325,2020,2020Q2,2020-04,0,Unknown,unresolved
2020-04-08,Prospect Airport Services-DFW Airport,Tarrant,Tarrant County WDA,2020-03-20,2020-04-29,DFW Airport,0,1,0,,,201,PROSPECT AIRPORT SERVICES,0,207,213,2020,2020Q2,2020-04,4,Logistics_Transportation,stage1
2020-04-07,North American Dental Group,Collin,North Central Texas WDA,2020-03-23,2020-04-24,Allen,0,1,0,,,12,NORTH AMERICAN DENTAL GROUP,0,92,185,2020,2020Q2,2020-04,2,Healthcare,stage1
2020-04-07,Universal Pressure Pumping-Pearsall,Frio,Tarrant County WDA,2020-04-07,2020-04-14,Pearsall,0,0,1,0,1,200,UNIVERSAL PRESSURE PUMPING-PEARSALL,0,6,213,2020,2020Q2,2020-04,2,Manufacturing,stage1
2020-04-07,North American Dental - Roanoke,Denton,North Central Texas WDA,2020-03-23,2020-04-24,Roanoke,0,1,0,,,8,NORTH AMERICAN DENTAL - ROANOKE,0,56,185,2020,2020Q2,2020-04,2,Healthcare,stage1
2020-04-07,North American Dental - Tyler,Smith,East Texas WDA,2020-03-23,2020-04-24,Tyler,0,1,0,,,32,NORTH AMERICAN DENTAL - TYLER,0,11,39,2020,2020Q2,2020-04,2,Healthcare,stage1
2020-04-07,"Huhtamaki, Inc.",Lamar,North East Texas WDA,2020-04-07,2020-04-10,Paris,0,0,1,0,1,60,HUHTAMAKI,0,9,21,2020,2020Q2,2020-04,0,Unknown,unresolved
2020-04-07,Halliburton-Elmendorf,Bexar,Alamo WDA,2020-04-07,2020-04-07,Elmendorf,0,0,1,0,1,384,HALLIBURTON-ELMENDORF,0,200,238,2020,2020Q2,2020-04,6,Energy,stage1
2020-04-07,Leggette & Pratt Inc.,Ellis,North Central Texas WDA,2020-04-05,2020-04-13,Ennis,0,1,0,,,192,LEGGETTE PRATT,0,2,185,2020,2020Q2,2020-04,0,Unknown,unresolved
2020-04-07,El Gallo-,Harris,Gulf Coast WDA,2020-03-31,2020-04-07,Houston,0,1,0,,,9,EL GALLO-,0,429,608,2020,2020Q2,2020-04,0,Unknown,unresolved
2020-04-07,Epic Piping LLC,Hays,Rural Capital WDA,2020-04-07,2020-04-21,San Marcos,0,0,1,0,1,73,EPIC PIPING,0,18,67,2020,2020Q2,2020-04,0,Unknown,unresolved
2020-04-07,Avianca-Houston,Harris,Gulf Coast WDA,2020-04-01,2020-04-28,Houston,0,1,0,,,1,AVIANCA,1,429,608,2020,2020Q2,2020-04,0,Unknown,unresolved
2020-04-07,Avianca-DFW Airport,Dallas,Dallas County WDA,2020-04-01,2020-04-28,DFW Airport,0,1,0,,,1,AVIANCA,1,330,325,2020,2020Q2,2020-04,4,Logistics_Transportation,stage1
2020-04-07,Frontier Enterp;rise,Bexar,Alamo WDA,2020-04-07,2020-04-07,San Antonio,0,0,1,0,1,1000,FRONTIER ENTERP;RISE,0,200,238,2020,2020Q2,2020-04,0,Unknown,unresolved
2020-04-07,YMCA-San Antonio,Bexar,Alamo WDA,2020-03-18,2020-04-07,San Antonio,0,1,0,,,1679,YMCA,1,200,238,2020,2020Q2,2020-04,2,Public_Nonprofit,stage1
2020-04-07,"Exeter Finance, LLC",Dallas,Dallas County WDA,2020-04-07,2020-04-21,Irving,0,0,1,0,1,29,EXETER FINANCE,0,330,325,2020,2020Q2,2020-04,2,Finance,stage1
2020-04-07,ProPetro-Cement Operations Facility,Midland,Permian Basin WDA,2020-04-07,2020-04-10,Midland,0,0,1,0,1,39,PROPETRO-CEMENT OPERATIONS FACILITY,0,37,83,2020,2020Q2,2020-04,6,Energy,stage1
2020-04-06,Haliburton Energy Services-Brownfield,Terry,South Plains WDA,2020-04-06,2020-04-06,Brownfield,0,0,1,0,1,41,HALIBURTON ENERGY SERVICES-BROWNFIELD,0,1,29,2020,2020Q2,2020-04,2,Energy,stage1
2020-04-06,Questo Beso,Dallas,Dallas County WDA,2020-03-16,2020-04-13,Dallas,0,1,0,,,42,QUESTO BESO,0,330,325,2020,2020Q2,2020-04,0,Unknown,unresolved
2020-04-06,Scholastic Book Faris-Houston,Harris,Gulf Coast WDA,2020-04-23,2020-04-28,Houston,0,0,1,17,1,86,SCHOLASTIC BOOK FARIS,0,429,608,2020,2020Q2,2020-04,0,Unknown,unresolved
2020-04-06,Haliburton Energy Services-Odessa,Ector,Permian Basin WDA,2020-04-06,2020-04-06,Odessa,0,0,1,0,1,237,HALIBURTON ENERGY SERVICES,0,19,83,2020,2020Q2,2020-04,2,Energy,stage1
2020-04-06,Traffic Los Angeles--Joule Hotel,Dallas,Dallas County WDA,2020-03-16,2020-04-13,Dallas,0,1,0,,,4,TRAFFIC LOS ANGELES--JOULE HOTEL,0,330,325,2020,2020Q2,2020-04,6,Retail_Food,stage1
2020-04-06,Forty Five Ten,Dallas,Dallas County WDA,2020-03-16,2020-04-13,Dallas,0,1,0,,,10,FORTY FIVE TEN,0,330,325,2020,2020Q2,2020-04,0,Unknown,unresolved
2020-04-06,Scholastic Book Fairs-Waco,McLennan,Heart of Texas WDA,2020-03-20,2020-04-28,Waco,0,1,0,,,43,SCHOLASTIC BOOK FAIRS,1,24,34,2020,2020Q2,2020-04,0,Unknown,unresolved
2020-04-06,Tango Room,Dallas,Dallas County WDA,2020-03-16,2020-04-13,Dallas,0,1,0,,,2,TANGO ROOM,0,330,325,2020,2020Q2,2020-04,0,Unknown,unresolved
2020-04-06,"Wheelhouse, Sassetta",Dallas,Dallas County WDA,2020-03-16,2020-04-13,Dallas,0,1,0,,,82,WHEELHOUSE SASSETTA,0,330,325,2020,2020Q2,2020-04,0,Unknown,unresolved
2020-04-06,The Porch,Dallas,Dallas County WDA,2020-03-16,2020-04-13,Dallas,0,1,0,,,69,THE PORCH,0,330,325,2020,2020Q2,2020-04,0,Unknown,unresolved
2020-04-06,The Joule Hotel,Dallas,Dallas County WDA,2020-03-19,2020-04-13,Dallas,0,1,0,,,432,THE JOULE HOTEL,0,330,325,2020,2020Q2,2020-04,6,Retail_Food,stage1
2020-04-06,Forty Five Ten-Highland Park,Dallas,Dallas County WDA,2020-03-16,2020-04-13,Dallas,0,1,0,,,34,FORTY FIVE TEN-HIGHLAND PARK,0,330,325,2020,2020Q2,2020-04,0,Unknown,unresolved
2020-04-06,Benihana-Plano,Collin,North Central Texas WDA,2020-03-18,2020-04-13,Plano,0,1,0,,,56,BENIHANA,1,92,185,2020,2020Q2,2020-04,6,Retail_Food,stage1
2020-04-06,"Vallourec Sta, LP",Harris,Gulf Coast WDA,2020-05-09,2020-05-01,Houston,0,0,1,33,1,144,VALLOUREC STA,0,429,608,2020,2020Q2,2020-04,0,Unknown,unresolved
2020-04-06,The Commisary,Dallas,Dallas County WDA,2020-03-16,2020-04-13,Dallas,0,1,0,,,19,THE COMMISARY,0,330,325,2020,2020Q2,2020-04,0,Unknown,unresolved
2020-04-06,Scholastic Book Fairs-Arlington,Tarrant,Tarrant County WDA,2020-03-24,2020-04-28,Arlington,0,1,0,,,85,SCHOLASTIC BOOK FAIRS,1,207,213,2020,2020Q2,2020-04,0,Unknown,unresolved
2020-04-06,Paul Martin's-Dallas,Dallas,Dallas County WDA,2020-04-07,2020-04-22,Dallas,0,0,1,1,1,57,PAUL MARTIN S,0,330,325,2020,2020Q2,2020-04,0,Unknown,unresolved
2020-04-05,Ra Sushi-Austin,Travis,Capital Area WDA,2020-03-17,2020-04-13,Austin,0,1,0,,,55,RA SUSHI,1,169,166,2020,2020Q2,2020-04,2,Retail_Food,stage1
2020-04-05,Ra Sushi-Southlake,Tarrant,Tarrant County WDA,2020-03-18,2020-04-13,Southlake,0,1,0,,,33,RA SUSHI,1,207,213,2020,2020Q2,2020-04,2,Retail_Food,stage1
2020-04-05,Benihana Las Colinas,Dallas,Dallas County WDA,2020-03-17,2020-04-08,Irving,0,1,0,,,53,BENIHANA LAS COLINAS,0,330,325,2020,2020Q2,2020-04,6,Retail_Food,stage1
2020-04-05,Benihana Dallas,Dallas,Dallas County WDA,2020-03-17,2020-04-08,Dallas,0,1,0,,,72,BENIHANA DALLAS,0,330,325,2020,2020Q2,2020-04,6,Retail_Food,stage1
2020-04-05,Ra Sushi-Houston,Harris,Gulf Coast WDA,2020-03-17,2020-04-13,Houston,0,1,0,,,67,RA SUSHI,1,429,608,2020,2020Q2,2020-04,2,Retail_Food,stage1
2020-04-05,Benihana-The Woodlands,Montgomery,Gulf Coast WDA,2020-03-19,2020-04-13,The Woodlands,0,1,0,,,38,BENIHANA-THE WOODLANDS,0,42,608,2020,2020Q2,2020-04,6,Retail_Food,stage1
2020-04-05,Benihana-Westhiemer,Harris,Gulf Coast WDA,2020-03-17,2020-04-13,Houston,0,1,0,,,52,BENIHANA,1,429,608,2020,2020Q2,2020-04,6,Retail_Food,stage1
2020-04-05,Ra Sushi-Plano,Collin,North Central Texas WDA,2020-03-18,2020-04-13,Plano,0,1,0,,,44,RA SUSHI,1,92,185,2020,2020Q2,2020-04,2,Retail_Food,stage1
2020-04-05,Benihana-Houston,Harris,Gulf Coast WDA,2020-03-17,2020-04-13,Houston,0,1,0,,,41,BENIHANA,1,429,608,2020,2020Q2,2020-04,6,Retail_Food,stage1
2020-04-05,Benihana-Sugarland,Fort Bend,Gulf Coast WDA,2020-03-17,2020-04-13,Sugar Land,0,1,0,,,41,BENIHANA-SUGARLAND,0,88,608,2020,2020Q2,2020-04,6,Retail_Food,stage1
2020-04-04,Justin Brands-W. Daggett,Tarrant,Tarrant County WDA,2020-04-05,2020-04-22,Ft. Worth,0,0,1,1,1,121,JUSTIN BRANDS-W DAGGETT,0,207,213,2020,2020Q2,2020-04,6,Retail_Food,stage1
2020-04-03,David McDavid Acura,Travis,Capital Area WDA,2020-04-03,2020-04-22,Austin,0,0,1,0,1,13,DAVID MCDAVID ACURA,1,169,166,2020,2020Q2,2020-04,0,Unknown,unresolved
2020-04-03,David McDavid Acura-Plano,Collin,North Central Texas WDA,2020-04-03,2020-04-22,Plano,0,0,1,0,1,42,DAVID MCDAVID ACURA,1,92,185,2020,2020Q2,2020-04,0,Unknown,unresolved
2020-04-03,David McDavid- Lincoln,Collin,North Central Texas WDA,2020-04-03,2020-04-22,Plano,0,0,1,0,1,27,DAVID MCDAVID- LINCOLN,0,92,185,2020,2020Q2,2020-04,2,Retail_Food,stage1
2020-04-03,JW Marriott Austin,Travis,Capital Area WDA,2020-04-10,2020-04-14,Austin,0,0,1,7,1,166,JW MARRIOTT AUSTIN,0,169,166,2020,2020Q2,2020-04,6,Retail_Food,stage1
2020-04-03,National Credit Services,Dallas,Dallas County WDA,2020-04-03,2020-04-07,Dallas,0,0,1,0,1,141,NATIONAL CREDIT SERVICES,0,330,325,2020,2020Q2,2020-04,2,Finance,stage1
2020-04-03,David McDavid- Ford,Tarrant,Tarrant County WDA,2020-04-03,2020-04-22,Ft. Worth,0,0,1,0,1,50,DAVID MCDAVID- FORD,0,207,213,2020,2020Q2,2020-04,2,Retail_Food,stage1
2020-04-03,David McDavid- Honda,Dallas,Dallas County WDA,2020-04-03,2020-04-22,Irving,0,0,1,0,1,50,DAVID MCDAVID- HONDA,0,330,325,2020,2020Q2,2020-04,2,Retail_Food,stage1
2020-04-03,South Texas Eye Institute,Bexar,Alamo WDA,2020-03-23,2020-04-21,San Antonio,0,1,0,,,21,SOUTH TEXAS EYE INSTITUTE,0,200,238,2020,2020Q2,2020-04,0,Unknown,unresolved
2020-04-03,US Silica-Crane Facility,Crane,Permian Basin WDA,2020-05-21,2020-04-22,Crane,0,0,1,48,1,71,US SILICA-CRANE FACILITY,0,2,83,2020,2020Q2,2020-04,2,Logistics_Transportation,stage1
2020-04-03,David McDavid Honda-Frisco,Collin,North Central Texas WDA,2020-04-03,2020-04-22,Frisco,0,0,1,0,1,67,DAVID MCDAVID HONDA,0,92,185,2020,2020Q2,2020-04,2,Retail_Food,stage1
2020-04-03,"Roquemore Holdings, LLC",Dallas,Dallas County WDA,2020-04-03,2020-04-08,Garland,0,0,1,0,1,37,ROQUEMORE HOLDINGS,0,330,325,2020,2020Q2,2020-04,0,Unknown,unresolved
2020-04-03,Global Investigative Services,Dallas,Dallas County WDA,2020-04-03,2020-04-08,Garland,0,0,1,0,1,11,GLOBAL INVESTIGATIVE SERVICES,0,330,325,2020,2020Q2,2020-04,0,Unknown,unresolved
2020-04-03,Turner Industries-Pasadena,Harris,Gulf Coast WDA,2020-06-05,2020-04-08,Pasadena,0,0,1,63,0,105,TURNER INDUSTRIES-PASADENA,0,429,608,2020,2020Q2,2020-04,6,Construction_Real_Estate,stage1
2020-04-02,Kinsel Ford-Toyota,Jefferson,South East Texas WDA,2020-04-02,2020-04-22,Beaumont,0,0,1,0,1,8,KINSEL FORD-TOYOTA,0,20,27,2020,2020Q2,2020-04,4,Retail_Food,stage1
2020-04-02,Martin-Brower Co. LLC,Montgomery,Gulf Coast WDA,2020-04-02,2020-04-15,Conroe,0,0,1,0,1,44,MARTIN-BROWER,0,42,608,2020,2020Q2,2020-04,0,Unknown,unresolved
2020-04-02,Tandy Leather Co.,Tarrant,Tarrant County WDA,2020-04-01,2020-04-14,Ft. Worth,0,1,0,,,14,TANDY LEATHER,0,207,213,2020,2020Q2,2020-04,2,Manufacturing,stage1
2020-04-02,"UTLX Manufacturing, Inc.",Harris,Gulf Coast WDA,2020-06-01,2020-04-13,Houston,0,0,1,60,0,81,UTLX MANUFACTURING,1,429,608,2020,2020Q2,2020-04,6,Manufacturing,stage1
2020-04-02,Turner Industries,Lamar,North East Texas WDA,2020-06-05,2020-04-08,Paris,0,0,1,64,0,500,TURNER INDUSTRIES,1,9,21,2020,2020Q2,2020-04,6,Construction_Real_Estate,stage1
2020-04-02,"Watson & Chalin Manufacturing, Inc. - McKinney",Collin,North Central Texas WDA,2020-04-03,2020-04-21,McKinney,0,0,1,1,1,103,WATSON CHALIN MANUFACTURING,0,92,185,2020,2020Q2,2020-04,6,Manufacturing,stage1
2020-04-02,Pioneer Frozen Foods,Dallas,Dallas County WDA,2020-03-27,2020-04-06,Duncanville,0,1,0,,,90,PIONEER FROZEN FOODS,1,330,325,2020,2020Q2,2020-04,2,Retail_Food,stage1
2020-04-02,Palmer of Texas,Andrews,Permian Basin WDA,2020-04-01,2020-04-06,Andrews,0,1,0,,,50,PALMER OF TEXAS,0,5,83,2020,2020Q2,2020-04,0,Unknown,unresolved
2020-04-02,Fairfield Inn & Suites Dallas,Dallas,Dallas County WDA,2020-03-25,2020-04-14,Dallas,0,1,0,,,56,FAIRFIELD INN SUITES DALLAS,0,330,325,2020,2020Q2,2020-04,0,Unknown,unresolved
2020-04-02,"Kinsel Ford, Inc.",Jefferson,South East Texas WDA,2020-04-02,2020-04-22,Beaumont,0,0,1,0,1,19,KINSEL FORD,0,20,27,2020,2020Q2,2020-04,2,Retail_Food,stage1
2020-04-01,Avis Car Rental,Dallas,Dallas County WDA,2020-03-13,2020-05-01,Dallas,0,1,0,,,901,AVIS CAR RENTAL,0,330,325,2020,2020Q2,2020-04,0,Unknown,unresolved
2020-04-01,Avis Car Rental-3937 26th Ave,Dallas,Dallas County WDA,2020-03-11,2020-05-01,Dallas,0,1,0,,,12,AVIS CAR RENTAL-3937 26TH AVE,0,330,325,2020,2020Q2,2020-04,0,Unknown,unresolved
2020-04-01,Zachary Industrial-LyndellBaseII,Harris,Gulf Coast WDA,2020-03-30,2020-04-09,Houston,0,1,0,,,288,ZACHARY INDUSTRIAL-LYNDELLBASEII,0,429,608,2020,2020Q2,2020-04,2,Manufacturing,stage1
2020-04-01,Hampton Inn-Frisco,Collin,North Central Texas WDA,2020-04-01,2020-04-21,Frisco,0,0,1,0,1,11,HAMPTON INN,0,92,185,2020,2020Q2,2020-04,0,Unknown,unresolved
2020-04-01,Courtyard by Marriott Austin,Travis,Capital Area WDA,2020-04-01,2020-04-21,Pflugerville,0,0,1,0,1,53,COURTYARD BY MARRIOTT AUSTIN,0,169,166,2020,2020Q2,2020-04,6,Retail_Food,stage1
2020-04-01,Hyatt Place-Cedar Park,Williamson,Rural Capital WDA,2020-04-01,2020-04-21,Cedar Park,0,0,1,0,1,12,HYATT PLACE-CEDAR PARK,0,35,67,2020,2020Q2,2020-04,6,Retail_Food,stage1
2020-04-01,Avis Car Rental-Cedar Springs,Dallas,Dallas County WDA,2020-03-13,2020-05-01,Dallas,0,1,0,,,33,AVIS CAR RENTAL-CEDAR SPRINGS,0,330,325,2020,2020Q2,2020-04,0,Unknown,unresolved
2020-04-01,Avis Car Rental-3850 26th,Dallas,Dallas County WDA,2020-03-11,2020-05-01,Dallas,0,1,0,,,8,AVIS CAR RENTAL-3850 26TH,0,330,325,2020,2020Q2,2020-04,0,Unknown,unresolved
2020-03-31,Fixbrewhouse-El Paso,El Paso,Borderplexjobs WDA,2020-05-01,2020-04-08,El Paso,0,0,1,31,1,127,FIXBREWHOUSE,1,49,51,2020,2020Q1,2020-03,0,Unknown,unresolved
2020-03-31,El Gallo,Harris,Gulf Coast WDA,2020-03-31,2020-04-07,Houston,0,0,1,0,1,10,EL GALLO,0,429,608,2020,2020Q1,2020-03,0,Unknown,unresolved
2020-03-31,Guadalajara Hacienda-,Montgomery,Gulf Coast WDA,2020-03-31,2020-04-07,Shenandoah,0,0,1,0,1,42,GUADALAJARA HACIENDA-,0,42,608,2020,2020Q1,2020-03,0,Unknown,unresolved
2020-03-31,HMS Host-Lubbock Airport,Lubbock,South Plains WDA,2020-03-19,2020-04-27,Lubbock,0,1,0,,,15,HMS HOST,1,20,29,2020,2020Q1,2020-03,4,Logistics_Transportation,stage1
2020-03-31,HMS Host-El Paso Airport,El Paso,Borderplexjobs WDA,2020-03-19,2020-04-27,El Paso,0,1,0,,,70,HMS HOST,1,49,51,2020,2020Q1,2020-03,4,Logistics_Transportation,stage1
2020-03-31,Pioneer Frozen Foods-Dallas,Dallas,Dallas County WDA,2020-04-03,2020-04-09,Dallas,0,0,1,3,1,70,PIONEER FROZEN FOODS,1,330,325,2020,2020Q1,2020-03,2,Retail_Food,stage1
2020-03-31,Guadalajara Hacienda,Fort Bend,Gulf Coast WDA,2020-03-31,2020-04-07,Katy,0,0,1,0,1,37,GUADALAJARA HACIENDA,0,88,608,2020,2020Q1,2020-03,0,Unknown,unresolved
2020-03-31,InterContinental-Stephen F Austin,Travis,Capital Area WDA,2020-04-03,2020-04-21,Austin,0,0,1,3,1,99,INTERCONTINENTAL-STEPHEN F AUSTIN,1,169,166,2020,2020Q1,2020-03,0,Unknown,unresolved
2020-03-31,Guadalajara Grille,Harris,Gulf Coast WDA,2020-03-31,2020-04-07,Houston,0,0,1,0,1,36,GUADALAJARA GRILLE,0,429,608,2020,2020Q1,2020-03,2,Retail_Food,stage1
2020-03-31,Step Energy Services-Floresville,Wilson,Alamo WDA,2020-04-16,2020-04-13,Floresville,0,0,1,16,1,69,STEP ENERGY SERVICES-FLORESVILLE,0,2,238,2020,2020Q1,2020-03,2,Energy,stage1
2020-03-31,Justin Brands-Ft Worth,Tarrant,Tarrant County WDA,2020-03-20,2020-04-14,Fort Worth,0,1,0,,,10,JUSTIN BRANDS-FT WORTH,0,207,213,2020,2020Q1,2020-03,6,Retail_Food,stage1
2020-03-31,Fixbrewhouse-San Antonio,Bexar,Alamo WDA,2020-05-01,2020-04-08,San Antonio,0,0,1,31,1,164,FIXBREWHOUSE,1,200,238,2020,2020Q1,2020-03,0,Unknown,unresolved
2020-03-31,Justin Brands-Childress,Childress,Panhandle WDA,2020-03-20,2020-04-14,Childress,0,1,0,,,7,JUSTIN BRANDS-CHILDRESS,0,1,22,2020,2020Q1,2020-03,6,Retail_Food,stage1
2020-03-31,Great American Products Ltd.,Comal,Alamo WDA,2020-03-25,2020-03-31,New Braunfels,0,1,0,,,1,GREAT AMERICAN PRODUCTS,0,11,238,2020,2020Q1,2020-03,0,Unknown,unresolved
2020-03-31,Justin Brands-El Paso,El Paso,Borderplexjobs WDA,2020-03-20,2020-04-14,El Paso,0,1,0,,,179,JUSTIN BRANDS,0,49,51,2020,2020Q1,2020-03,6,Retail_Food,stage1
2020-03-31,Holiday Inn-Riverwalk,Bexar,Alamo WDA,2020-04-03,2020-04-01,San Antonio,0,0,1,3,1,61,HOLIDAY INN-RIVERWALK,0,200,238,2020,2020Q1,2020-03,6,Retail_Food,stage1
2020-03-31,Guadalajara Del Centro,Harris,Gulf Coast WDA,2020-04-01,2020-04-07,Houston,0,0,1,1,1,71,GUADALAJARA DEL CENTRO,0,429,608,2020,2020Q1,2020-03,0,Unknown,unresolved
2020-03-31,SiteMinder Hospitality-Colonnade,Dallas,Dallas County WDA,2020-03-31,2020-04-14,Addison,0,0,1,0,1,36,SITEMINDER HOSPITALITY-COLONNADE,0,330,325,2020,2020Q1,2020-03,6,Healthcare,stage1
2020-03-31,Drive Time,Johnson,Tarrant County WDA,2020-03-30,2020-03-31,Ft. Worth,0,1,0,,,108,DRIVE TIME,1,13,213,2020,2020Q1,2020-03,0,Unknown,unresolved
2020-03-31,"Flixbrewhouse-Cinema Breweries,Inc.",Williamson,Rural Capital WDA,2020-05-01,2020-04-08,Round Rock,0,0,1,31,1,168,FLIXBREWHOUSE-CINEMA BREWERIES,0,35,67,2020,2020Q1,2020-03,6,Retail_Food,stage1
2020-03-31,Fixbrewhouse-Frisco,Collin,North Central Texas WDA,2020-05-01,2020-04-08,Frisco,0,0,1,31,1,137,FIXBREWHOUSE,1,92,185,2020,2020Q1,2020-03,0,Unknown,unresolved
2020-03-31,"uShip, Inc.",Travis,Capital Area WDA,2020-04-09,2020-04-06,Austin,0,0,1,9,1,65,USHIP,0,169,166,2020,2020Q1,2020-03,0,Unknown,unresolved
2020-03-31,Justin Brands-N. Desert,El Paso,Borderplexjobs WDA,2020-03-20,2020-04-14,El Paso,0,1,0,,,5,JUSTIN BRANDS-N DESERT,0,49,51,2020,2020Q1,2020-03,6,Retail_Food,stage1
2020-03-31,Justin Brands--Gateway W,El Paso,Borderplexjobs WDA,2020-03-16,2020-04-14,El Paso,0,1,0,,,6,JUSTIN BRANDS--GATEWAY W,0,49,51,2020,2020Q1,2020-03,6,Retail_Food,stage1
2020-03-31,Justin Brands-1756 Gateway,El Paso,Borderplexjobs WDA,2020-03-20,2020-04-14,El Paso,0,1,0,,,6,JUSTIN BRANDS-1756 GATEWAY,0,49,51,2020,2020Q1,2020-03,6,Retail_Food,stage1
2020-03-31,Justin Brands-7100 Gateway E,El Paso,Borderplexjobs WDA,2020-03-20,2020-04-14,El Paso,0,1,0,,,6,JUSTIN BRANDS-7100 GATEWAY E,0,49,51,2020,2020Q1,2020-03,6,Retail_Food,stage1
2020-03-31,"DynaEnergetics US, Inc.",Hill,Heart of Texas WDA,2020-03-31,2020-04-15,Blum,0,0,1,0,1,85,DYNAENERGETICS US,0,4,34,2020,2020Q1,2020-03,0,Unknown,unresolved
2020-03-30,Sport Clips - FM620,Travis,Capital Area WDA,2020-03-28,2020-04-13,Austin,0,1,0,,,6,SPORT CLIPS - FM620,0,169,166,2020,2020Q1,2020-03,6,Retail_Food,stage1
2020-03-30,Sport Clips - Trimmier Rd,Bell,Central Texas WDA,2020-03-28,2020-04-13,Killeen,0,1,0,,,10,SPORT CLIPS - TRIMMIER RD,0,14,14,2020,2020Q1,2020-03,6,Retail_Food,stage1
2020-03-30,Sport Clips - Hwy 190,Coryell,Central Texas WDA,2020-03-28,2020-04-13,Copperas Cove,0,1,0,,,9,SPORT CLIPS - HWY 190,0,1,14,2020,2020Q1,2020-03,6,Retail_Food,stage1
2020-03-30,Sport Clips - Town Center,Travis,Capital Area WDA,2020-03-28,2020-04-13,Pflugerville,0,1,0,,,12,SPORT CLIPS - TOWN CENTER,0,169,166,2020,2020Q1,2020-03,6,Retail_Food,stage1
2020-03-30,Sport Clips - Frontage Rd.,Travis,Capital Area WDA,2020-03-28,2020-04-13,Austin,0,1,0,,,13,SPORT CLIPS - FRONTAGE RD,0,169,166,2020,2020Q1,2020-03,6,Retail_Food,stage1
2020-03-30,Sport Clips - Shops Pkwy,Travis,Capital Area WDA,2020-03-28,2020-04-13,Austin,0,1,0,,,13,SPORT CLIPS - SHOPS PKWY,0,169,166,2020,2020Q1,2020-03,8,Retail_Food,stage1
2020-03-30,Sport Clips - S. IH-35 Round Rock,Williamson,Rural Capital WDA,2020-03-28,2020-04-13,Round Rock,0,1,0,,,6,SPORT CLIPS - S IH-35 ROUND ROCK,0,35,67,2020,2020Q1,2020-03,6,Retail_Food,stage1
2020-03-30,Sport Clips - Walton Way,Williamson,Rural Capital WDA,2020-03-28,2020-04-13,Cedar Park,0,1,0,,,8,SPORT CLIPS - WALTON WAY,0,35,67,2020,2020Q1,2020-03,6,Retail_Food,stage1
2020-03-30,Veritas Shop Fabrication,Smith,East Texas WDA,2020-03-26,2020-03-30,Whitehouse,0,1,0,,,67,VERITAS SHOP FABRICATION,0,11,39,2020,2020Q1,2020-03,12,Manufacturing,stage1
2020-03-30,Holiday Inn Army Hotels,Bexar,Alamo WDA,2020-04-17,2020-03-30,San Antonio,0,0,1,18,1,61,HOLIDAY INN ARMY HOTELS,0,200,238,2020,2020Q1,2020-03,12,Retail_Food,stage1
2020-03-30,Sport Clips - Palm Valley,Williamson,Rural Capital WDA,2020-03-28,2020-04-13,Round Rock,0,1,0,,,8,SPORT CLIPS - PALM VALLEY,0,35,67,2020,2020Q1,2020-03,6,Retail_Food,stage1
2020-03-30,Sport Clips - University Oaks,Williamson,Rural Capital WDA,2020-03-28,2020-04-13,Round Rock,0,1,0,,,9,SPORT CLIPS - UNIVERSITY OAKS,0,35,67,2020,2020Q1,2020-03,6,Retail_Food,stage1
2020-03-30,Sport Clips - Whitestone Blvd,Williamson,Rural Capital WDA,2020-03-28,2020-04-13,Cedar Park,0,1,0,,,10,SPORT CLIPS - WHITESTONE BLVD,0,35,67,2020,2020Q1,2020-03,6,Retail_Food,stage1
2020-03-30,Sport Clips - Kyle Parkway,Hays,Rural Capital WDA,2020-03-28,2020-04-13,Kyle,0,1,0,,,12,SPORT CLIPS - KYLE PARKWAY,0,18,67,2020,2020Q1,2020-03,6,Retail_Food,stage1
2020-03-30,Sports Clips - San Antonio Rd,Hays,Rural Capital WDA,2020-03-28,2020-04-13,Buda,0,1,0,,,7,SPORTS CLIPS,0,18,67,2020,2020Q1,2020-03,2,Logistics_Transportation,stage1
2020-03-30,Double Tree by Hilton Hotel,Travis,Capital Area WDA,2020-03-13,2020-04-06,Austin,0,1,0,,,63,DOUBLE TREE BY HILTON HOTEL,0,169,166,2020,2020Q1,2020-03,12,Retail_Food,stage1
2020-03-30,Sport Clips - Agnes St.,Bastrop,Rural Capital WDA,2020-03-28,2020-04-13,Bastrop,0,1,0,,,11,SPORT CLIPS - AGNES ST,0,3,67,2020,2020Q1,2020-03,6,Retail_Food,stage1
2020-03-30,Sport Clips - Rivery Blvd.,Williamson,Rural Capital WDA,2020-03-28,2020-04-13,Georgetown,0,1,0,,,17,SPORT CLIPS - RIVERY BLVD,0,35,67,2020,2020Q1,2020-03,6,Retail_Food,stage1
2020-03-30,Drive Time - Houston,Fort Bend,Gulf Coast WDA,2020-03-30,2020-04-27,Houston,0,0,1,0,1,61,DRIVE TIME,1,88,608,2020,2020Q1,2020-03,0,Unknown,unresolved
2020-03-30,Hilton Houston Westchase,Harris,Gulf Coast WDA,2020-03-27,2020-04-07,Houston,0,1,0,,,50,HILTON HOUSTON WESTCHASE,0,429,608,2020,2020Q1,2020-03,6,Retail_Food,stage1
2020-03-30,IKO Southwest LLC,Hill,Heart of Texas WDA,2020-03-30,2020-04-27,Hillsboro,0,0,1,0,1,31,IKO SOUTHWEST,0,4,34,2020,2020Q1,2020-03,0,Unknown,unresolved
2020-03-30,"EMI Industries, LLC",Tarrant,Tarrant County WDA,1930-03-30,2020-04-08,Arlington,1,0,0,,,30,EMI INDUSTRIES,0,207,213,2020,2020Q1,2020-03,0,Unknown,unresolved
2020-03-30,Sport Clips - N. Mopac,Travis,Capital Area WDA,2020-03-28,2020-04-13,Austin,0,1,0,,,12,SPORT CLIPS - N MOPAC,0,169,166,2020,2020Q1,2020-03,6,Retail_Food,stage1
2020-03-30,Sport clips - Bee Caves,Travis,Capital Area WDA,2020-03-28,2020-04-13,Austin,0,1,0,,,6,SPORT CLIPS - BEE CAVES,0,169,166,2020,2020Q1,2020-03,6,Retail_Food,stage1
2020-03-30,Sport Clips - Lakeline,Travis,Capital Area WDA,2020-03-28,2020-04-13,Austin,0,1,0,,,9,SPORT CLIPS - LAKELINE,0,169,166,2020,2020Q1,2020-03,6,Retail_Food,stage1
2020-03-30,Sport Clips - Hwy. 290,Travis,Capital Area WDA,2020-03-28,2020-04-13,Austin,0,1,0,,,13,SPORT CLIPS - HWY 290,0,169,166,2020,2020Q1,2020-03,6,Retail_Food,stage1
2020-03-29,Suitssupply-Dallas,Dallas,Dallas County WDA,2020-03-29,2020-04-15,Dallas,0,0,1,0,1,19,SUITSSUPPLY,0,330,325,2020,2020Q1,2020-03,0,Unknown,unresolved
2020-03-29,Suitsupply-Austin,Travis,Capital Area WDA,2020-03-29,2020-04-15,Austin,0,0,1,0,1,7,SUITSUPPLY,1,169,166,2020,2020Q1,2020-03,0,Unknown,unresolved
2020-03-28,Ahern Rentals-El Paso,El Paso,Borderplexjobs WDA,2020-03-30,2020-04-20,El Paso,0,0,1,2,1,1,AHERN RENTALS,1,49,51,2020,2020Q1,2020-03,6,Construction_Real_Estate,stage1
2020-03-28,Ahern Rentals-Corpus Christi.,Nueces,Coastal Bend WDA,2020-03-30,2020-04-20,Corpus Ch,0,0,1,2,1,1,AHERN RENTALS,1,20,26,2020,2020Q1,2020-03,6,Construction_Real_Estate,stage1
2020-03-28,Ahern Rentals-Irving,Dallas,Dallas County WDA,2020-03-30,2020-04-20,Irving,0,0,1,2,1,12,AHERN RENTALS,1,330,325,2020,2020Q1,2020-03,6,Construction_Real_Estate,stage1
2020-03-28,Ahern Rentals-Lubbock,Lubbock,South Plains WDA,2020-03-30,2020-04-20,Lubbock,0,0,1,2,1,1,AHERN RENTALS,1,20,29,2020,2020Q1,2020-03,6,Construction_Real_Estate,stage1
2020-03-28,Ahern Rentals-Houston,Harris,Gulf Coast WDA,2020-03-30,2020-04-20,Houston,0,0,1,2,1,12,AHERN RENTALS,1,429,608,2020,2020Q1,2020-03,6,Construction_Real_Estate,stage1
2020-03-28,Ahern Rentals-Ft Worth,Tarrant,Tarrant County WDA,2020-03-30,2020-04-20,Fort Worth,0,0,1,2,1,3,AHERN RENTALS-FT WORTH,0,207,213,2020,2020Q1,2020-03,6,Construction_Real_Estate,stage1
2020-03-28,Ahern Rentals-San Antonio,Bexar,Alamo WDA,2020-03-30,2020-04-20,San Antonio,0,0,1,2,1,2,AHERN RENTALS,1,200,238,2020,2020Q1,2020-03,6,Construction_Real_Estate,stage1
2020-03-27,Paper Source-N. Lamar,Travis,Capital Area WDA,2020-03-29,2020-04-10,Austin,0,0,1,2,1,12,PAPER SOURCE-N LAMAR,0,169,166,2020,2020Q1,2020-03,2,Manufacturing,stage1
2020-03-27,Down on Grayson,Bexar,Alamo WDA,2020-03-18,2020-03-31,San Antonio,0,1,0,,,75,DOWN ON GRAYSON,0,200,238,2020,2020Q1,2020-03,0,Unknown,unresolved
2020-03-27,DriveTime Automotive-Houston,Harris,Gulf Coast WDA,2020-03-30,2020-04-30,Houston,0,0,1,3,1,61,DRIVETIME AUTOMOTIVE,0,429,608,2020,2020Q1,2020-03,2,Manufacturing,stage1
2020-03-27,Westin Stonbriar Hotel,Collin,North Central Texas WDA,2020-03-20,2020-03-30,Frisco,0,1,0,,,123,WESTIN STONBRIAR HOTEL,0,92,185,2020,2020Q1,2020-03,12,Retail_Food,stage1
2020-03-27,Paper Source-Southlake,Denton,Tarrant County WDA,2020-03-29,2020-04-08,Southlake,0,0,1,2,1,6,PAPER SOURCE,1,56,213,2020,2020Q1,2020-03,2,Manufacturing,stage1
2020-03-27,"Charbonneau Industries, Inc.",Harris,Gulf Coast WDA,2020-04-10,2020-04-14,Houston,0,0,1,14,1,60,CHARBONNEAU INDUSTRIES,0,429,608,2020,2020Q1,2020-03,0,Unknown,unresolved
2020-03-27,Paper Source-Palm Way,Travis,Capital Area WDA,2020-03-29,2020-04-10,Austin,0,0,1,2,1,10,PAPER SOURCE-PALM WAY,0,169,166,2020,2020Q1,2020-03,2,Manufacturing,stage1
2020-03-27,Charbonneau Ind.-Warehouse,Harris,Gulf Coast WDA,2020-04-10,2020-04-14,Houston,0,0,1,14,1,20,CHARBONNEAU IND -WAREHOUSE,0,429,608,2020,2020Q1,2020-03,2,Logistics_Transportation,stage1
2020-03-27,Trico Products,Cameron,Cameron County WDA,2020-03-30,2020-03-30,Brownsville,0,0,1,3,1,212,TRICO PRODUCTS,0,37,38,2020,2020Q1,2020-03,0,Unknown,unresolved
2020-03-27,Paper Source,Dallas,Dallas County WDA,2020-03-29,2020-04-01,Dallas,0,0,1,2,1,11,PAPER SOURCE,1,330,325,2020,2020Q1,2020-03,2,Manufacturing,stage1
2020-03-27,Pinnacle Logistics,Dallas,Dallas County WDA,2020-03-28,2020-03-30,Dallas,0,0,1,1,1,134,PINNACLE LOGISTICS,0,330,325,2020,2020Q1,2020-03,6,Logistics_Transportation,stage1
2020-03-27,Dorman Milano Hat Co.,Dallas,Dallas County WDA,2020-03-31,2020-04-01,Dallas,0,0,1,4,1,20,DORMAN MILANO HAT,0,330,325,2020,2020Q1,2020-03,0,Unknown,unresolved
2020-03-27,Paper Source-Cole Ave,Dallas,Dallas County WDA,2020-03-29,2020-04-01,Dallas,0,0,1,2,1,10,PAPER SOURCE-COLE AVE,0,330,325,2020,2020Q1,2020-03,2,Manufacturing,stage1
2020-03-27,Paper Source-Town and Country,Harris,Gulf Coast WDA,2020-03-29,2020-04-13,Houston,0,0,1,2,1,10,PAPER SOURCE-TOWN AND COUNTRY,0,429,608,2020,2020Q1,2020-03,2,Manufacturing,stage1
2020-03-27,Paper Source-Plano,Collin,North Central Texas WDA,2020-03-29,2020-04-08,Plano,0,0,1,2,1,8,PAPER SOURCE,1,92,185,2020,2020Q1,2020-03,2,Manufacturing,stage1
2020-03-27,Rosewood Mansion,Dallas,Dallas County WDA,2020-03-27,2020-04-30,Dallas,0,0,1,0,1,1,ROSEWOOD MANSION,0,330,325,2020,2020Q1,2020-03,0,Unknown,unresolved
2020-03-27,Paper Source-Westheimer,Harris,Gulf Coast WDA,2020-03-29,2020-04-13,Houston,0,0,1,2,1,17,PAPER SOURCE,1,429,608,2020,2020Q1,2020-03,2,Manufacturing,stage1
2020-03-27,"Compeat, Inc.",Travis,Capital Area WDA,2020-03-31,2020-04-14,Austin,0,0,1,4,1,56,COMPEAT,0,169,166,2020,2020Q1,2020-03,0,Unknown,unresolved
2020-03-26,Pappasito's 24,Tarrant,Tarrant County WDA,2020-03-16,2020-04-10,Dallas,0,1,0,,,42,PAPPASITO S 24,0,207,213,2020,2020Q1,2020-03,6,Retail_Food,stage1
2020-03-26,Pappasito's 01,Harris,Gulf Coast WDA,2020-03-16,2020-04-14,Houston,0,1,0,,,86,PAPPASITO S 01,0,429,608,2020,2020Q1,2020-03,6,Retail_Food,stage1
2020-03-26,Pappadeaux Seafood Kitchen 34,Hidalgo,Lower Rio Grande Valley WDA,2020-03-25,2020-04-13,Pharr,0,1,0,,,201,PAPPADEAUX SEAFOOD KITCHEN 34,0,35,38,2020,2020Q1,2020-03,4,Retail_Food,stage1
2020-03-26,Pappas Delta Blues,Collin,North Central Texas WDA,2020-03-21,2020-04-13,Plano,0,1,0,,,75,PAPPAS DELTA BLUES,1,92,185,2020,2020Q1,2020-03,6,Retail_Food,stage1
2020-03-26,Pappadeaux Seafood Kitchen 35,Tarrant,Tarrant County WDA,2020-03-19,2020-04-10,Dallas,0,1,0,,,88,PAPPADEAUX SEAFOOD KITCHEN 35,0,207,213,2020,2020Q1,2020-03,4,Retail_Food,stage1
2020-03-26,Pappadeaux Seafood Kitchen 42,Tarrant,Tarrant County WDA,2020-03-16,2020-04-10,Dallas,0,1,0,,,113,PAPPADEAUX SEAFOOD KITCHEN 42,0,207,213,2020,2020Q1,2020-03,4,Retail_Food,stage1
2020-03-26,Pappasito's 02,Harris,Gulf Coast WDA,2020-03-26,2020-04-14,Houston,0,0,1,0,1,106,PAPPASITO S 02,0,429,608,2020,2020Q1,2020-03,6,Retail_Food,stage1
2020-03-26,Tinseltown USA El Paso,El Paso,Borderplexjobs WDA,2020-03-26,2020-05-04,El Paso,0,0,1,0,1,108,TINSELTOWN USA EL PASO,0,49,51,2020,2020Q1,2020-03,6,Retail_Food,stage1
2020-03-26,Pappas Bar-B-Q 24,Dallas,Dallas County WDA,2020-03-16,2020-04-10,Duncanville,0,1,0,,,62,PAPPAS BAR-B-Q 24,0,330,325,2020,2020Q1,2020-03,6,Retail_Food,stage1
2020-03-26,Cinemark 12 Pearland,Brazoria,Gulf Coast WDA,2020-03-26,2020-04-28,Pearland,0,0,1,0,1,37,CINEMARK 12 PEARLAND,0,13,608,2020,2020Q1,2020-03,6,Retail_Food,stage1
2020-03-26,Pappasito's 10,Harris,Gulf Coast WDA,2020-03-16,2020-04-14,Houston,0,1,0,,,169,PAPPASITO S 10,0,429,608,2020,2020Q1,2020-03,6,Retail_Food,stage1
2020-03-26,Pappasito's 12,Harris,Gulf Coast WDA,2020-03-16,2020-04-14,Houston,0,1,0,,,128,PAPPASITO S 12,0,429,608,2020,2020Q1,2020-03,6,Retail_Food,stage1
2020-03-26,Pappas Catering Dallas,Dallas,Dallas County WDA,2020-03-24,2020-04-10,Richardson,0,1,0,,,11,PAPPAS CATERING DALLAS,0,330,325,2020,2020Q1,2020-03,6,Retail_Food,stage1
2020-03-26,Spitzer Industries-Brookshire,Waller,Gulf Coast WDA,2020-03-26,2020-04-13,Brookshire,0,0,1,0,1,53,SPITZER INDUSTRIES-BROOKSHIRE,0,1,608,2020,2020Q1,2020-03,0,Unknown,unresolved
2020-03-26,Pappasito's 06,Harris,Gulf Coast WDA,2020-03-16,2020-04-14,Humble,0,1,0,,,150,PAPPASITO S 06,0,429,608,2020,2020Q1,2020-03,6,Retail_Food,stage1
2020-03-26,Pappadeaux Seafood Kitchen 03,Travis,Capital Area WDA,2020-03-22,2020-04-08,Austin,0,1,0,,,125,PAPPADEAUX SEAFOOD KITCHEN 03,0,169,166,2020,2020Q1,2020-03,4,Retail_Food,stage1
2020-03-26,The Pearl South Padre,Cameron,Cameron County WDA,2020-03-27,2020-04-01,South Padre Is.,0,0,1,1,1,105,THE PEARL SOUTH PADRE,0,37,38,2020,2020Q1,2020-03,0,Unknown,unresolved
2020-03-26,Tinseltown Movies 17,Tarrant,Tarrant County WDA,2020-03-26,2020-05-04,Grapevine,0,0,1,0,1,70,TINSELTOWN MOVIES 17,0,207,213,2020,2020Q1,2020-03,12,Retail_Food,stage1
2020-03-26,Pappas Bar-B-Q 05,Dallas,Dallas County WDA,2020-03-16,2020-04-10,Dallas,0,1,0,,,35,PAPPAS BAR-B-Q 05,0,330,325,2020,2020Q1,2020-03,6,Retail_Food,stage1
2020-03-26,Pappasito's 20,Tarrant,Tarrant County WDA,2020-03-16,2020-04-10,Dallas,0,1,0,,,91,PAPPASITO S 20,0,207,213,2020,2020Q1,2020-03,6,Retail_Food,stage1
2020-03-26,Pappas Bros. Steakhouse 2,Dallas,Dallas County WDA,2020-03-19,2020-04-10,Dallas,0,1,0,,,101,PAPPAS BROS STEAKHOUSE 2,0,330,325,2020,2020Q1,2020-03,8,Retail_Food,stage1
2020-03-26,Pappasito's 07,Harris,Gulf Coast WDA,2020-03-16,2020-04-14,Houston,0,1,0,,,95,PAPPASITO S 07,0,429,608,2020,2020Q1,2020-03,6,Retail_Food,stage1
2020-03-26,Pappasito's 08,Harris,Gulf Coast WDA,2020-03-16,2020-04-14,Houston,0,1,0,,,151,PAPPASITO S 08,0,429,608,2020,2020Q1,2020-03,6,Retail_Food,stage1
2020-03-26,Cinemark 12 Sherman,Grayson,Texoma WDA,2020-03-26,2020-05-04,Sherman,0,0,1,0,1,39,CINEMARK 12 SHERMAN,0,8,9,2020,2020Q1,2020-03,6,Retail_Food,stage1
2020-03-26,Little Pappasito's,Harris,Gulf Coast WDA,2020-03-16,2020-04-14,Houston,0,1,0,,,109,LITTLE PAPPASITO S,0,429,608,2020,2020Q1,2020-03,6,Retail_Food,stage1
2020-03-26,Century 12 Abilene,Jones,West Central WDA,2020-03-26,2020-05-04,Abilene,0,0,1,0,1,23,CENTURY 12 ABILENE,0,4,10,2020,2020Q1,2020-03,6,Retail_Food,stage1
2020-03-26,Pappasito's 15,Tarrant,Tarrant County WDA,2020-04-17,2020-04-13,Ft. Worth,0,0,1,22,1,136,PAPPASITO S 15,0,207,213,2020,2020Q1,2020-03,6,Retail_Food,stage1
2020-03-26,Pappadeaux Seafood Kitchen 27,Montgomery,Gulf Coast WDA,2020-03-26,2020-04-13,Shenandoah,0,0,1,0,1,186,PAPPADEAUX SEAFOOD KITCHEN 27,0,42,608,2020,2020Q1,2020-03,4,Retail_Food,stage1
2020-03-26,Pappadeaux Seafood Kitchen 22,Harris,Gulf Coast WDA,2020-03-22,2020-04-13,Houston,0,1,0,,,99,PAPPADEAUX SEAFOOD KITCHEN 22,0,429,608,2020,2020Q1,2020-03,4,Retail_Food,stage1
2020-03-26,Pappadeaux Seafood Kitchen 10,Harris,Gulf Coast WDA,2020-03-16,2020-04-13,Houston,0,1,0,,,167,PAPPADEAUX SEAFOOD KITCHEN 10,0,429,608,2020,2020Q1,2020-03,4,Retail_Food,stage1
2020-03-26,Pappadeaux Seafood Kitchen 11,Dallas,Dallas County WDA,2020-03-21,2020-04-10,Dallas,0,1,0,,,165,PAPPADEAUX SEAFOOD KITCHEN 11,0,330,325,2020,2020Q1,2020-03,4,Retail_Food,stage1
2020-03-26,Pappadeaux Seafood Kitchen 07,Dallas,Dallas County WDA,2020-03-16,2020-04-09,Richardson,0,1,0,,,180,PAPPADEAUX SEAFOOD KITCHEN 07,0,330,325,2020,2020Q1,2020-03,4,Retail_Food,stage1
2020-03-26,Pappadeaux Seafood Kitchen 32,Harris,Gulf Coast WDA,2020-03-22,2020-04-13,Houston,0,1,0,,,78,PAPPADEAUX SEAFOOD KITCHEN 32,0,429,608,2020,2020Q1,2020-03,4,Retail_Food,stage1
2020-03-26,Pappas Catering Austin,Travis,Capital Area WDA,2020-03-24,2020-04-09,Austin,0,1,0,,,17,PAPPAS CATERING AUSTIN,0,169,166,2020,2020Q1,2020-03,6,Retail_Food,stage1
2020-03-26,Cinemark Montana 14,El Paso,Borderplexjobs WDA,2020-03-26,2020-05-04,El Paso,0,0,1,0,1,74,CINEMARK MONTANA 14,0,49,51,2020,2020Q1,2020-03,6,Retail_Food,stage1
2020-03-26,Pappasito's 09,Travis,Capital Area WDA,2020-03-16,2020-04-09,Austin,0,1,0,,,128,PAPPASITO S 09,0,169,166,2020,2020Q1,2020-03,6,Retail_Food,stage1
2020-03-26,Pappadeaux Seafood Kitchen 09,Harris,Gulf Coast WDA,2020-03-16,2020-04-13,Houston,0,1,0,,,184,PAPPADEAUX SEAFOOD KITCHEN 09,0,429,608,2020,2020Q1,2020-03,4,Retail_Food,stage1
2020-03-26,Pappadeaux Seafood Kitchen 12,Bexar,Alamo WDA,2020-03-25,2020-04-08,San Antonio,0,1,0,,,213,PAPPADEAUX SEAFOOD KITCHEN 12,0,200,238,2020,2020Q1,2020-03,4,Retail_Food,stage1
2020-03-26,Cinemark West,El Paso,Borderplexjobs WDA,2020-03-26,2020-05-04,El Paso,0,0,1,0,1,66,CINEMARK WEST,0,49,51,2020,2020Q1,2020-03,6,Retail_Food,stage1
2020-03-26,Pappadeaux Seafood Kitchen 1,Harris,Gulf Coast WDA,2020-03-21,2020-04-13,Houston,0,1,0,,,95,PAPPADEAUX SEAFOOD KITCHEN 1,0,429,608,2020,2020Q1,2020-03,4,Retail_Food,stage1
2020-03-26,Pappadeaux Seafood Kitchen 39,Travis,Capital Area WDA,2020-03-17,2020-04-09,Austin,0,1,0,,,123,PAPPADEAUX SEAFOOD KITCHEN 39,0,169,166,2020,2020Q1,2020-03,4,Retail_Food,stage1
2020-03-26,Pappadeaux Seafood Kitchen 05,Harris,Gulf Coast WDA,2020-03-16,2020-04-13,Stafford,0,1,0,,,178,PAPPADEAUX SEAFOOD KITCHEN 05,0,429,608,2020,2020Q1,2020-03,4,Retail_Food,stage1
2020-03-26,Pappadeaux Seafood Kitchen 06,Dallas,Dallas County WDA,2020-03-22,2020-04-09,Dallas,0,1,0,,,146,PAPPADEAUX SEAFOOD KITCHEN 06,0,330,325,2020,2020Q1,2020-03,4,Retail_Food,stage1
2020-03-26,Pappasito's 13,Dallas,Dallas County WDA,2020-03-16,2020-04-10,Dallas,0,1,0,,,121,PAPPASITO S 13,0,330,325,2020,2020Q1,2020-03,6,Retail_Food,stage1
2020-03-26,Pappadeaux Seafood Kitchen 16,Tarrant,Tarrant County WDA,2020-03-17,2020-04-13,Fort Worth,0,1,0,,,186,PAPPADEAUX SEAFOOD KITCHEN 16,0,207,213,2020,2020Q1,2020-03,4,Retail_Food,stage1
2020-03-26,Pappadeaux Seafood Kitchen 18,Tarrant,Tarrant County WDA,2020-03-21,2020-04-13,Bedford,0,1,0,,,90,PAPPADEAUX SEAFOOD KITCHEN 18,0,207,213,2020,2020Q1,2020-03,4,Retail_Food,stage1
2020-03-26,Pappadeaux Seafood Kitchen 36,Tarrant,Tarrant County WDA,,2020-04-13,Grapevine,0,0,0,,,154,PAPPADEAUX SEAFOOD KITCHEN 36,0,207,213,2020,2020Q1,2020-03,4,Retail_Food,stage1
2020-03-26,Pappadeaux Seafood Kitchen 29,Dallas,Dallas County WDA,2020-03-16,2020-04-10,Duncanville,0,1,0,,,161,PAPPADEAUX SEAFOOD KITCHEN 29,0,330,325,2020,2020Q1,2020-03,4,Retail_Food,stage1
2020-03-26,Pappadeaux Seafood Kitchen 41,Harris,Gulf Coast WDA,2020-03-17,2020-04-14,Houston,0,1,0,,,113,PAPPADEAUX SEAFOOD KITCHEN 41,0,429,608,2020,2020Q1,2020-03,4,Retail_Food,stage1
2020-03-26,Pappadeaux Seafood Kitchen 37,Harris,Gulf Coast WDA,2020-03-16,2020-04-14,Houston,0,1,0,,,140,PAPPADEAUX SEAFOOD KITCHEN 37,0,429,608,2020,2020Q1,2020-03,4,Retail_Food,stage1
2020-03-26,Cinemark Movie Bistro,El Paso,Borderplexjobs WDA,2020-03-26,2020-05-04,El Paso,0,0,1,0,1,35,CINEMARK MOVIE BISTRO,0,49,51,2020,2020Q1,2020-03,8,Retail_Food,stage1
2020-03-26,Pappadeaux Seafood Kitchen 02,Harris,Gulf Coast WDA,2020-03-16,2020-04-13,Houston,0,1,0,,,100,PAPPADEAUX SEAFOOD KITCHEN 02,0,429,608,2020,2020Q1,2020-03,4,Retail_Food,stage1
2020-03-26,Pappadeaux Seafood Kitchen 08,Tarrant,Tarrant County WDA,2020-03-18,2020-04-13,Arlington,0,1,0,,,155,PAPPADEAUX SEAFOOD KITCHEN 08,0,207,213,2020,2020Q1,2020-03,4,Retail_Food,stage1
2020-03-26,Pappadeaux Seafood Kitchen 40,Bexar,Alamo WDA,2020-03-25,2020-04-08,San Antonio,0,1,0,,,231,PAPPADEAUX SEAFOOD KITCHEN 40,0,200,238,2020,2020Q1,2020-03,4,Retail_Food,stage1
2020-03-26,Cinemark Abilene,Jones,West Central WDA,2020-03-26,2020-05-04,Abilene,0,0,1,0,1,36,CINEMARK ABILENE,0,4,10,2020,2020Q1,2020-03,6,Retail_Food,stage1
2020-03-26,Pappasito's 05,Dallas,Dallas County WDA,2020-03-16,2020-04-10,Richardson,0,1,0,,,116,PAPPASITO S 05,0,330,325,2020,2020Q1,2020-03,6,Retail_Food,stage1
2020-03-26,Pappadeaux Seafood Kitchen 28,Harris,Gulf Coast WDA,2020-03-19,2020-04-13,Houston,0,1,0,,,74,PAPPADEAUX SEAFOOD KITCHEN 28,0,429,608,2020,2020Q1,2020-03,4,Retail_Food,stage1
2020-03-26,Cielo Vista Mall 14,El Paso,Borderplexjobs WDA,2020-03-26,2020-05-04,El Paso,0,0,1,0,1,53,CIELO VISTA MALL 14,0,49,51,2020,2020Q1,2020-03,6,Retail_Food,stage1
2020-03-26,Pappadeaux Seafood Kitchen 21,Collin,North Central Texas WDA,2020-03-16,2020-04-10,Dallas,0,1,0,,,165,PAPPADEAUX SEAFOOD KITCHEN 21,0,92,185,2020,2020Q1,2020-03,4,Retail_Food,stage1
2020-03-26,Pappas Catering San Antonio,Bexar,Alamo WDA,2020-03-24,2020-04-08,San Antonio,0,1,0,,,27,PAPPAS CATERING SAN ANTONIO,0,200,238,2020,2020Q1,2020-03,6,Retail_Food,stage1
2020-03-26,Pappasito's 16,Tarrant,Tarrant County WDA,2020-03-18,2020-04-13,Arlington,0,1,0,,,127,PAPPASITO S 16,0,207,213,2020,2020Q1,2020-03,6,Retail_Food,stage1
2020-03-26,Pappas Delta Blues - Houston,Harris,Gulf Coast WDA,2020-03-21,2020-04-21,Webster,0,1,0,,,97,PAPPAS DELTA BLUES,1,429,608,2020,2020Q1,2020-03,6,Retail_Food,stage1
2020-03-26,Cornerstone Community-Weatherford,Parker,North Central Texas WDA,2020-05-29,2020-05-04,Weatherford,0,0,1,64,0,4,CORNERSTONE COMMUNITY-WEATHERFORD,0,5,185,2020,2020Q1,2020-03,2,Retail_Food,ambiguous_resolved
2020-03-26,Cornerstone Community-Mulberry,Wise,North Central Texas WDA,2020-05-29,2020-05-04,Decatur,0,0,1,64,0,7,CORNERSTONE COMMUNITY-MULBERRY,0,5,185,2020,2020Q1,2020-03,2,Public_Nonprofit,stage1
2020-03-26,Cornerstone Community-Mineral Wells,Palo Pinto,North Central Texas WDA,2020-05-29,2020-05-04,Mineral Wells,0,0,1,64,0,10,CORNERSTONE COMMUNITY-MINERAL WELLS,0,2,185,2020,2020Q1,2020-03,2,Public_Nonprofit,stage1
2020-03-26,Cornerstone Community-Boyd,Wise,North Central Texas WDA,2020-05-29,2020-05-04,Boyd,0,0,1,64,0,4,CORNERSTONE COMMUNITY-BOYD,0,5,185,2020,2020Q1,2020-03,2,Public_Nonprofit,stage1
2020-03-26,Cornerstone Community-Decatur,Wise,North Central Texas WDA,2020-05-29,2020-05-04,Decatur,0,0,1,64,0,2,CORNERSTONE COMMUNITY-DECATUR,0,5,185,2020,2020Q1,2020-03,2,Public_Nonprofit,stage1
2020-03-26,Pappasito's 03,Fort Bend,Gulf Coast WDA,2020-03-16,2020-04-14,Sugarland,0,1,0,,,135,PAPPASITO S 03,0,88,608,2020,2020Q1,2020-03,6,Retail_Food,stage1
2020-03-26,Tinseltown Lubbock,Lubbock,South Plains WDA,2020-03-26,2020-05-01,Lubbock,0,0,1,0,1,67,TINSELTOWN LUBBOCK,0,20,29,2020,2020Q1,2020-03,6,Retail_Food,stage1
2020-03-26,Cinemark Pharr 16,Hidalgo,Lower Rio Grande Valley WDA,2020-03-26,2020-04-29,Pharr,0,0,1,0,1,54,CINEMARK PHARR 16,0,35,38,2020,2020Q1,2020-03,6,Retail_Food,stage1
2020-03-26,Pappas Burger 1,Harris,Gulf Coast WDA,2020-03-16,2020-04-21,Houston,0,1,0,,,90,PAPPAS BURGER 1,0,429,608,2020,2020Q1,2020-03,8,Retail_Food,stage1
2020-03-26,Cinemark - Allen 16,Collin,North Central Texas WDA,2020-03-26,2020-05-04,Allen,0,0,1,0,1,53,CINEMARK - ALLEN 16,0,92,185,2020,2020Q1,2020-03,6,Retail_Food,stage1
2020-03-26,Movies 12  Texas City,Galveston,Gulf Coast WDA,2020-03-26,2020-04-29,Texas City,0,0,1,0,1,26,MOVIES 12 TEXAS CITY,0,9,608,2020,2020Q1,2020-03,6,Retail_Food,stage1
2020-03-26,Tinseltown Jacinto City,Harris,Gulf Coast WDA,2020-03-26,2020-04-29,Houston,0,0,1,0,1,50,TINSELTOWN JACINTO CITY,0,429,608,2020,2020Q1,2020-03,6,Retail_Food,stage1
2020-03-26,Ridgmar 13,Tarrant,Tarrant County WDA,2020-03-26,2020-05-04,Fort Worth,0,0,1,0,1,56,RIDGMAR 13,0,207,213,2020,2020Q1,2020-03,0,Unknown,unresolved
2020-03-26,Tinseltown The Woodlands,Montgomery,Gulf Coast WDA,2020-03-26,2020-04-29,The Woodlands,0,0,1,0,1,71,TINSELTOWN THE WOODLANDS,0,42,608,2020,2020Q1,2020-03,6,Retail_Food,stage1
2020-03-26,Cinemark San Antonio 16,Bexar,Alamo WDA,2020-03-26,2020-04-24,San Antonio,0,0,1,0,1,21,CINEMARK SAN ANTONIO 16,0,200,238,2020,2020Q1,2020-03,6,Retail_Food,stage1
2020-03-26,Tinseltown USA 290,Harris,Gulf Coast WDA,2020-03-26,2020-04-29,Houston,0,0,1,0,1,78,TINSELTOWN USA 290,0,429,608,2020,2020Q1,2020-03,6,Retail_Food,stage1
2020-03-26,Cinemark 14 Wichita Falls,Archer,North Texas WDA,2020-03-26,2020-04-29,Wichita Falls,0,0,1,0,1,46,CINEMARK 14 WICHITA FALLS,0,5,10,2020,2020Q1,2020-03,6,Retail_Food,stage1
2020-03-26,Pappas Bar-B-Q 14,Harris,Gulf Coast WDA,2020-03-16,2020-04-20,Houston,0,1,0,,,40,PAPPAS BAR-B-Q 14,0,429,608,2020,2020Q1,2020-03,6,Retail_Food,stage1
2020-03-26,Pappas Bros. Steakhouse 3,Harris,Gulf Coast WDA,2020-03-17,2020-04-21,Houston,0,1,0,,,94,PAPPAS BROS STEAKHOUSE 3,0,429,608,2020,2020Q1,2020-03,8,Retail_Food,stage1
2020-03-26,Cinemark Frisco Square,Collin,North Central Texas WDA,2020-03-26,2020-05-04,Frisco,0,0,1,0,1,64,CINEMARK FRISCO SQUARE,0,92,185,2020,2020Q1,2020-03,6,Retail_Food,stage1
2020-03-26,Pappas Bar-B-Q 15,Harris,Gulf Coast WDA,2020-03-20,2020-04-20,Houston,0,1,0,,,19,PAPPAS BAR-B-Q 15,0,429,608,2020,2020Q1,2020-03,6,Retail_Food,stage1
2020-03-26,Movies 14 McKinney,Collin,North Central Texas WDA,2020-03-26,2020-05-04,McKinney,0,0,1,0,1,45,MOVIES 14 MCKINNEY,0,92,185,2020,2020Q1,2020-03,6,Retail_Food,stage1
2020-03-26,Pappas Bar-B-Q 19,Harris,Gulf Coast WDA,2020-03-16,2020-04-20,Houston,0,1,0,,,29,PAPPAS BAR-B-Q 19,0,429,608,2020,2020Q1,2020-03,6,Retail_Food,stage1
2020-03-26,Pappas Bar-B-Q 20,Harris,Gulf Coast WDA,2020-03-16,2020-04-20,Houston,0,1,0,,,40,PAPPAS BAR-B-Q 20,0,429,608,2020,2020Q1,2020-03,6,Retail_Food,stage1
2020-03-26,Pappas Bar-B-Q 21,Harris,Gulf Coast WDA,2020-03-16,2020-04-21,Houston,0,1,0,,,17,PAPPAS BAR-B-Q 21,0,429,608,2020,2020Q1,2020-03,6,Retail_Food,stage1
2020-03-26,CUT! by Cinemark,Collin,North Central Texas WDA,2020-03-26,2020-05-04,Frisco,0,0,1,0,1,172,CUT! BY CINEMARK,0,92,185,2020,2020Q1,2020-03,6,Retail_Food,stage1
2020-03-26,Cinemark West Plano,Collin,North Central Texas WDA,2020-03-26,2020-05-04,Plano,0,0,1,0,1,165,CINEMARK WEST PLANO,0,92,185,2020,2020Q1,2020-03,6,Retail_Food,stage1
2020-03-26,Pappas Bar-B-Q 22,Harris,Gulf Coast WDA,2020-03-16,2020-04-21,Houston,0,1,0,,,40,PAPPAS BAR-B-Q 22,0,429,608,2020,2020Q1,2020-03,6,Retail_Food,stage1
2020-03-26,Cinema 6 Cleburn,Johnson,North Central Texas WDA,2020-03-26,2020-05-04,Cleburne,0,0,1,0,1,15,CINEMA 6 CLEBURN,0,13,185,2020,2020Q1,2020-03,6,Retail_Food,stage1
2020-03-26,Subway - (Pappas HOU Airport),Harris,Gulf Coast WDA,2020-03-16,2020-04-22,Houston,0,1,0,,,85,SUBWAY -,0,429,608,2020,2020Q1,2020-03,6,Retail_Food,ambiguous_resolved
2020-03-26,Cinema 6 Stephenville,Erath,North Central Texas WDA,2020-03-26,2020-05-04,Stephenville,0,0,1,0,1,20,CINEMA 6 STEPHENVILLE,0,4,185,2020,2020Q1,2020-03,6,Retail_Food,stage1
2020-03-26,Cinemark Central Plano,Collin,North Central Texas WDA,2020-03-26,2020-05-04,Plano,0,0,1,0,1,52,CINEMARK CENTRAL PLANO,0,92,185,2020,2020Q1,2020-03,6,Retail_Food,stage1
2020-03-26,Pappas Bros. Steakhouse 1,Harris,Gulf Coast WDA,2020-03-21,2020-04-21,Houston,0,1,0,,,110,PAPPAS BROS STEAKHOUSE 1,0,429,608,2020,2020Q1,2020-03,8,Retail_Food,stage1
2020-03-26,Cinemark 15 @ Vista,Denton,North Central Texas WDA,2020-03-26,2020-05-04,Lewisville,0,0,1,0,1,39,CINEMARK 15 @ VISTA,0,56,185,2020,2020Q1,2020-03,6,Retail_Food,stage1
2020-03-26,Cinemark 14 Roanoke,Denton,Tarrant County WDA,2020-03-26,2020-05-04,Roanoke,0,0,1,0,1,69,CINEMARK 14 ROANOKE,0,56,213,2020,2020Q1,2020-03,6,Retail_Food,stage1
2020-03-26,Cinemark 14 Denton,Denton,North Central Texas WDA,2020-03-26,2020-05-04,Denton,0,0,1,0,1,52,CINEMARK 14 DENTON,0,56,185,2020,2020Q1,2020-03,6,Retail_Food,stage1
2020-03-26,Cinemark 14 Cedar Hill,Dallas,Dallas County WDA,2020-03-26,2020-05-04,Cedar Hill,0,0,1,0,1,29,CINEMARK 14 CEDAR HILL,0,330,325,2020,2020Q1,2020-03,6,Retail_Food,stage1
2020-03-26,Cinemark (The Legacy),Collin,North Central Texas WDA,2020-03-26,2020-05-04,Plano,0,0,1,0,1,96,CINEMARK,0,92,185,2020,2020Q1,2020-03,6,Retail_Food,stage1
2020-03-26,Main Place 6,Hidalgo,Lower Rio Grande Valley WDA,2020-03-26,2020-04-29,McAllen,0,0,1,0,1,17,MAIN PLACE 6,0,35,38,2020,2020Q1,2020-03,0,Unknown,unresolved
2020-03-26,Pappas Bar-B-Q 23,Harris,Gulf Coast WDA,2020-03-17,2020-04-21,Pasadena,0,1,0,,,47,PAPPAS BAR-B-Q 23,0,429,608,2020,2020Q1,2020-03,6,Retail_Food,stage1
2020-03-26,Barry's Pizza (Pappas),Harris,Gulf Coast WDA,2020-03-16,2020-04-22,Houston,0,1,0,,,23,BARRY S PIZZA,0,429,608,2020,2020Q1,2020-03,8,Retail_Food,stage1
2020-03-26,Dot Coffee Shop (Pappas -Woodridge),Harris,Gulf Coast WDA,2020-03-20,2020-04-22,Houston,0,1,0,,,88,DOT COFFEE SHOP,1,429,608,2020,2020Q1,2020-03,8,Retail_Food,stage1
2020-03-26,Dot Coffee Shop (Pappas -Federal),Harris,Gulf Coast WDA,2020-03-20,2020-04-22,Houston,0,1,0,,,80,DOT COFFEE SHOP,1,429,608,2020,2020Q1,2020-03,8,Retail_Food,stage1
2020-03-26,Yia Yia Mary's Greek Kitchen (Pappas - San Felipe),Harris,Gulf Coast WDA,2020-03-21,2020-04-22,Houston,0,1,0,,,83,YIA YIA MARY S GREEK KITCHEN,1,429,608,2020,2020Q1,2020-03,6,Retail_Food,stage1
2020-03-26,Yia Yia Mary's Greek Kitchen (Pappas - Airport),Harris,Gulf Coast WDA,2020-03-16,2020-04-22,Houston,0,1,0,,,18,YIA YIA MARY S GREEK KITCHEN,1,429,608,2020,2020Q1,2020-03,6,Retail_Food,ambiguous_resolved
2020-03-26,Chick-fll-A (Pappas),Harris,Gulf Coast WDA,2020-03-16,2020-04-22,Houston,0,1,0,,,33,CHICK-FLL-A,0,429,608,2020,2020Q1,2020-03,6,Retail_Food,stage1
2020-03-26,Dunkin Donuts/Baskin Robbins (Pappas),Harris,Gulf Coast WDA,2020-03-16,2020-04-22,Houston,0,1,0,,,23,DUNKIN DONUTS/BASKIN ROBBINS,0,429,608,2020,2020Q1,2020-03,8,Retail_Food,stage1
2020-03-26,Gordon's Galley (Pappas),Harris,Gulf Coast WDA,2020-03-16,2020-04-22,Houston,0,1,0,,,24,GORDON S GALLEY,0,429,608,2020,2020Q1,2020-03,6,Retail_Food,stage1
2020-03-26,Cinemark Edinburg,Hidalgo,Lower Rio Grande Valley WDA,2020-03-26,2020-04-29,Edinburg,0,0,1,0,1,64,CINEMARK EDINBURG,0,35,38,2020,2020Q1,2020-03,6,Retail_Food,stage1
2020-03-26,Ruby's (Pappas),Harris,Gulf Coast WDA,2020-03-20,2020-04-22,Houston,0,1,0,,,87,RUBY S,0,429,608,2020,2020Q1,2020-03,6,Retail_Food,stage1
2020-03-26,Pappas Seafood House (NASA),Harris,Gulf Coast WDA,2020-03-17,2020-04-22,Webster,0,1,0,,,149,PAPPAS SEAFOOD HOUSE,1,429,608,2020,2020Q1,2020-03,10,Retail_Food,stage1
2020-03-26,Pappas Restaurants Corporate,Harris,Gulf Coast WDA,2020-03-20,2020-04-23,Houston,0,1,0,,,124,PAPPAS RESTAURANTS CORPORATE,0,429,608,2020,2020Q1,2020-03,12,Retail_Food,stage1
2020-03-26,Pappas Distribution/Trades Offices - 1,Harris,Gulf Coast WDA,2020-03-27,2020-04-23,Houston,0,0,1,1,1,129,PAPPAS DISTRIBUTION/TRADES OFFICES - 1,0,429,608,2020,2020Q1,2020-03,6,Retail_Food,stage1
2020-03-26,Pappas Distribution/Trades Offices - 2,Harris,Gulf Coast WDA,2020-03-27,2020-04-23,Houston,0,0,1,1,1,23,PAPPAS DISTRIBUTION/TRADES OFFICES - 2,0,429,608,2020,2020Q1,2020-03,6,Retail_Food,stage1
2020-03-26,Pappas Distribution/Trades Offices - 3,Harris,Gulf Coast WDA,2020-03-27,2020-04-23,Houston,0,0,1,1,1,60,PAPPAS DISTRIBUTION/TRADES OFFICES - 3,0,429,608,2020,2020Q1,2020-03,6,Retail_Food,stage1
2020-03-26,Pappas Bread and Dessert Bakeries,Harris,Gulf Coast WDA,2020-03-11,2020-04-23,Houston,0,1,0,,,99,PAPPAS BREAD AND DESSERT BAKERIES,0,429,608,2020,2020Q1,2020-03,6,Retail_Food,stage1
2020-03-26,Pappas Pappas Bar-B-Q Catering,Harris,Gulf Coast WDA,2020-03-24,2020-04-23,Houston,0,1,0,,,20,PAPPAS PAPPAS BAR-B-Q CATERING,0,429,608,2020,2020Q1,2020-03,6,Retail_Food,stage1
2020-03-26,Pappas Catering Houston,Harris,Gulf Coast WDA,2020-03-24,2020-04-23,Houston,0,1,0,,,25,PAPPAS CATERING HOUSTON,0,429,608,2020,2020Q1,2020-03,6,Retail_Food,stage1
2020-03-26,Pappas Confectionary/ Delivery,Harris,Gulf Coast WDA,2020-03-25,2020-04-23,Houston,0,1,0,,,107,PAPPAS CONFECTIONARY/ DELIVERY,0,429,608,2020,2020Q1,2020-03,8,Retail_Food,stage1
2020-03-26,Hunan (Pappas),Harris,Gulf Coast WDA,2020-03-16,2020-04-22,Houston,0,1,0,,,19,HUNAN,0,429,608,2020,2020Q1,2020-03,6,Retail_Food,stage1
2020-03-26,Movies 4,Howard,Permian Basin WDA,2020-03-26,2020-04-30,Big Spring,0,0,1,0,1,11,MOVIES 4,0,4,83,2020,2020Q1,2020-03,6,Retail_Food,stage1
2020-03-26,Movies 10 Weslaco,Hidalgo,Lower Rio Grande Valley WDA,2020-03-26,2020-04-30,Weslaco,0,0,1,0,1,32,MOVIES 10 WESLACO,0,35,38,2020,2020Q1,2020-03,6,Retail_Food,stage1
2020-03-26,Movies 17,Hidalgo,Gulf Coast WDA,2020-03-26,2020-04-30,McAllen,0,0,1,0,1,28,MOVIES 17,0,35,608,2020,2020Q1,2020-03,6,Retail_Food,stage1
2020-03-26,Little Pappas Seafood House,Harris,Gulf Coast WDA,2020-03-21,2020-04-21,Houston,0,1,0,,,52,LITTLE PAPPAS SEAFOOD HOUSE,0,429,608,2020,2020Q1,2020-03,10,Retail_Food,stage1
2020-03-26,Town Centre Cinema 6,Hale,South Plains WDA,2020-03-26,2020-05-01,Plainview,0,0,1,0,1,12,TOWN CENTRE CINEMA 6,0,4,29,2020,2020Q1,2020-03,6,Retail_Food,stage1
2020-03-26,Movies 16,Lubbock,South Plains WDA,2020-03-26,2020-05-01,Lubbock,0,0,1,0,1,30,MOVIES 16,0,20,29,2020,2020Q1,2020-03,6,Retail_Food,stage1
2020-03-26,Cinemark Cedar Park 12,Williamson,Rural Capital WDA,2020-03-26,2020-04-30,Cedar Park,0,0,1,0,1,72,CINEMARK CEDAR PARK 12,0,35,67,2020,2020Q1,2020-03,6,Retail_Food,stage1
2020-03-26,Pappas Burger 2,Harris,Gulf Coast WDA,2020-03-26,2020-04-21,Houston,0,0,1,0,1,112,PAPPAS BURGER 2,0,429,608,2020,2020Q1,2020-03,8,Retail_Food,stage1
2020-03-26,Tinseltown USA Beaumont,Jefferson,South East Texas WDA,2020-03-26,2020-04-30,Beaumont,0,0,1,0,1,68,TINSELTOWN USA BEAUMONT,0,20,27,2020,2020Q1,2020-03,6,Retail_Food,stage1
2020-03-26,Pappas Shrimp Shack,Harris,Gulf Coast WDA,2020-03-20,2020-04-22,Houston,0,1,0,,,46,PAPPAS SHRIMP SHACK,0,429,608,2020,2020Q1,2020-03,6,Retail_Food,stage1
2020-03-26,Cinemark 14 Round Rock,Williamson,Rural Capital WDA,2020-03-26,2020-04-30,Round Rock,0,0,1,0,1,52,CINEMARK 14 ROUND ROCK,0,35,67,2020,2020Q1,2020-03,6,Retail_Food,stage1
2020-03-26,Mall de Las Aguilas 7,Maverick,Middle Rio Grande WDA,2020-03-26,2020-04-30,Eagle Pass,0,0,1,0,1,23,MALL DE LAS AGUILAS 7,0,7,15,2020,2020Q1,2020-03,6,Retail_Food,stage1
2020-03-26,Century 12 Odessa,Ector,Permian Basin WDA,2020-03-26,2020-04-30,Odessa,0,0,1,0,1,24,CENTURY 12 ODESSA,0,19,83,2020,2020Q1,2020-03,6,Retail_Food,stage1
2020-03-26,Hollywood USA - Amarillo,Potter,Panhandle WDA,2020-03-26,2020-04-30,Amarillo,0,0,1,0,1,35,HOLLYWOOD USA,1,12,22,2020,2020Q1,2020-03,0,Unknown,unresolved
2020-03-26,Movies 8 Paris,Lamar,North East Texas WDA,2020-03-26,2020-04-30,Paris,0,0,1,0,1,15,MOVIES 8 PARIS,0,9,21,2020,2020Q1,2020-03,6,Retail_Food,stage1
2020-03-26,Cinemark 14 Texarkana,Bowie,North East Texas WDA,2020-03-26,2020-04-30,Texarkana,0,0,1,0,1,48,CINEMARK 14 TEXARKANA,0,9,21,2020,2020Q1,2020-03,6,Retail_Food,stage1
2020-03-26,Movies 8 Del Rio,Val Verde,Middle Rio Grande WDA,2020-03-26,2020-04-30,Del Rio,0,0,1,0,1,21,MOVIES 8 DEL RIO,0,2,15,2020,2020Q1,2020-03,6,Retail_Food,stage1
2020-03-26,Pappas Seafood House (FM 1960),Harris,Gulf Coast WDA,2020-03-16,2020-04-22,Humble,0,1,0,,,152,PAPPAS SEAFOOD HOUSE,1,429,608,2020,2020Q1,2020-03,10,Retail_Food,stage1
2020-03-26,Tinseltown Mission,Hidalgo,Lower Rio Grande Valley WDA,2020-03-26,2020-04-30,Mission,0,0,1,0,1,23,TINSELTOWN MISSION,0,35,38,2020,2020Q1,2020-03,6,Retail_Food,stage1
2020-03-26,Cinemark Rockwall 14 and XD,Rockwall,North Central Texas WDA,2020-03-26,2020-05-04,Rockwall,0,0,1,0,1,54,CINEMARK ROCKWALL 14 AND XD,0,4,185,2020,2020Q1,2020-03,6,Retail_Food,stage1
2020-03-26,Movies 8 Round Rock,Williamson,Rural Capital WDA,2020-03-26,2020-04-30,Round Rock,0,0,1,0,1,23,MOVIES 8 ROUND ROCK,0,35,67,2020,2020Q1,2020-03,6,Retail_Food,stage1
2020-03-26,Pappas Bar-B-Q 06,Harris,Gulf Coast WDA,2020-03-16,2020-04-15,Houston,0,1,0,,,39,PAPPAS BAR-B-Q 06,0,429,608,2020,2020Q1,2020-03,6,Retail_Food,stage1
2020-03-26,Cinemark Southpark Meadows,Travis,Capital Area WDA,2020-03-26,2020-04-28,Austin,0,0,1,0,1,58,CINEMARK SOUTHPARK MEADOWS,0,169,166,2020,2020Q1,2020-03,6,Retail_Food,stage1
2020-03-26,Fossil Group,Dallas,Dallas County WDA,2020-03-30,2020-03-30,Dallas,0,0,1,4,1,222,FOSSIL GROUP,0,330,325,2020,2020Q1,2020-03,0,Unknown,unresolved
2020-03-26,Kirchhoff Automotive,Dallas,Dallas County WDA,2020-03-20,2020-03-27,Garland,0,1,0,,,148,KIRCHHOFF AUTOMOTIVE,0,330,325,2020,2020Q1,2020-03,2,Manufacturing,stage1
2020-03-26,Hollywood USA Movies 15,Dallas,Dallas County WDA,2020-03-26,2020-04-28,Garland,0,0,1,0,1,20,HOLLYWOOD USA MOVIES 15,0,330,325,2020,2020Q1,2020-03,6,Retail_Food,stage1
2020-03-26,Pappas Bar-B-Q 02,Harris,Gulf Coast WDA,2020-03-16,2020-04-15,Houston,0,1,0,,,50,PAPPAS BAR-B-Q 02,0,429,608,2020,2020Q1,2020-03,6,Retail_Food,stage1
2020-03-26,Cinemark Grand Prairie,Dallas,Dallas County WDA,2020-03-26,2020-04-28,Grand Prairie,0,0,1,0,1,54,CINEMARK GRAND PRAIRIE,0,330,325,2020,2020Q1,2020-03,6,Retail_Food,stage1
2020-03-26,Pappas Bar-B-Q 03,Harris,Gulf Coast WDA,2020-03-16,2020-04-15,Houston,0,1,0,,,32,PAPPAS BAR-B-Q 03,0,429,608,2020,2020Q1,2020-03,6,Retail_Food,stage1
2020-03-26,Lewis Energy-Encinal,La Salle,Middle Rio Grande WDA,2020-05-01,2020-04-15,Encinal,0,0,1,36,1,187,LEWIS ENERGY-ENCINAL,0,1,15,2020,2020Q1,2020-03,2,Energy,stage1
2020-03-26,Cinemark McKinney,Collin,North Central Texas WDA,2020-03-26,2020-05-04,McKinney,0,0,1,0,1,67,CINEMARK MCKINNEY,0,92,185,2020,2020Q1,2020-03,6,Retail_Food,stage1
2020-03-26,"Tincup Water Solutions, LLC",Wilson,Alamo WDA,2020-03-24,2020-03-30,Stockdale,0,1,0,,,127,TINCUP WATER SOLUTIONS,0,2,238,2020,2020Q1,2020-03,2,Technology_IT,stage1
2020-03-26,McCreless Mall 10,Bexar,Alamo WDA,2020-03-26,2020-04-24,San Antonio,0,0,1,0,1,21,MCCRELESS MALL 10,0,200,238,2020,2020Q1,2020-03,6,Retail_Food,stage1
2020-03-26,North East Mall 18,Tarrant,Tarrant County WDA,2020-03-26,2020-05-04,Hurst,0,0,1,0,1,62,NORTH EAST MALL 18,0,207,213,2020,2020Q1,2020-03,6,Retail_Food,stage1
2020-03-26,Tinseltown San Angelo,Tom Green,Concho Valley WDA,2020-03-26,2020-04-28,San Angelo,0,0,1,0,1,47,TINSELTOWN SAN ANGELO,0,9,16,2020,2020Q1,2020-03,6,Retail_Food,stage1
2020-03-26,Harker Heights 16,Bell,Central Texas WDA,2020-03-26,2020-04-28,Harker Heights,0,0,1,0,1,48,HARKER HEIGHTS 16,0,14,14,2020,2020Q1,2020-03,0,Unknown,unresolved
2020-03-26,Cinemark Temple 12,Bell,Central Texas WDA,2020-03-26,2020-04-28,Temple,0,0,1,0,1,43,CINEMARK TEMPLE 12,0,14,14,2020,2020Q1,2020-03,6,Retail_Food,stage1
2020-03-26,Cinemark Stone Hill Town Center,Travis,Capital Area WDA,2020-03-26,2020-04-28,Pflugerville,0,0,1,0,1,29,CINEMARK STONE HILL TOWN CENTER,0,169,166,2020,2020Q1,2020-03,6,Retail_Food,stage1
2020-03-26,Cinemark 12 and XD,Johnson,Tarrant County WDA,2020-03-26,2020-05-04,Mansfield,0,0,1,0,1,53,CINEMARK 12 AND XD,0,13,213,2020,2020Q1,2020-03,6,Retail_Food,stage1
2020-03-26,Pappas Bar-B-Q 04,Harris,Gulf Coast WDA,2020-03-16,2020-04-15,Houston,0,1,0,,,58,PAPPAS BAR-B-Q 04,0,429,608,2020,2020Q1,2020-03,6,Retail_Food,stage1
2020-03-26,Pappasito's 19,Harris,Gulf Coast WDA,2020-03-16,2020-04-15,Houston,0,1,0,,,28,PAPPASITO S 19,0,429,608,2020,2020Q1,2020-03,6,Retail_Food,stage1
2020-03-26,Pappasito's 18,Harris,Gulf Coast WDA,2020-03-16,2020-04-14,Houston,0,1,0,,,29,PAPPASITO S 18,0,429,608,2020,2020Q1,2020-03,6,Retail_Food,stage1
2020-03-26,Suitsupply-Houston,Harris,Gulf Coast WDA,2020-03-29,2020-04-14,Houston,0,0,1,3,1,15,SUITSUPPLY,1,429,608,2020,2020Q1,2020-03,0,Unknown,unresolved
2020-03-26,Suitsupply-The Woodlands,Montgomery,Gulf Coast WDA,2020-03-29,2020-04-14,The Woodlands,0,0,1,3,1,6,SUITSUPPLY-THE WOODLANDS,0,42,608,2020,2020Q1,2020-03,0,Unknown,unresolved
2020-03-26,Cinemark 12 Cypress,Harris,Gulf Coast WDA,2020-03-26,2020-04-28,Cypress,0,0,1,0,1,67,CINEMARK 12 CYPRESS,0,429,608,2020,2020Q1,2020-03,6,Retail_Food,stage1
2020-03-26,Brazos Town Center 12,Fort Bend,Gulf Coast WDA,2020-03-26,2020-04-28,Rosenberg,0,0,1,0,1,34,BRAZOS TOWN CENTER 12,0,88,608,2020,2020Q1,2020-03,0,Unknown,unresolved
2020-03-26,Pappasito's 14,Harris,Gulf Coast WDA,2020-03-16,2020-04-14,Houston,0,1,0,,,128,PAPPASITO S 14,0,429,608,2020,2020Q1,2020-03,6,Retail_Food,stage1
2020-03-26,Victoria Mall,Victoria,Golden Crescent WDA,2020-03-26,2020-04-28,Victoria,0,0,1,0,1,23,VICTORIA MALL,0,5,6,2020,2020Q1,2020-03,6,Retail_Food,stage1
2020-03-26,Hydraulic Fracturing Facility,Midland,Permian Basin WDA,2020-03-26,2020-03-30,Midland,0,0,1,0,1,388,HYDRAULIC FRACTURING FACILITY,1,37,83,2020,2020Q1,2020-03,4,Energy,stage1
2020-03-26,Suitsupply-Plano,Collin,North Central Texas WDA,2020-03-29,2020-04-15,Plano,0,0,1,3,1,9,SUITSUPPLY,1,92,185,2020,2020Q1,2020-03,0,Unknown,unresolved
2020-03-26,Pappas Bar-B-Q 08,Harris,Gulf Coast WDA,2020-03-16,2020-04-15,Houston,0,1,0,,,43,PAPPAS BAR-B-Q 08,0,429,608,2020,2020Q1,2020-03,6,Retail_Food,stage1
2020-03-26,Pappasito's 21,Harris,Gulf Coast WDA,2020-03-16,2020-04-15,Houston,0,1,0,,,117,PAPPASITO S 21,0,429,608,2020,2020Q1,2020-03,6,Retail_Food,stage1
2020-03-26,Cinemark Lufkin 12,Angelina,Deep East Texas WDA,2020-03-26,2020-04-28,Lufkin,0,0,1,0,1,28,CINEMARK LUFKIN 12,0,5,12,2020,2020Q1,2020-03,6,Retail_Food,stage1
2020-03-26,Pappasito's 22,Harris,Gulf Coast WDA,2020-03-16,2020-04-15,Houston,0,1,0,,,117,PAPPASITO S 22,0,429,608,2020,2020Q1,2020-03,6,Retail_Food,stage1
2020-03-26,Movies 14 Lancaster,Dallas,Dallas County WDA,2020-03-26,2020-04-28,Lancaster,0,0,1,0,1,54,MOVIES 14 LANCASTER,0,330,325,2020,2020Q1,2020-03,6,Retail_Food,stage1
2020-03-26,Pappasito's 23,Montgomery,Gulf Coast WDA,2020-03-17,2020-04-15,Shenandoah,0,1,0,,,180,PAPPASITO S 23,0,42,608,2020,2020Q1,2020-03,6,Retail_Food,stage1
2020-03-26,Pappas Bar-B-Q 01,Harris,Gulf Coast WDA,2020-03-16,2020-04-15,Houston,0,1,0,,,44,PAPPAS BAR-B-Q 01,0,429,608,2020,2020Q1,2020-03,6,Retail_Food,stage1
2020-03-26,MicroStar Quality Services,Maverick,Middle Rio Grande WDA,2020-03-27,2020-03-30,Eagle Pass,0,0,1,1,1,74,MICROSTAR QUALITY SERVICES,0,7,15,2020,2020Q1,2020-03,0,Unknown,unresolved
2020-03-26,Athens Cinema 4,Henderson,East Texas WDA,2020-03-26,2020-04-28,Athens,0,0,1,0,1,9,ATHENS CINEMA 4,0,4,39,2020,2020Q1,2020-03,6,Retail_Food,stage1
2020-03-26,Cinemark Webster,Harris,Gulf Coast WDA,2020-03-26,2020-04-29,Webster,0,0,1,0,1,77,CINEMARK WEBSTER,0,429,608,2020,2020Q1,2020-03,6,Retail_Food,stage1
2020-03-26,Cinemark at Market Street,Montgomery,Gulf Coast WDA,2020-03-26,2020-04-28,The Woodlands,0,0,1,0,1,15,CINEMARK AT MARKET STREET,0,42,608,2020,2020Q1,2020-03,8,Retail_Food,stage1
2020-03-26,Cinemark Brownsville,Cameron,Cameron County WDA,2020-03-26,2020-04-27,Brownsville,0,0,1,0,1,57,CINEMARK BROWNSVILLE,0,37,38,2020,2020Q1,2020-03,6,Retail_Food,stage1
2020-03-26,Cinemark Houston,Harris,Gulf Coast WDA,2020-03-26,2020-04-28,Houston,0,0,1,0,1,53,CINEMARK HOUSTON,0,429,608,2020,2020Q1,2020-03,6,Retail_Food,stage1
2020-03-26,Movies 10 Brownsville,Cameron,Cameron County WDA,2020-03-26,2020-04-27,Brownsville,0,0,1,0,1,30,MOVIES 10 BROWNSVILLE,0,37,38,2020,2020Q1,2020-03,6,Retail_Food,stage1
2020-03-26,Cinemark New Caney and XD,Montgomery,Gulf Coast WDA,2020-03-26,2020-04-28,New Caney,0,0,1,0,1,43,CINEMARK NEW CANEY AND XD,0,42,608,2020,2020Q1,2020-03,6,Retail_Food,stage1
2020-03-26,Cinemark 17,Dallas,Dallas County WDA,2020-03-26,2020-04-28,Dallas,0,0,1,0,1,58,CINEMARK 17,0,330,325,2020,2020Q1,2020-03,6,Retail_Food,stage1
2020-03-26,Cinemark 19,Fort Bend,Gulf Coast WDA,2020-03-26,2020-04-28,Katy,0,0,1,0,1,61,CINEMARK 19,0,88,608,2020,2020Q1,2020-03,6,Retail_Food,stage1
2020-03-26,Tinseltown USA Pflugerville,Travis,Capital Area WDA,2020-03-26,2020-04-28,Pflugerville,0,0,1,0,1,97,TINSELTOWN USA PFLUGERVILLE,0,169,166,2020,2020Q1,2020-03,6,Retail_Food,stage1
2020-03-26,Cinemark Harlingen,Cameron,Cameron County WDA,2020-03-26,2020-04-27,Harlingen,0,0,1,0,1,68,CINEMARK HARLINGEN,0,37,38,2020,2020Q1,2020-03,6,Retail_Food,stage1
2020-03-26,Cinemark Spring Town Center,Harris,Gulf Coast WDA,2020-03-26,2020-04-28,Spring,0,0,1,0,1,27,CINEMARK SPRING TOWN CENTER,0,429,608,2020,2020Q1,2020-03,6,Retail_Food,stage1
2020-03-26,Movies 18,Brazos,Brazos Valley WDA,2020-03-26,2020-04-27,College Station,0,0,1,0,1,69,MOVIES 18,0,10,14,2020,2020Q1,2020-03,6,Retail_Food,stage1
2020-03-26,Pappas Bar-B-Q 09,Harris,Gulf Coast WDA,2020-03-16,2020-04-15,Humble,0,1,0,,,59,PAPPAS BAR-B-Q 09,0,429,608,2020,2020Q1,2020-03,6,Retail_Food,stage1
2020-03-26,Century 16 XD and IMAX,Nueces,Coastal Bend WDA,2020-03-26,2020-04-28,Corpus Christi,0,0,1,0,1,88,CENTURY 16 XD AND IMAX,0,20,26,2020,2020Q1,2020-03,0,Unknown,unresolved
2020-03-26,Cinemark Hill Country Galleria,Travis,Capital Area WDA,2020-03-26,2020-04-27,Austin,0,0,1,0,1,44,CINEMARK HILL COUNTRY GALLERIA,0,169,166,2020,2020Q1,2020-03,6,Retail_Food,stage1
2020-03-26,Pappas Bar-B-Q 10,Harris,Gulf Coast WDA,2020-03-16,2020-04-15,Webster,0,1,0,,,31,PAPPAS BAR-B-Q 10,0,429,608,2020,2020Q1,2020-03,6,Retail_Food,stage1
2020-03-26,Movies 12 Laredo,Webb,South Texas WDA,2020-03-26,2020-05-04,Laredo,0,0,1,0,1,29,MOVIES 12 LAREDO,0,17,17,2020,2020Q1,2020-03,6,Retail_Food,stage1
2020-03-26,Cinemark Mall Del Norte,Webb,South Texas WDA,2020-03-26,2020-05-04,Laredo,0,0,1,0,1,54,CINEMARK MALL DEL NORTE,0,17,17,2020,2020Q1,2020-03,12,Retail_Food,stage1
2020-03-26,Movies 10 Harlingen,Cameron,Cameron County WDA,2020-03-26,2020-04-27,Harlingen,0,0,1,0,1,22,MOVIES 10 HARLINGEN,0,37,38,2020,2020Q1,2020-03,6,Retail_Food,stage1
2020-03-26,Pappas Bar-B-Q 12,Harris,Gulf Coast WDA,2020-03-16,2020-04-16,Houston,0,1,0,,,46,PAPPAS BAR-B-Q 12,0,429,608,2020,2020Q1,2020-03,6,Retail_Food,stage1
2020-03-26,Hollywood USA,Harris,Gulf Coast WDA,2020-03-26,2020-04-29,Pasadena,0,0,1,0,1,64,HOLLYWOOD USA,1,429,608,2020,2020Q1,2020-03,0,Unknown,unresolved
2020-03-26,Pappas Bar-B-Q 13,Harris,Gulf Coast WDA,2020-03-16,2020-04-20,Houston,0,1,0,,,39,PAPPAS BAR-B-Q 13,0,429,608,2020,2020Q1,2020-03,6,Retail_Food,stage1
2020-03-26,Cinemark @ Alliance Towne Center,Tarrant,Tarrant County WDA,2020-03-26,2020-05-04,Fort Worth,0,0,1,0,1,64,CINEMARK @ ALLIANCE TOWNE CENTER,0,207,213,2020,2020Q1,2020-03,6,Retail_Food,stage1
2020-03-25,Quick Weight Loss Centers - Conroe,Montgomery,Gulf Coast WDA,2020-03-25,2020-04-07,Conroe,0,0,1,0,1,4,QUICK WEIGHT LOSS CENTERS - CONROE,0,42,608,2020,2020Q1,2020-03,4,Healthcare,stage1
2020-03-25,Quick Weight Loss Centers - Cinco Ranch,Fort Bend,Gulf Coast WDA,2020-03-25,2020-04-07,Houston,0,0,1,0,1,4,QUICK WEIGHT LOSS CENTERS - CINCO RANCH,0,88,608,2020,2020Q1,2020-03,4,Healthcare,stage1
2020-03-25,Alsco - Kyle,Hays,Rural Capital WDA,2020-03-27,2020-03-31,Kyle,0,0,1,2,1,3,ALSCO - KYLE,0,18,67,2020,2020Q1,2020-03,6,Staffing_Services,stage1
2020-03-25,Quick Weight Loss Centers - FM 1960,Harris,Gulf Coast WDA,2020-03-25,2020-04-07,Houston,0,0,1,0,1,4,QUICK WEIGHT LOSS CENTERS - FM 1960,0,429,608,2020,2020Q1,2020-03,4,Healthcare,stage1
2020-03-25,The St. Anthony Hotel,Bexar,Alamo WDA,2020-03-27,2020-03-31,San Antonio,0,0,1,2,1,208,THE ST ANTHONY HOTEL,0,200,238,2020,2020Q1,2020-03,6,Retail_Food,stage1
2020-03-25,Legacy West,Collin,North Central Texas WDA,2020-03-25,2020-03-27,Plano,0,0,1,0,1,82,LEGACY WEST,0,92,185,2020,2020Q1,2020-03,0,Unknown,unresolved
2020-03-25,FTS International Services-Aledo,Parker,North Central Texas WDA,2020-03-16,2020-03-25,Aledo,0,1,0,,,72,FTS INTERNATIONAL SERVICES-ALEDO,0,5,185,2020,2020Q1,2020-03,0,Unknown,unresolved
2020-03-25,Quick Weight Loss Centers - Humble,Harris,Gulf Coast WDA,2020-03-25,2020-04-07,Humble,0,0,1,0,1,3,QUICK WEIGHT LOSS CENTERS - HUMBLE,0,429,608,2020,2020Q1,2020-03,4,Healthcare,stage1
2020-03-25,Quick Weight Loss Centers - Pasadene,Harris,Gulf Coast WDA,2020-03-25,2020-04-07,Pasadena,0,0,1,0,1,4,QUICK WEIGHT LOSS CENTERS - PASADENE,0,429,608,2020,2020Q1,2020-03,4,Healthcare,stage1
2020-03-25,Quick Weight Loss Centers - HWY 6,Harris,Gulf Coast WDA,2020-03-25,2020-04-07,Houston,0,0,1,0,1,4,QUICK WEIGHT LOSS CENTERS - HWY 6,0,429,608,2020,2020Q1,2020-03,4,Healthcare,stage1
2020-03-25,Pappasito's 11,Bexar,Alamo WDA,2020-03-18,2020-04-08,San Antonio,0,1,0,,,137,PAPPASITO S 11,0,200,238,2020,2020Q1,2020-03,6,Retail_Food,stage1
2020-03-25,Hyatt Regency Houston,Harris,Gulf Coast WDA,2020-03-25,2020-04-13,Houston,0,0,1,0,1,67,HYATT REGENCY HOUSTON,0,429,608,2020,2020Q1,2020-03,6,Retail_Food,stage1
2020-03-25,Quick Weight Loss Centers - Spring Stuebner Rd,Harris,Gulf Coast WDA,2020-03-25,2020-04-07,Spring,0,0,1,0,1,4,QUICK WEIGHT LOSS CENTERS - SPRING STUEBNER RD,0,429,608,2020,2020Q1,2020-03,4,Healthcare,stage1
2020-03-25,Alsco-Oliver St,Harris,Gulf Coast WDA,2020-03-25,2020-04-09,Houston,0,0,1,0,1,58,ALSCO-OLIVER ST,0,429,608,2020,2020Q1,2020-03,6,Staffing_Services,stage1
2020-03-25,Quick Weight Loss Centers - Katy,Harris,Gulf Coast WDA,2020-03-25,2020-04-07,Spring,0,0,1,0,1,4,QUICK WEIGHT LOSS CENTERS - KATY,0,429,608,2020,2020Q1,2020-03,4,Healthcare,stage1
2020-03-25,Saint Arnold Brewing Co.,Harris,Gulf Coast WDA,2020-03-25,2020-04-24,Houston,0,0,1,0,1,135,SAINT ARNOLD BREWING,0,429,608,2020,2020Q1,2020-03,2,Retail_Food,stage1
2020-03-25,Hyatt Regency Houston Galeria,Harris,Gulf Coast WDA,2020-03-25,2020-04-13,Houston,0,0,1,0,1,110,HYATT REGENCY HOUSTON GALERIA,0,429,608,2020,2020Q1,2020-03,6,Retail_Food,stage1
2020-03-25,Quick Weight Loss Centers - Pearland,Harris,Gulf Coast WDA,2020-03-25,2020-04-07,Webster,0,0,1,0,1,4,QUICK WEIGHT LOSS CENTERS - PEARLAND,0,429,608,2020,2020Q1,2020-03,4,Healthcare,stage1
2020-03-25,Quick Weight Loss Center - 9000 SW Frwy,Harris,Gulf Coast WDA,2020-03-25,2020-04-07,Houston,0,0,1,0,1,5,QUICK WEIGHT LOSS CENTER - 9000 SW FRWY,0,429,608,2020,2020Q1,2020-03,4,Healthcare,stage1
2020-03-25,Quick Weight Loss Centers - Westheimer,Harris,Gulf Coast WDA,2020-03-25,2020-04-07,Houston,0,0,1,0,1,4,QUICK WEIGHT LOSS CENTERS,0,429,608,2020,2020Q1,2020-03,4,Healthcare,stage1
2020-03-25,Quick Weight Loss Centers - Cypress,Harris,Gulf Coast WDA,2020-03-25,2020-04-07,Cypress,0,0,1,0,1,4,QUICK WEIGHT LOSS CENTERS - CYPRESS,0,429,608,2020,2020Q1,2020-03,4,Healthcare,stage1
2020-03-25,Quick Weight Loss Centers - Webster,Harris,Gulf Coast WDA,2020-03-25,2020-04-07,Webster,0,0,1,0,1,5,QUICK WEIGHT LOSS CENTERS - WEBSTER,0,429,608,2020,2020Q1,2020-03,4,Healthcare,stage1
2020-03-25,Quick Weight Loss Centers - 2615 SW Frwy,Harris,Gulf Coast WDA,2020-03-25,2020-04-07,Houston,0,0,1,0,1,4,QUICK WEIGHT LOSS CENTERS - 2615 SW FRWY,0,429,608,2020,2020Q1,2020-03,4,Healthcare,stage1
2020-03-25,Quick Weight Loss Centers - Spring Sawdust,Harris,Gulf Coast WDA,2020-03-25,2020-04-07,Spring,0,0,1,0,1,4,QUICK WEIGHT LOSS CENTERS - SPRING SAWDUST,0,429,608,2020,2020Q1,2020-03,4,Healthcare,stage1
2020-03-25,Quick Weight Loss Centers - Rosenberg,Fort Bend,Gulf Coast WDA,2020-03-25,2020-04-07,Rosenberg,0,0,1,0,1,4,QUICK WEIGHT LOSS CENTERS - ROSENBERG,0,88,608,2020,2020Q1,2020-03,4,Healthcare,stage1
2020-03-24,Marriott City Place-Spicewood Village,Harris,Gulf Coast WDA,2020-03-25,2020-04-30,Spring,0,0,1,1,1,73,MARRIOTT CITY PLACE-SPICEWOOD VILLAGE,1,429,608,2020,2020Q1,2020-03,6,Retail_Food,stage1
2020-03-24,Four Seasons Hotel-Houston,Harris,Gulf Coast WDA,2020-03-23,2020-04-10,Houston,0,1,0,,,344,FOUR SEASONS HOTEL,1,429,608,2020,2020Q1,2020-03,6,Retail_Food,stage1
2020-03-24,Jostens,Denton,North Central Texas WDA,2020-03-24,2020-03-27,Denton,0,0,1,0,1,142,JOSTENS,0,56,185,2020,2020Q1,2020-03,0,Unknown,unresolved
2020-03-24,Cameron Mitchell Restaurants,Dallas,Dallas County WDA,2020-03-16,2020-03-24,Dallas,0,1,0,,,125,CAMERON MITCHELL RESTAURANTS,0,330,325,2020,2020Q1,2020-03,6,Retail_Food,stage1
2020-03-24,Autobahn Imports,Tarrant,Tarrant County WDA,1930-03-31,2020-04-22,Ft. Worth,1,0,0,,,124,AUTOBAHN IMPORTS,0,207,213,2020,2020Q1,2020-03,2,Logistics_Transportation,stage1
2020-03-23,Take 5 Department 548,Harris,Gulf Coast WDA,2020-03-22,2020-04-08,Webster,0,1,0,,,4,TAKE 5 DEPARTMENT 548,0,429,608,2020,2020Q1,2020-03,0,Unknown,unresolved
2020-03-23,Take 5 Department 511,Dallas,Dallas County WDA,2020-03-22,2020-04-08,Irving,0,1,0,,,7,TAKE 5 DEPARTMENT 511,0,330,325,2020,2020Q1,2020-03,0,Unknown,unresolved
2020-03-23,Schulte Companies-Richland Hills,Bexar,Alamo WDA,2020-03-16,2020-04-08,San Antonio,0,1,0,,,19,SCHULTE COMPANIES-RICHLAND HILLS,0,200,238,2020,2020Q1,2020-03,6,Manufacturing,stage1
2020-03-23,Schulte Companies-Loop 1604,Bexar,Alamo WDA,2020-03-16,2020-04-08,San Antonio,0,1,0,,,13,SCHULTE COMPANIES-LOOP 1604,0,200,238,2020,2020Q1,2020-03,6,Manufacturing,stage1
2020-03-23,Schulte Companies-Navarro St.,Bexar,Alamo WDA,2020-03-16,2020-04-08,San Antonio,0,1,0,,,21,SCHULTE COMPANIES-NAVARRO ST,0,200,238,2020,2020Q1,2020-03,6,Manufacturing,stage1
2020-03-23,Schulte Companies-Houston,Harris,Gulf Coast WDA,2020-03-16,2020-04-08,Houston,0,1,0,,,18,SCHULTE COMPANIES,1,429,608,2020,2020Q1,2020-03,6,Manufacturing,stage1
2020-03-23,Schulte Companies-Dallas,Dallas,Dallas County WDA,2020-03-16,2020-04-08,Dallas,0,1,0,,,2,SCHULTE COMPANIES,1,330,325,2020,2020Q1,2020-03,6,Manufacturing,stage1
2020-03-23,Schulte Companies-E. Houston,Bexar,Alamo WDA,2020-03-16,2020-04-08,San Antonio,0,1,0,,,22,SCHULTE COMPANIES-E HOUSTON,0,200,238,2020,2020Q1,2020-03,6,Manufacturing,stage1
2020-03-23,Schulte Companies-Cinema Ridge,Bexar,Alamo WDA,2020-03-16,2020-04-08,San Antonio,0,1,0,,,19,SCHULTE COMPANIES-CINEMA RIDGE,0,200,238,2020,2020Q1,2020-03,6,Manufacturing,ambiguous_resolved
2020-03-23,Take 5 Department 527,Dallas,Dallas County WDA,2020-03-23,2020-04-08,Dallas,0,0,1,0,1,7,TAKE 5 DEPARTMENT 527,0,330,325,2020,2020Q1,2020-03,0,Unknown,unresolved
2020-03-23,Take 5 Department 512,Dallas,Dallas County WDA,2020-03-22,2020-04-08,Irving,0,1,0,,,5,TAKE 5 DEPARTMENT 512,0,330,325,2020,2020Q1,2020-03,0,Unknown,unresolved
2020-03-23,Take 5 Department 51,Dallas,Dallas County WDA,2020-03-22,2020-04-08,Garland,0,1,0,,,7,TAKE 5 DEPARTMENT 51,0,330,325,2020,2020Q1,2020-03,0,Unknown,unresolved
2020-03-23,Take 5 Department 203,Dallas,Dallas County WDA,2020-03-22,2020-04-08,Garland,0,1,0,,,3,TAKE 5 DEPARTMENT 203,0,330,325,2020,2020Q1,2020-03,0,Unknown,unresolved
2020-03-23,Take 5 Department 204,Tarrant,Tarrant County WDA,2020-03-22,2020-04-08,Fort Worth,0,1,0,,,8,TAKE 5 DEPARTMENT 204,0,207,213,2020,2020Q1,2020-03,0,Unknown,unresolved
2020-03-23,Take 5 Department 533,Dallas,Dallas County WDA,2020-03-22,2020-04-08,Sachse,0,1,0,,,6,TAKE 5 DEPARTMENT 533,0,330,325,2020,2020Q1,2020-03,0,Unknown,unresolved
2020-03-23,Take 5 Department 107,Walker,Gulf Coast WDA,2020-03-22,2020-04-07,Huntsville,0,1,0,,,4,TAKE 5 DEPARTMENT 107,0,2,608,2020,2020Q1,2020-03,0,Unknown,unresolved
2020-03-23,Hilton Houston Galeria,Harris,Gulf Coast WDA,2020-03-19,2020-04-07,Houston,0,1,0,,,35,HILTON HOUSTON GALERIA,0,429,608,2020,2020Q1,2020-03,6,Retail_Food,stage1
2020-03-23,Take 5 Department 558,Harris,Gulf Coast WDA,2020-03-22,2020-04-07,Houston,0,1,0,,,4,TAKE 5 DEPARTMENT 558,0,429,608,2020,2020Q1,2020-03,0,Unknown,unresolved
2020-03-23,Take 5 Department 560,Harris,Gulf Coast WDA,2020-03-22,2020-04-07,Houston,0,1,0,,,3,TAKE 5 DEPARTMENT 560,0,429,608,2020,2020Q1,2020-03,0,Unknown,unresolved
2020-03-23,Take 5 Department 561,Harris,Gulf Coast WDA,2020-03-22,2020-04-07,Humble,0,1,0,,,6,TAKE 5 DEPARTMENT 561,0,429,608,2020,2020Q1,2020-03,0,Unknown,unresolved
2020-03-23,Take 5 Department 562,Harris,Gulf Coast WDA,2020-03-22,2020-04-07,Channelview,0,1,0,,,6,TAKE 5 DEPARTMENT 562,0,429,608,2020,2020Q1,2020-03,0,Unknown,unresolved
2020-03-23,Take 5 Department 608,Harris,Gulf Coast WDA,2020-03-22,2020-04-07,Houston,0,1,0,,,3,TAKE 5 DEPARTMENT 608,0,429,608,2020,2020Q1,2020-03,0,Unknown,unresolved
2020-03-23,Take 5 Department 101,Harris,Gulf Coast WDA,2020-03-22,2020-04-07,Spring,0,1,0,,,5,TAKE 5 DEPARTMENT 101,0,429,608,2020,2020Q1,2020-03,0,Unknown,unresolved
2020-03-23,Take 5 Department 566,Harris,Gulf Coast WDA,2020-03-22,2020-04-07,Houston,0,1,0,,,3,TAKE 5 DEPARTMENT 566,0,429,608,2020,2020Q1,2020-03,0,Unknown,unresolved
2020-03-23,Take 5 Department 109,Brazos,Brazos Valley WDA,2020-03-22,2020-04-07,College Station,0,1,0,,,4,TAKE 5 DEPARTMENT 109,0,10,14,2020,2020Q1,2020-03,0,Unknown,unresolved
2020-03-23,Take 5 Department 117,Fort Bend,Gulf Coast WDA,2020-03-22,2020-04-07,Missouri City,0,1,0,,,7,TAKE 5 DEPARTMENT 117,0,88,608,2020,2020Q1,2020-03,0,Unknown,unresolved
2020-03-23,Take 5 Department 507,Parker,Gulf Coast WDA,2020-03-22,2020-04-07,Hudson Oaks,0,1,0,,,2,TAKE 5 DEPARTMENT 507,0,5,608,2020,2020Q1,2020-03,0,Unknown,unresolved
2020-03-23,Take 5 Department 540,Harris,Gulf Coast WDA,2020-03-22,2020-04-07,Houston,0,1,0,,,3,TAKE 5 DEPARTMENT 540,0,429,608,2020,2020Q1,2020-03,0,Unknown,unresolved
2020-03-23,Take 5 Department 541,Harris,Gulf Coast WDA,2020-03-22,2020-04-07,Houston,0,1,0,,,7,TAKE 5 DEPARTMENT 541,0,429,608,2020,2020Q1,2020-03,0,Unknown,unresolved
2020-03-23,Take 5 Department 103,Harris,Gulf Coast WDA,2020-03-22,2020-04-07,Pasadena,0,1,0,,,4,TAKE 5 DEPARTMENT 103,0,429,608,2020,2020Q1,2020-03,0,Unknown,unresolved
2020-03-23,Take 5 Department 543,Harris,Gulf Coast WDA,2020-03-22,2020-04-07,Houston,0,1,0,,,4,TAKE 5 DEPARTMENT 543,0,429,608,2020,2020Q1,2020-03,0,Unknown,unresolved
2020-03-23,Dyn365 dba Restaurant365,Travis,Capital Area WDA,2020-03-27,2020-03-30,Austin,0,0,1,4,1,95,DYN365 RESTAURANT365,0,169,166,2020,2020Q1,2020-03,6,Retail_Food,stage1
2020-03-23,Collegiate Hotel Group,Dallas,Dallas County WDA,2020-03-16,2020-04-01,Dallas,0,1,0,,,35,COLLEGIATE HOTEL GROUP,0,330,325,2020,2020Q1,2020-03,6,Retail_Food,stage1
2020-03-23,Take 5 Department 171,Bexar,Alamo WDA,2020-03-22,2020-04-01,San Antonio,0,1,0,,,4,TAKE 5 DEPARTMENT 171,0,200,238,2020,2020Q1,2020-03,0,Unknown,unresolved
2020-03-23,Take 5 Department 173,Bexar,Alamo WDA,2020-03-22,2020-04-01,San Antonio,0,1,0,,,5,TAKE 5 DEPARTMENT 173,0,200,238,2020,2020Q1,2020-03,0,Unknown,unresolved
2020-03-23,Take 5 Department 174,Bexar,Alamo WDA,2020-03-22,2020-04-01,San Antonio,0,1,0,,,6,TAKE 5 DEPARTMENT 174,0,200,238,2020,2020Q1,2020-03,0,Unknown,unresolved
2020-03-23,Take 5 Department 176,Bexar,Alamo WDA,2020-03-22,2020-04-01,San Antonio,0,1,0,,,4,TAKE 5 DEPARTMENT 176,0,200,238,2020,2020Q1,2020-03,0,Unknown,unresolved
2020-03-23,Take 5 Department 557,Harris,Gulf Coast WDA,2020-03-22,2020-04-07,Houston,0,1,0,,,3,TAKE 5 DEPARTMENT 557,0,429,608,2020,2020Q1,2020-03,0,Unknown,unresolved
2020-03-23,Alsco - Houston,Fort Bend,Gulf Coast WDA,2020-03-26,2020-03-31,Houston,0,0,1,3,1,128,ALSCO,0,88,608,2020,2020Q1,2020-03,6,Staffing_Services,stage1
2020-03-23,Hard Rock Café,Harris,Gulf Coast WDA,2020-03-27,2020-03-25,Houston,0,0,1,4,1,39,HARD ROCK CAFÉ,1,429,608,2020,2020Q1,2020-03,0,Unknown,unresolved
2020-03-23,Maines Paper & Food Service,Kaufman,North Central Texas WDA,2020-03-19,2020-03-25,Terrell,0,1,0,,,41,MAINES PAPER FOOD SERVICE,0,3,185,2020,2020Q1,2020-03,2,Manufacturing,ambiguous_resolved
2020-03-23,Take 5 Department 82,Harris,Gulf Coast WDA,2020-03-22,2020-04-07,Houston,0,1,0,,,4,TAKE 5 DEPARTMENT 82,0,429,608,2020,2020Q1,2020-03,0,Unknown,unresolved
2020-03-23,Take 5 Department 81,Harris,Gulf Coast WDA,2020-03-22,2020-04-07,Houston,0,1,0,,,9,TAKE 5 DEPARTMENT 81,0,429,608,2020,2020Q1,2020-03,0,Unknown,unresolved
2020-03-23,Take 5 Department 83,Montgomery,Gulf Coast WDA,2020-03-22,2020-04-07,Spring,0,1,0,,,5,TAKE 5 DEPARTMENT 83,0,42,608,2020,2020Q1,2020-03,0,Unknown,unresolved
2020-03-23,Take 5 Department 86,Harris,Gulf Coast WDA,2020-03-22,2020-04-07,Houston,0,1,0,,,5,TAKE 5 DEPARTMENT 86,0,429,608,2020,2020Q1,2020-03,0,Unknown,unresolved
2020-03-23,Take 5 Department 97,Harris,Gulf Coast WDA,2020-03-22,2020-04-07,Cypress,0,1,0,,,6,TAKE 5 DEPARTMENT 97,0,429,608,2020,2020Q1,2020-03,0,Unknown,unresolved
2020-03-23,Cantina Del Rio,Comal,Alamo WDA,2020-03-19,2020-04-01,New Braunfels,0,1,0,,,52,CANTINA DEL RIO,0,11,238,2020,2020Q1,2020-03,0,Unknown,unresolved
2020-03-23,Take 5 Department 431,Tarrant,Tarrant County WDA,2020-03-22,2020-04-08,Lake Worth,0,1,0,,,6,TAKE 5 DEPARTMENT 431,0,207,213,2020,2020Q1,2020-03,0,Unknown,unresolved
2020-03-23,Take 5 Department 245,Harris,Gulf Coast WDA,2020-03-22,2020-04-08,Houston,0,1,0,,,6,TAKE 5 DEPARTMENT 245,0,429,608,2020,2020Q1,2020-03,0,Unknown,unresolved
2020-03-23,Take 5 Department 246,Hale,Gulf Coast WDA,2020-03-22,2020-04-08,Hale Center,0,1,0,,,6,TAKE 5 DEPARTMENT 246,0,4,608,2020,2020Q1,2020-03,0,Unknown,unresolved
2020-03-23,Take 5 Department 253,Harris,Gulf Coast WDA,2020-03-22,2020-04-08,Houston,0,1,0,,,5,TAKE 5 DEPARTMENT 253,0,429,608,2020,2020Q1,2020-03,0,Unknown,unresolved
2020-03-23,Take 5 Department 414,Harris,Gulf Coast WDA,2020-03-23,2020-04-08,La Porte,0,0,1,0,1,3,TAKE 5 DEPARTMENT 414,0,429,608,2020,2020Q1,2020-03,0,Unknown,unresolved
2020-03-23,Take 5 Department 415,Harris,Gulf Coast WDA,2020-03-22,2020-04-08,Houston,0,1,0,,,3,TAKE 5 DEPARTMENT 415,0,429,608,2020,2020Q1,2020-03,0,Unknown,unresolved
2020-03-23,Take 5 Department 104,Montgomery,Gulf Coast WDA,2020-03-22,2020-04-07,Spring,0,1,0,,,5,TAKE 5 DEPARTMENT 104,0,42,608,2020,2020Q1,2020-03,0,Unknown,unresolved
2020-03-23,Take 5 Deaprtment 427,Fort Bend,Gulf Coast WDA,2020-03-22,2020-04-08,Houston,0,1,0,,,4,TAKE 5 DEAPRTMENT 427,0,88,608,2020,2020Q1,2020-03,0,Unknown,unresolved
2020-03-23,Take 5 Department 233,Brazoria,Gulf Coast WDA,2020-03-22,2020-04-08,Pearland,0,1,0,,,6,TAKE 5 DEPARTMENT 233,0,13,608,2020,2020Q1,2020-03,0,Unknown,unresolved
2020-03-23,Take 5 Department 555,Fort Bend,Gulf Coast WDA,2020-03-22,2020-04-08,Katy,0,1,0,,,7,TAKE 5 DEPARTMENT 555,0,88,608,2020,2020Q1,2020-03,0,Unknown,unresolved
2020-03-23,Take 5 Department 556,Harris,Gulf Coast WDA,2020-03-22,2020-04-07,Houston,0,1,0,,,6,TAKE 5 DEPARTMENT 556,0,429,608,2020,2020Q1,2020-03,0,Unknown,unresolved
2020-03-23,Take 5 Department 564,Harris,Gulf Coast WDA,2020-03-22,2020-04-08,Crosby,0,1,0,,,5,TAKE 5 DEPARTMENT 564,0,429,608,2020,2020Q1,2020-03,0,Unknown,unresolved
2020-03-23,Take 5 Department 565,Galveston,Gulf Coast WDA,2020-03-23,2020-04-08,League City,0,0,1,0,1,5,TAKE 5 DEPARTMENT 565,0,9,608,2020,2020Q1,2020-03,0,Unknown,unresolved
2020-03-23,Take 5 Department 64,Dallas,Dallas County WDA,2020-03-22,2020-04-08,Dallas,0,1,0,,,8,TAKE 5 DEPARTMENT 64,0,330,325,2020,2020Q1,2020-03,0,Unknown,unresolved
2020-03-23,Take 5 Department 66,Dallas,Dallas County WDA,2020-03-22,2020-04-08,Mesquite,0,1,0,,,9,TAKE 5 DEPARTMENT 66,0,330,325,2020,2020Q1,2020-03,0,Unknown,unresolved
2020-03-23,Take 5 Department 416,Harris,Gulf Coast WDA,2020-03-22,2020-04-08,Tomball,0,1,0,,,7,TAKE 5 DEPARTMENT 416,0,429,608,2020,2020Q1,2020-03,0,Unknown,unresolved
2020-03-23,Take 5 Department 172,Bexar,Alamo WDA,2020-03-22,2020-04-01,San Antonio,0,1,0,,,2,TAKE 5 DEPARTMENT 172,0,200,238,2020,2020Q1,2020-03,0,Unknown,unresolved
2020-03-23,Take 5 Department 73,Dallas,Dallas County WDA,2020-03-22,2020-04-08,Duncanville,0,1,0,,,5,TAKE 5 DEPARTMENT 73,0,330,325,2020,2020Q1,2020-03,0,Unknown,unresolved
2020-03-23,Take 5 Department 542,Harris,Gulf Coast WDA,2020-03-22,2020-04-07,Katy,0,1,0,,,4,TAKE 5 DEPARTMENT 542,0,429,608,2020,2020Q1,2020-03,0,Unknown,unresolved
2020-03-23,Take 5 Department 544,Harris,Gulf Coast WDA,2020-03-22,2020-04-07,Humble,0,1,0,,,9,TAKE 5 DEPARTMENT 544,0,429,608,2020,2020Q1,2020-03,0,Unknown,unresolved
2020-03-23,Take 5 Department 545,Harris,Gulf Coast WDA,2020-03-22,2020-04-07,Houston,0,1,0,,,3,TAKE 5 DEPARTMENT 545,0,429,608,2020,2020Q1,2020-03,0,Unknown,unresolved
2020-03-23,Take 5 Department 547,Harris,Gulf Coast WDA,2020-03-22,2020-04-07,Deer Park,0,1,0,,,5,TAKE 5 DEPARTMENT 547,0,429,608,2020,2020Q1,2020-03,0,Unknown,unresolved
2020-03-23,Take 5 Department 105,Montgomery,Gulf Coast WDA,2020-03-22,2020-04-07,Spring,0,1,0,,,6,TAKE 5 DEPARTMENT 105,0,42,608,2020,2020Q1,2020-03,0,Unknown,unresolved
2020-03-23,Take 5 Department 238,Fort Bend,Gulf Coast WDA,2020-03-22,2020-04-08,Missouri City,0,1,0,,,4,TAKE 5 DEPARTMENT 238,0,88,608,2020,2020Q1,2020-03,0,Unknown,unresolved
2020-03-23,Eviti Gaming Headquarters,Travis,Capital Area WDA,2020-03-23,2020-04-07,Austin,0,0,1,0,1,183,EVITI GAMING HEADQUARTERS,0,169,166,2020,2020Q1,2020-03,0,Unknown,unresolved
2020-03-23,Take 5 Department 235,Harris,Gulf Coast WDA,2020-03-22,2020-04-08,Houston,0,1,0,,,6,TAKE 5 DEPARTMENT 235,0,429,608,2020,2020Q1,2020-03,0,Unknown,unresolved
2020-03-23,Take 5 Department 205,Harris,Gulf Coast WDA,2020-03-22,2020-04-08,Houston,0,1,0,,,6,TAKE 5 DEPARTMENT 205,0,429,608,2020,2020Q1,2020-03,0,Unknown,unresolved
2020-03-23,Take 5 Department 217,Harris,Gulf Coast WDA,2020-03-22,2020-04-08,Pasadena,0,1,0,,,4,TAKE 5 DEPARTMENT 217,0,429,608,2020,2020Q1,2020-03,0,Unknown,unresolved
2020-03-23,Take 5 Department 226,Montgomery,Gulf Coast WDA,2020-03-22,2020-04-08,Conroe,0,1,0,,,3,TAKE 5 DEPARTMENT 226,0,42,608,2020,2020Q1,2020-03,0,Unknown,unresolved
2020-03-23,Take 5 Department 230,Harris,Gulf Coast WDA,2020-03-23,2020-04-08,Pasadena,0,0,1,0,1,2,TAKE 5 DEPARTMENT 230,0,429,608,2020,2020Q1,2020-03,0,Unknown,unresolved
2020-03-23,Take 5 Department 231,Harris,Gulf Coast WDA,2020-03-22,2020-04-08,Baytown,0,1,0,,,9,TAKE 5 DEPARTMENT 231,0,429,608,2020,2020Q1,2020-03,0,Unknown,unresolved
2020-03-23,Take 5 Department 106,Montgomery,Gulf Coast WDA,2020-03-22,2020-04-07,Conroe,0,1,0,,,4,TAKE 5 DEPARTMENT 106,0,42,608,2020,2020Q1,2020-03,0,Unknown,unresolved
2020-03-23,Eveti Production Facility,Travis,Capital Area WDA,2020-03-23,2020-04-07,Austin,0,0,1,0,1,48,EVETI PRODUCTION FACILITY,0,169,166,2020,2020Q1,2020-03,2,Energy,stage1
2020-03-23,Hooters - Beltline Rd.,Dallas,Dallas County WDA,2020-03-16,2020-04-14,Addison,0,1,0,,,36,HOOTERS - BELTLINE RD,0,330,325,2020,2020Q1,2020-03,6,Retail_Food,stage1
2020-03-23,Take 5 Department 549,Fort Bend,Gulf Coast WDA,2020-03-22,2020-04-08,Rosenberg,0,1,0,,,3,TAKE 5 DEPARTMENT 549,0,88,608,2020,2020Q1,2020-03,0,Unknown,unresolved
2020-03-23,Hooters - Ingram Rd.,Bexar,Alamo WDA,2020-03-16,2020-04-14,San Antonio,0,1,0,,,59,HOOTERS - INGRAM RD,0,200,238,2020,2020Q1,2020-03,6,Retail_Food,stage1
2020-03-23,Hooters - San Pedro,Bexar,Alamo WDA,2020-03-16,2020-04-14,San Antonio,0,1,0,,,46,HOOTERS - SAN PEDRO,0,200,238,2020,2020Q1,2020-03,6,Retail_Food,stage1
2020-03-23,Hooters - Commerce St.,Bexar,Alamo WDA,2020-03-16,2020-04-14,San Antonio,0,1,0,,,35,HOOTERS - COMMERCE ST,0,200,238,2020,2020Q1,2020-03,6,Retail_Food,stage1
2020-03-23,Hooters -  Selma,Bexar,Alamo WDA,2020-03-16,2020-04-14,Selma,0,1,0,,,36,HOOTERS - SELMA,0,200,238,2020,2020Q1,2020-03,6,Retail_Food,stage1
2020-03-23,Hooters - Rudder Fwy,Brazos,Brazos Valley WDA,2020-03-16,2020-04-14,Bryan,0,1,0,,,53,HOOTERS - RUDDER FWY,0,10,14,2020,2020Q1,2020-03,6,Retail_Food,stage1
2020-03-23,Hooters - Bass Pro Dr.,Cameron,Cameron County WDA,2020-03-16,2020-04-14,Harlingen,0,1,0,,,61,HOOTERS - BASS PRO DR,0,37,38,2020,2020Q1,2020-03,6,Retail_Food,stage1
2020-03-23,Take 5 Department 530,Collin,North Central Texas WDA,2020-03-22,2020-04-14,Murphy,0,1,0,,,8,TAKE 5 DEPARTMENT 530,0,92,185,2020,2020Q1,2020-03,0,Unknown,unresolved
2020-03-23,Hooters - S. Padre Island Dr,Nueces,Coastal Bend WDA,2020-03-16,2020-04-14,Corpus Christi,0,1,0,,,51,HOOTERS - S PADRE ISLAND DR,0,20,26,2020,2020Q1,2020-03,6,Retail_Food,stage1
2020-03-23,Hooters - Wurbach Rd.,Bexar,Alamo WDA,2020-03-16,2020-04-14,San Antonio,0,1,0,,,40,HOOTERS - WURBACH RD,0,200,238,2020,2020Q1,2020-03,6,Retail_Food,stage1
2020-03-23,Hooters - N. Lamar,Dallas,Dallas County WDA,2020-03-16,2020-04-14,Dallas,0,1,0,,,80,HOOTERS - N LAMAR,0,330,325,2020,2020Q1,2020-03,6,Retail_Food,stage1
2020-03-23,Hooters - N. Bass Pro Dr.,Dallas,Dallas County WDA,2020-03-16,2020-04-14,Garland,0,1,0,,,42,HOOTERS - N BASS PRO DR,0,330,325,2020,2020Q1,2020-03,6,Retail_Food,stage1
2020-03-23,Hooters - IH 20 West,Dallas,Dallas County WDA,2020-03-16,2020-04-14,Grand Prairie,0,1,0,,,66,HOOTERS - IH 20 WEST,0,330,325,2020,2020Q1,2020-03,6,Retail_Food,stage1
2020-03-23,Hooters - N. Beltline,Dallas,Dallas County WDA,2020-03-16,2020-04-14,Irving,0,1,0,,,50,HOOTERS - N BELTLINE,0,330,325,2020,2020Q1,2020-03,6,Retail_Food,stage1
2020-03-23,Hooters - Market Place Blvd.,Dallas,Dallas County WDA,2020-03-16,2020-04-14,Irving,0,1,0,,,36,HOOTERS - MARKET PLACE BLVD,0,330,325,2020,2020Q1,2020-03,8,Retail_Food,stage1
2020-03-23,Hooters - Towne Crossing Blvd.,Dallas,Dallas County WDA,2020-03-16,2020-04-14,Mesquite,0,1,0,,,58,HOOTERS - TOWNE CROSSING BLVD,0,330,325,2020,2020Q1,2020-03,6,Retail_Food,stage1
2020-03-23,Take 5 Department 184,Bexar,Alamo WDA,2020-03-22,2020-04-13,San Antonio,0,1,0,,,5,TAKE 5 DEPARTMENT 184,0,200,238,2020,2020Q1,2020-03,0,Unknown,unresolved
2020-03-23,Hooters - Sherwood Way,Tom Green,Concho Valley WDA,2020-03-13,2020-04-14,San Angelo,0,1,0,,,47,HOOTERS - SHERWOOD WAY,0,9,16,2020,2020Q1,2020-03,6,Retail_Food,stage1
2020-03-23,Take 5 Department 194,Bexar,Alamo WDA,2020-03-22,2020-04-14,Schertz,0,1,0,,,6,TAKE 5 DEPARTMENT 194,0,200,238,2020,2020Q1,2020-03,0,Unknown,unresolved
2020-03-23,Take 5 Department 185,Bexar,Alamo WDA,2020-03-22,2020-04-13,Universal City,0,1,0,,,7,TAKE 5 DEPARTMENT 185,0,200,238,2020,2020Q1,2020-03,0,Unknown,unresolved
2020-03-23,Take 5 Department 186,Bexar,Alamo WDA,2020-03-22,2020-04-13,Live Oak,0,1,0,,,5,TAKE 5 DEPARTMENT 186,0,200,238,2020,2020Q1,2020-03,0,Unknown,unresolved
2020-03-23,Take 5 Department 187,Bexar,Alamo WDA,,2020-04-13,Converse,0,0,0,,,4,TAKE 5 DEPARTMENT 187,0,200,238,2020,2020Q1,2020-03,0,Unknown,unresolved
2020-03-23,Take 5 Department 188,Bexar,Alamo WDA,2020-03-22,2020-04-13,San Antonio,0,1,0,,,4,TAKE 5 DEPARTMENT 188,0,200,238,2020,2020Q1,2020-03,0,Unknown,unresolved
2020-03-23,Take 5 Department 189,Comal,Alamo WDA,2020-03-22,2020-04-13,New Braunfels,0,1,0,,,8,TAKE 5 DEPARTMENT 189,0,11,238,2020,2020Q1,2020-03,0,Unknown,unresolved
2020-03-23,Take 5 Department 190,Bexar,Alamo WDA,2020-03-22,2020-04-13,San Antonio,0,1,0,,,5,TAKE 5 DEPARTMENT 190,0,200,238,2020,2020Q1,2020-03,0,Unknown,unresolved
2020-03-23,Take 5 Department 191,Bexar,Alamo WDA,2020-03-22,2020-04-13,San Antonio,0,1,0,,,6,TAKE 5 DEPARTMENT 191,0,200,238,2020,2020Q1,2020-03,0,Unknown,unresolved
2020-03-23,Take 5 Department 49,Dallas,Dallas County WDA,2020-03-22,2020-04-14,Dallas,0,1,0,,,5,TAKE 5 DEPARTMENT 49,0,330,325,2020,2020Q1,2020-03,0,Unknown,unresolved
2020-03-23,Take 5 Department 193,Comal,Alamo WDA,2020-03-22,2020-04-13,Canyon Lake,0,1,0,,,9,TAKE 5 DEPARTMENT 193,0,11,238,2020,2020Q1,2020-03,0,Unknown,unresolved
2020-03-23,Hooters - Heards Ln.,Galveston,Gulf Coast WDA,2020-03-16,2020-04-14,Galveston,0,1,0,,,63,HOOTERS - HEARDS LN,0,9,608,2020,2020Q1,2020-03,6,Retail_Food,stage1
2020-03-23,Take 5 Department 195,Kendall,Alamo WDA,2020-03-22,2020-04-14,Boerne,0,1,0,,,1,TAKE 5 DEPARTMENT 195,0,4,238,2020,2020Q1,2020-03,0,Unknown,unresolved
2020-03-23,Take 5 Department 196,Bexar,Alamo WDA,2020-03-22,2020-04-14,San Antonio,0,1,0,,,6,TAKE 5 DEPARTMENT 196,0,200,238,2020,2020Q1,2020-03,0,Unknown,unresolved
2020-03-23,Take 5 Department 197,Bexar,Alamo WDA,2020-03-22,2020-04-14,Helotes,0,1,0,,,5,TAKE 5 DEPARTMENT 197,0,200,238,2020,2020Q1,2020-03,0,Unknown,unresolved
2020-03-23,Take 5 Department 505,Johnson,North Central Texas WDA,2020-03-22,2020-04-14,Burleson,0,1,0,,,3,TAKE 5 DEPARTMENT 505,0,13,185,2020,2020Q1,2020-03,0,Unknown,unresolved
2020-03-23,Hooters,Bexar,Alamo WDA,2020-03-16,2020-04-14,Kirby,0,1,0,,,52,HOOTERS,1,200,238,2020,2020Q1,2020-03,6,Retail_Food,stage1
2020-03-23,Take 5 Department 506,Dallas,Dallas County WDA,2020-03-22,2020-04-14,Cedar Hill,0,1,0,,,5,TAKE 5 DEPARTMENT 506,0,330,325,2020,2020Q1,2020-03,0,Unknown,unresolved
2020-03-23,Take 5 Department 509,Palo Pinto,North Central Texas WDA,2020-03-22,2020-04-14,Mineral Wells,0,1,0,,,5,TAKE 5 DEPARTMENT 509,0,2,185,2020,2020Q1,2020-03,0,Unknown,unresolved
2020-03-23,Take 5 Department 192,Bexar,Alamo WDA,2020-03-22,2020-04-13,San Antonio,0,1,0,,,5,TAKE 5 DEPARTMENT 192,0,200,238,2020,2020Q1,2020-03,0,Unknown,unresolved
2020-03-23,Hooters - Preston Rd.,Collin,North Central Texas WDA,2020-03-16,2020-04-15,Frisco,0,1,0,,,26,HOOTERS - PRESTON RD,0,92,185,2020,2020Q1,2020-03,6,Retail_Food,stage1
2020-03-23,Hooters - FM 1960,Fort Bend,Gulf Coast WDA,2020-03-31,2020-04-14,Houston,0,0,1,8,1,28,HOOTERS - FM 1960,0,88,608,2020,2020Q1,2020-03,6,Retail_Food,stage1
2020-03-23,Hooters - SW Blvd.,Tarrant,Tarrant County WDA,2020-03-16,2020-04-15,Fort Worth,0,1,0,,,20,HOOTERS - SW BLVD,0,207,213,2020,2020Q1,2020-03,6,Retail_Food,stage1
2020-03-23,Hooters - Throckmorton,Tarrant,Tarrant County WDA,2020-03-16,2020-04-15,Fort Worth,0,1,0,,,50,HOOTERS - THROCKMORTON,0,207,213,2020,2020Q1,2020-03,6,Retail_Food,stage1
2020-03-23,Hooters - Crossroads,Tarrant,Tarrant County WDA,2020-03-16,2020-04-15,Grapevine,0,1,0,,,49,HOOTERS - CROSSROADS,0,207,213,2020,2020Q1,2020-03,6,Retail_Food,stage1
2020-03-23,Hooters - Grapevine Hwy,Tarrant,Tarrant County WDA,2020-03-16,2020-04-15,Richland Hills,0,1,0,,,50,HOOTERS - GRAPEVINE HWY,0,207,213,2020,2020Q1,2020-03,6,Retail_Food,stage1
2020-03-23,Hooters - Sunmount,El Paso,Borderplexjobs WDA,2020-03-16,2020-04-15,El Paso,0,1,0,,,75,HOOTERS - SUNMOUNT,0,49,51,2020,2020Q1,2020-03,6,Retail_Food,stage1
2020-03-23,Hooters - State Line,Bowie,North East Texas WDA,2020-03-16,2020-04-15,Texarkana,0,1,0,,,33,HOOTERS - STATE LINE,0,9,21,2020,2020Q1,2020-03,6,Retail_Food,stage1
2020-03-23,Hooters - N. Collins,Tarrant,Tarrant County WDA,2020-03-16,2020-04-15,Arlington,0,1,0,,,64,HOOTERS - N COLLINS,0,207,213,2020,2020Q1,2020-03,6,Retail_Food,stage1
2020-03-23,Hooters - Uptown,Dallas,North Central Texas WDA,2020-03-16,2020-04-15,Cedar Hill,0,1,0,,,45,HOOTERS - UPTOWN,0,330,185,2020,2020Q1,2020-03,6,Retail_Food,stage1
2020-03-23,Hooters - Overland Trl,Jones,West Central WDA,2020-03-16,2020-04-15,Abilene,0,1,0,,,40,HOOTERS - OVERLAND TRL,0,4,10,2020,2020Q1,2020-03,6,Retail_Food,stage1
2020-03-23,Hooters - Plano,Collin,North Central Texas WDA,2020-03-16,2020-04-15,Plano,0,1,0,,,36,HOOTERS,1,92,185,2020,2020Q1,2020-03,6,Retail_Food,stage1
2020-03-23,Hooters - Call Field Rd.,Archer,North Texas WDA,2020-03-16,2020-04-15,Wichita Falls,0,1,0,,,31,HOOTERS - CALL FIELD RD,0,5,10,2020,2020Q1,2020-03,6,Retail_Food,stage1
2020-03-23,Hooters - Denton,Denton,North Central Texas WDA,2020-03-16,2020-04-15,Denton,0,1,0,,,54,HOOTERS - DENTON,0,56,185,2020,2020Q1,2020-03,6,Retail_Food,stage1
2020-03-23,Hooters - S. Stemmons,Denton,North Central Texas WDA,2020-03-16,2020-04-15,Lewisville,0,1,0,,,51,HOOTERS - S STEMMONS,0,56,185,2020,2020Q1,2020-03,6,Retail_Food,stage1
2020-03-23,Hooters - N. Central Exwy,Collin,North Central Texas WDA,2020-03-16,2020-04-15,McKinney,0,1,0,,,37,HOOTERS - N CENTRAL EXWY,0,92,185,2020,2020Q1,2020-03,6,Retail_Food,stage1
2020-03-23,Alsco-Center Branch,Harris,Gulf Coast WDA,2020-04-06,2020-04-27,Houston,0,0,1,14,1,1,ALSCO-CENTER BRANCH,0,429,608,2020,2020Q1,2020-03,6,Staffing_Services,stage1
2020-03-23,Holiday Inn-Austin,Travis,Capital Area WDA,2020-03-23,2020-04-30,Austin,0,0,1,0,1,67,HOLIDAY INN,1,169,166,2020,2020Q1,2020-03,6,Retail_Food,stage1
2020-03-23,Hooters - East Expressway,Hidalgo,Lower Rio Grande Valley WDA,2020-03-16,2020-04-15,McAllen,0,1,0,,,50,HOOTERS,1,35,38,2020,2020Q1,2020-03,6,Retail_Food,stage1
2020-03-23,Hooters - Jack Kultgen Fwy,McLennan,Heart of Texas WDA,2020-03-16,2020-04-14,Waco,0,1,0,,,36,HOOTERS - JACK KULTGEN FWY,0,24,34,2020,2020Q1,2020-03,6,Retail_Food,stage1
2020-03-23,Hooters - Tombail Fwy,Fort Bend,Gulf Coast WDA,2020-03-16,2020-04-14,Houston,0,1,0,,,37,HOOTERS - TOMBAIL FWY,0,88,608,2020,2020Q1,2020-03,6,Retail_Food,stage1
2020-03-23,Hooters - Katy Fwy,Fort Bend,Gulf Coast WDA,2020-03-16,2020-04-14,Katy,0,1,0,,,531,HOOTERS - KATY FWY,0,88,608,2020,2020Q1,2020-03,6,Retail_Food,stage1
2020-03-23,Hooters - Hwy 59 North,Harris,Gulf Coast WDA,2020-03-16,2020-04-14,Humble,0,1,0,,,53,HOOTERS - HWY 59 NORTH,0,429,608,2020,2020Q1,2020-03,6,Retail_Food,stage1
2020-03-23,Hooters - Sam Houston,Harris,Gulf Coast WDA,2020-03-16,2020-04-14,Pasadena,0,1,0,,,62,HOOTERS - SAM HOUSTON,0,429,608,2020,2020Q1,2020-03,6,Retail_Food,stage1
2020-03-23,Hooters - South Fwy,Brazoria,Gulf Coast WDA,2020-03-16,2020-04-14,Pearland,0,1,0,,,51,HOOTERS,1,13,608,2020,2020Q1,2020-03,6,Retail_Food,stage1
2020-03-23,Hooters - NASA Rd.,Harris,Gulf Coast WDA,2020-03-16,2020-04-14,Seabrook,0,1,0,,,44,HOOTERS - NASA RD,0,429,608,2020,2020Q1,2020-03,6,Retail_Food,stage1
2020-03-23,Hooters - Gulf Fwy,Harris,Gulf Coast WDA,2020-03-16,2020-04-14,Webster,0,1,0,,,46,HOOTERS - GULF FWY,0,429,608,2020,2020Q1,2020-03,6,Retail_Food,stage1
2020-03-23,Hooters - West I-20,Tarrant,Tarrant County WDA,2020-03-16,2020-04-15,Arlington,0,1,0,,,60,HOOTERS,1,207,213,2020,2020Q1,2020-03,6,Retail_Food,stage1
2020-03-23,Take 5 Department 110,Brazos,Brazos Valley WDA,2020-03-22,2020-04-14,Bryan,0,1,0,,,4,TAKE 5 DEPARTMENT 110,0,10,14,2020,2020Q1,2020-03,0,Unknown,unresolved
2020-03-23,Hooters - 4710 I-0 East,Harris,Gulf Coast WDA,2020-03-16,2020-04-14,Baytown,0,1,0,,,46,HOOTERS - 4710 I-0 EAST,0,429,608,2020,2020Q1,2020-03,6,Retail_Food,stage1
2020-03-23,Hooters - 40 West,Potter,Panhandle WDA,2020-03-16,2020-04-15,Amarillo,0,1,0,,,47,HOOTERS - 40 WEST,0,12,22,2020,2020Q1,2020-03,6,Retail_Food,stage1
2020-03-23,Hooters - S.W. Fwy,Fort Bend,Gulf Coast WDA,2020-03-16,2020-04-15,Stafford,0,1,0,,,45,HOOTERS - S W FWY,0,88,608,2020,2020Q1,2020-03,6,Retail_Food,stage1
2020-03-23,Hooters - 850 I-10,Jefferson,South East Texas WDA,2020-03-16,2020-04-15,Beaumont,0,1,0,,,37,HOOTERS - 850 I-10,0,20,27,2020,2020Q1,2020-03,6,Retail_Food,stage1
2020-03-23,Hooters - San Bernardo,Webb,South Texas WDA,2020-03-16,2020-04-15,Laredo,0,1,0,,,39,HOOTERS - SAN BERNARDO,0,17,17,2020,2020Q1,2020-03,6,Retail_Food,stage1
2020-03-23,Hooters - John Ben Shepperd Pkwy.,Ector,Permian Basin WDA,2020-03-16,2020-04-15,Odessa,0,1,0,,,69,HOOTERS - JOHN BEN SHEPPERD PKWY,0,19,83,2020,2020Q1,2020-03,6,Retail_Food,stage1
2020-03-23,Hooters - 27001 H35,Williamson,Rural Capital WDA,2020-03-16,2020-04-15,Round Rock,0,1,0,,,80,HOOTERS - 27001 H35,0,35,67,2020,2020Q1,2020-03,6,Retail_Food,stage1
2020-03-23,Hooters - San Marcos,Hays,Rural Capital WDA,2020-03-16,2020-04-15,San Marcos,0,1,0,,,61,HOOTERS - SAN MARCOS,0,18,67,2020,2020Q1,2020-03,6,Retail_Food,stage1
2020-03-23,Houston Marriott Westchase,Harris,Gulf Coast WDA,2020-03-20,2020-04-14,Houston,0,1,0,,,175,HOUSTON MARRIOTT WESTCHASE,0,429,608,2020,2020Q1,2020-03,6,Retail_Food,stage1
2020-03-23,Take 5 Department 503,Johnson,Tarrant County WDA,2020-03-22,2020-04-10,Burleson,0,1,0,,,3,TAKE 5 DEPARTMENT 503,0,13,213,2020,2020Q1,2020-03,0,Unknown,unresolved
2020-03-23,Tske 5 Department 510,Tarrant,Tarrant County WDA,2020-03-22,2020-04-10,Bedford,0,1,0,,,3,TSKE 5 DEPARTMENT 510,0,207,213,2020,2020Q1,2020-03,0,Unknown,unresolved
2020-03-23,Take 5 Department 435,Tarrant,Tarrant County WDA,2020-03-23,2020-04-10,Saginaw,0,0,1,0,1,7,TAKE 5 DEPARTMENT 435,0,207,213,2020,2020Q1,2020-03,0,Unknown,unresolved
2020-03-23,Take 5 Department 436,Montgomery,Gulf Coast WDA,2020-03-22,2020-04-10,Magnolia,0,1,0,,,3,TAKE 5 DEPARTMENT 436,0,42,608,2020,2020Q1,2020-03,0,Unknown,unresolved
2020-03-23,Take 5 Department 441,Lubbock,South Plains WDA,2020-03-22,2020-04-10,Lubbock,0,1,0,,,5,TAKE 5 DEPARTMENT 441,0,20,29,2020,2020Q1,2020-03,0,Unknown,unresolved
2020-03-23,Take 5 Department 442,Lubbock,South Plains WDA,2020-03-22,2020-04-10,Lubbock,0,1,0,,,10,TAKE 5 DEPARTMENT 442,0,20,29,2020,2020Q1,2020-03,0,Unknown,unresolved
2020-03-23,Take 5 Department 444,Lubbock,South Plains WDA,2020-03-22,2020-04-10,Lubbock,0,1,0,,,6,TAKE 5 DEPARTMENT 444,0,20,29,2020,2020Q1,2020-03,0,Unknown,unresolved
2020-03-23,Take 5 Department 433,Harris,Gulf Coast WDA,2020-03-22,2020-04-10,Tomball,0,1,0,,,4,TAKE 5 DEPARTMENT 433,0,429,608,2020,2020Q1,2020-03,0,Unknown,unresolved
2020-03-23,Take 5 Department 502,Tarrant,Tarrant County WDA,2020-03-22,2020-04-10,Arlington,0,1,0,,,4,TAKE 5 DEPARTMENT 502,0,207,213,2020,2020Q1,2020-03,0,Unknown,unresolved
2020-03-23,Take 5 Department 425,Tarrant,Tarrant County WDA,2020-03-22,2020-04-10,Fort Worth,0,1,0,,,9,TAKE 5 DEPARTMENT 425,0,207,213,2020,2020Q1,2020-03,0,Unknown,unresolved
2020-03-23,Take 5 Department 57,Dallas,Dallas County WDA,2020-03-22,2020-04-08,Dallas,0,1,0,,,5,TAKE 5 DEPARTMENT 57,0,330,325,2020,2020Q1,2020-03,0,Unknown,unresolved
2020-03-23,Chalk Mountain Services of Texas LLC,Winkler,Permian Basin WDA,2020-03-23,2020-04-13,Kermit,0,0,1,0,1,46,CHALK MOUNTAIN SERVICES OF TEXAS,1,4,83,2020,2020Q1,2020-03,6,Energy,stage1
2020-03-23,Take 5 Department 61,Dallas,Dallas County WDA,2020-03-22,2020-04-09,Dallas,0,1,0,,,7,TAKE 5 DEPARTMENT 61,0,330,325,2020,2020Q1,2020-03,0,Unknown,unresolved
2020-03-23,Take 5 Department 500,Parker,North Central Texas WDA,2020-03-22,2020-04-10,Aledo,0,1,0,,,3,TAKE 5 DEPARTMENT 500,0,5,185,2020,2020Q1,2020-03,0,Unknown,unresolved
2020-03-23,Rabalais I & E,Galveston,Gulf Coast WDA,2020-03-23,2020-04-13,Texas City,0,0,1,0,1,110,RABALAIS I E,0,9,608,2020,2020Q1,2020-03,0,Unknown,unresolved
2020-03-23,US Steel Tubular - Lone Star Tubualr,Morris,North East Texas WDA,2020-05-24,2020-04-13,Lone Star,0,0,1,62,0,593,US STEEL TUBULAR - LONE STAR TUBUALR,0,1,21,2020,2020Q1,2020-03,2,Manufacturing,stage1
2020-03-23,OTG Management,Harris,Gulf Coast WDA,2020-03-16,2020-04-13,Houston,0,1,0,,,353,OTG MANAGEMENT,0,429,608,2020,2020Q1,2020-03,0,Unknown,unresolved
2020-03-23,Take 5 Department 501,Tarrant,Tarrant County WDA,2020-03-22,2020-04-10,Arlington,0,1,0,,,4,TAKE 5 DEPARTMENT 501,0,207,213,2020,2020Q1,2020-03,0,Unknown,unresolved
2020-03-23,Take 5 Department 206,Travis,Capital Area WDA,2020-03-22,2020-04-09,Pflugerville,0,1,0,,,7,TAKE 5 DEPARTMENT 206,0,169,166,2020,2020Q1,2020-03,0,Unknown,unresolved
2020-03-23,Take 5 Department 58,Dallas,Dallas County WDA,2020-03-22,2020-04-09,Dallas,0,1,0,,,8,TAKE 5 DEPARTMENT 58,0,330,325,2020,2020Q1,2020-03,0,Unknown,unresolved
2020-03-23,Hooters - Hwy 6 South,Fort Bend,Gulf Coast WDA,2020-03-16,2020-04-14,Houston,0,1,0,,,31,HOOTERS - HWY 6 SOUTH,0,88,608,2020,2020Q1,2020-03,6,Retail_Food,stage1
2020-03-23,Take 5 Department 183,Bexar,Alamo WDA,2020-03-22,2020-04-13,San Antonio,0,1,0,,,5,TAKE 5 DEPARTMENT 183,0,200,238,2020,2020Q1,2020-03,0,Unknown,unresolved
2020-03-23,Take 5 Department 62,Dallas,Dallas County WDA,2020-03-22,2020-04-09,Garland,0,1,0,,,6,TAKE 5 DEPARTMENT 62,0,330,325,2020,2020Q1,2020-03,0,Unknown,unresolved
2020-03-23,Take 5 Deaprtment 63,Dallas,Dallas County WDA,2020-03-22,2020-04-09,Dallas,0,1,0,,,8,TAKE 5 DEAPRTMENT 63,0,330,325,2020,2020Q1,2020-03,0,Unknown,unresolved
2020-03-23,Take 5 Department 68,Dallas,Dallas County WDA,2020-03-22,2020-04-09,Richardson,0,1,0,,,5,TAKE 5 DEPARTMENT 68,0,330,325,2020,2020Q1,2020-03,0,Unknown,unresolved
2020-03-23,Take 5 Department 554,Harris,Gulf Coast WDA,2020-03-22,2020-04-09,Katy,0,1,0,,,6,TAKE 5 DEPARTMENT 554,0,429,608,2020,2020Q1,2020-03,0,Unknown,unresolved
2020-03-23,Take 5 Department 96,Tarrant,Tarrant County WDA,2020-03-22,2020-04-09,Fort Worth,0,1,0,,,8,TAKE 5 DEPARTMENT 96,0,207,213,2020,2020Q1,2020-03,0,Unknown,unresolved
2020-03-23,Chalk Montain Services of Texas LLC - Pleasanton,Atascosa,Alamo WDA,2020-04-06,2020-04-13,Pleasanton,0,0,1,14,1,219,CHALK MONTAIN SERVICES OF TEXAS - PLEASANTON,1,8,238,2020,2020Q1,2020-03,0,Unknown,unresolved
2020-03-23,Take 5 Department 209,Hays,Rural Capital WDA,2020-03-22,2020-04-09,San Marcos,0,1,0,,,8,TAKE 5 DEPARTMENT 209,0,18,67,2020,2020Q1,2020-03,0,Unknown,unresolved
2020-03-23,Take 5 Department 212,Bell,Central Texas WDA,2020-03-22,2020-04-09,Temple,0,1,0,,,3,TAKE 5 DEPARTMENT 212,0,14,14,2020,2020Q1,2020-03,0,Unknown,unresolved
2020-03-23,Take 5 Department 276,Bell,Central Texas WDA,2020-03-22,2020-04-10,Killeen,0,1,0,,,8,TAKE 5 DEPARTMENT 276,0,14,14,2020,2020Q1,2020-03,0,Unknown,unresolved
2020-03-23,Take 5 Department 241,Travis,Capital Area WDA,2020-03-22,2020-04-10,Austin,0,1,0,,,5,TAKE 5 DEPARTMENT 241,0,169,166,2020,2020Q1,2020-03,0,Unknown,unresolved
2020-03-23,Take 5 Department 244,Travis,Capital Area WDA,2020-03-22,2020-04-10,Austin,0,1,0,,,7,TAKE 5 DEPARTMENT 244,0,169,166,2020,2020Q1,2020-03,0,Unknown,unresolved
2020-03-23,Take 5 Department 405,Bexar,Alamo WDA,2020-03-22,2020-04-10,San Antonio,0,1,0,,,4,TAKE 5 DEPARTMENT 405,0,200,238,2020,2020Q1,2020-03,0,Unknown,unresolved
2020-03-23,Take 5 Department 421,Collin,North Central Texas WDA,2020-03-22,2020-04-10,Plano,0,1,0,,,6,TAKE 5 DEPARTMENT 421,0,92,185,2020,2020Q1,2020-03,0,Unknown,unresolved
2020-03-23,Take 5 Department 79,Harris,Gulf Coast WDA,2020-03-22,2020-04-09,Spring,0,1,0,,,3,TAKE 5 DEPARTMENT 79,0,429,608,2020,2020Q1,2020-03,0,Unknown,unresolved
2020-03-23,Take 5 Department 550,Harris,Gulf Coast WDA,2020-03-22,2020-04-09,Houston,0,1,0,,,4,TAKE 5 DEPARTMENT 550,0,429,608,2020,2020Q1,2020-03,0,Unknown,unresolved
2020-03-23,Take 5 Department 598,Potter,Panhandle WDA,2020-03-22,2020-04-10,Amarillo,0,1,0,,,4,TAKE 5 DEPARTMENT 598,0,12,22,2020,2020Q1,2020-03,0,Unknown,unresolved
2020-03-23,Take 5 Department 513,Andrews,Permian Basin WDA,2020-03-22,2020-04-10,Andrews,0,1,0,,,3,TAKE 5 DEPARTMENT 513,0,5,83,2020,2020Q1,2020-03,0,Unknown,unresolved
2020-03-23,Take 5 Department 70,Denton,North Central Texas WDA,2020-03-22,2020-04-10,Plano,0,1,0,,,6,TAKE 5 DEPARTMENT 70,0,56,185,2020,2020Q1,2020-03,0,Unknown,unresolved
2020-03-23,Take 5 Department 504,Johnson,North Central Texas WDA,2020-03-22,2020-04-10,Burleson,0,1,0,,,6,TAKE 5 DEPARTMENT 504,0,13,185,2020,2020Q1,2020-03,0,Unknown,unresolved
2020-03-23,Take 5 Department 72,Bowie,North East Texas WDA,2020-03-22,2020-04-13,Texarkana,0,1,0,,,4,TAKE 5 DEPARTMENT 72,0,9,21,2020,2020Q1,2020-03,0,Unknown,unresolved
2020-03-23,Take 5 Department 208,Denton,North Central Texas WDA,2020-03-22,2020-04-10,Lewisville,0,1,0,,,4,TAKE 5 DEPARTMENT 208,0,56,185,2020,2020Q1,2020-03,0,Unknown,unresolved
2020-03-23,Take 5 Department 202,Hays,Rural Capital WDA,2020-03-22,2020-04-10,San Marcos,0,1,0,,,6,TAKE 5 DEPARTMENT 202,0,18,67,2020,2020Q1,2020-03,0,Unknown,unresolved
2020-03-23,Take 5 Department 596,Bexar,Alamo WDA,2020-03-22,2020-04-10,San Antonio,0,1,0,,,3,TAKE 5 DEPARTMENT 596,0,200,238,2020,2020Q1,2020-03,0,Unknown,unresolved
2020-03-23,Take 5 Department 201,Bexar,Alamo WDA,2020-03-22,2020-04-13,San Antonio,0,1,0,,,4,TAKE 5 DEPARTMENT 201,0,200,238,2020,2020Q1,2020-03,0,Unknown,unresolved
2020-03-23,Take 5 Department 69,Denton,North Central Texas WDA,2020-03-22,2020-04-10,Plano,0,1,0,,,4,TAKE 5 DEPARTMENT 69,0,56,185,2020,2020Q1,2020-03,0,Unknown,unresolved
2020-03-23,Take 5 Department 177,Bexar,Alamo WDA,2020-03-22,2020-04-13,San Antonio,0,1,0,,,5,TAKE 5 DEPARTMENT 177,0,200,238,2020,2020Q1,2020-03,0,Unknown,unresolved
2020-03-23,America's Auto Auction,Montgomery,Gulf Coast WDA,2020-03-17,2020-04-13,Conroe,0,1,0,,,17,AMERICA S AUTO AUCTION,0,42,608,2020,2020Q1,2020-03,2,Logistics_Transportation,stage1
2020-03-23,America's Auto Auction - Almeda-Genoa Rd,Fort Bend,Gulf Coast WDA,2020-03-17,2020-04-13,Houston,0,1,0,,,58,AMERICA S AUTO AUCTION - ALMEDA-GENOA RD,0,88,608,2020,2020Q1,2020-03,2,Logistics_Transportation,stage1
2020-03-23,America's Auton Auction - Almed-Genoa Rd.,Dallas,Dallas County WDA,2020-03-17,2020-04-13,Irving,0,1,0,,,10,AMERICA S AUTON AUCTION - ALMED-GENOA RD,0,330,325,2020,2020Q1,2020-03,0,Unknown,unresolved
2020-03-23,Take 5 Department 178,Bexar,Alamo WDA,2020-03-22,2020-04-13,San Antonio,0,1,0,,,2,TAKE 5 DEPARTMENT 178,0,200,238,2020,2020Q1,2020-03,0,Unknown,unresolved
2020-03-23,Take 5 Department 180,Bexar,Alamo WDA,2020-03-22,2020-04-13,San Antonio,0,1,0,,,5,TAKE 5 DEPARTMENT 180,0,200,238,2020,2020Q1,2020-03,0,Unknown,unresolved
2020-03-23,Take 5 Department 181,Bexar,Alamo WDA,2020-03-22,2020-04-13,San Antonio,0,1,0,,,10,TAKE 5 DEPARTMENT 181,0,200,238,2020,2020Q1,2020-03,0,Unknown,unresolved
2020-03-23,Take 5 Department 182,Bexar,Alamo WDA,2020-03-22,2020-04-13,San Antonio,0,1,0,,,5,TAKE 5 DEPARTMENT 182,0,200,238,2020,2020Q1,2020-03,0,Unknown,unresolved
2020-03-23,Take 5 Department 200,Comal,Alamo WDA,2020-03-22,2020-04-13,Spring Branch,0,1,0,,,4,TAKE 5 DEPARTMENT 200,0,11,238,2020,2020Q1,2020-03,0,Unknown,unresolved
2020-03-23,Take 5 Department 519,Ector,Permian Basin WDA,2020-03-22,2020-04-10,Odessa,0,1,0,,,9,TAKE 5 DEPARTMENT 519,0,19,83,2020,2020Q1,2020-03,0,Unknown,unresolved
2020-03-23,Take 5 Department 514,Howard,Permian Basin WDA,2020-03-22,2020-04-10,Big Spring,0,1,0,,,4,TAKE 5 DEPARTMENT 514,0,4,83,2020,2020Q1,2020-03,0,Unknown,unresolved
2020-03-23,Take 5 Department 515,Midland,Permian Basin WDA,2020-03-22,2020-04-10,Midland,0,1,0,,,5,TAKE 5 DEPARTMENT 515,0,37,83,2020,2020Q1,2020-03,0,Unknown,unresolved
2020-03-23,Take 5 Department 516,Midland,Permian Basin WDA,2020-03-22,2020-04-10,Midland,0,1,0,,,7,TAKE 5 DEPARTMENT 516,0,37,83,2020,2020Q1,2020-03,0,Unknown,unresolved
2020-03-23,Take 5 Department 517,Midland,Permian Basin WDA,2020-03-22,2020-04-10,Midland,0,1,0,,,6,TAKE 5 DEPARTMENT 517,0,37,83,2020,2020Q1,2020-03,0,Unknown,unresolved
2020-03-23,Take 5 Department 518,Ector,Permian Basin WDA,2020-03-22,2020-04-10,Odessa,0,1,0,,,5,TAKE 5 DEPARTMENT 518,0,19,83,2020,2020Q1,2020-03,0,Unknown,unresolved
2020-03-23,Take 5 Department 59,Dallas,Dallas County WDA,2020-03-22,2020-04-10,Dallas,0,1,0,,,5,TAKE 5 DEPARTMENT 59,0,330,325,2020,2020Q1,2020-03,0,Unknown,unresolved
2020-03-23,Take 5 Department 520,Randall,Panhandle WDA,2020-03-22,2020-04-10,Canyon,0,1,0,,,5,TAKE 5 DEPARTMENT 520,0,2,22,2020,2020Q1,2020-03,0,Unknown,unresolved
2020-03-23,Take 5 Department 521,Deaf Smith,Panhandle WDA,2020-03-22,2020-04-10,Hereford,0,1,0,,,4,TAKE 5 DEPARTMENT 521,0,2,22,2020,2020Q1,2020-03,0,Unknown,unresolved
2020-03-23,Take 5 Department 522,Lubbock,South Plains WDA,2020-03-22,2020-04-10,Lubbock,0,1,0,,,6,TAKE 5 DEPARTMENT 522,0,20,29,2020,2020Q1,2020-03,0,Unknown,unresolved
2020-03-23,Take 5 Department 523,Hale,South Plains WDA,2020-03-22,2020-04-10,Plainview,0,1,0,,,4,TAKE 5 DEPARTMENT 523,0,4,29,2020,2020Q1,2020-03,0,Unknown,unresolved
2020-03-23,Take 5 Department 524,Taylor,West Central WDA,2020-03-22,2020-04-10,Abilene,0,1,0,,,6,TAKE 5 DEPARTMENT 524,0,4,10,2020,2020Q1,2020-03,0,Unknown,unresolved
2020-03-23,Take 5 Department 525,Lubbock,South Plains WDA,2020-03-22,2020-04-10,Lubbock,0,1,0,,,3,TAKE 5 DEPARTMENT 525,0,20,29,2020,2020Q1,2020-03,0,Unknown,unresolved
2020-03-23,Take 5 Department 526,Lubbock,South Plains WDA,2020-03-22,2020-04-10,Lubbock,0,1,0,,,4,TAKE 5 DEPARTMENT 526,0,20,29,2020,2020Q1,2020-03,0,Unknown,unresolved
2020-03-23,Take 5 Department 529,Lubbock,South Plains WDA,2020-03-22,2020-04-10,Lubbock,0,1,0,,,4,TAKE 5 DEPARTMENT 529,0,20,29,2020,2020Q1,2020-03,0,Unknown,unresolved
2020-03-23,Take 5 Department 552,Harris,Gulf Coast WDA,2020-03-22,2020-04-09,Baytown,0,1,0,,,6,TAKE 5 DEPARTMENT 552,0,429,608,2020,2020Q1,2020-03,0,Unknown,unresolved
2020-03-22,Vacation Publications dba Vacations To,Harris,Gulf Coast WDA,2020-03-06,2020-03-25,Houston,0,1,0,,,325,VACATION PUBLICATIONS VACATIONS TO,0,429,608,2020,2020Q1,2020-03,2,Public_Nonprofit,stage1
2020-03-22,CBC Restaurant Corp. dba Corner Bakery Café,Dallas,Dallas County WDA,2020-03-29,2020-04-01,Dallas,0,0,1,7,1,67,CBC RESTAURANT CORNER BAKERY CAFÉ,0,330,325,2020,2020Q1,2020-03,8,Retail_Food,stage1
2020-03-21,Wyndham San Antonio Riverwalk,Bexar,Alamo WDA,2020-03-23,2020-03-25,San Antonio,0,0,1,2,1,141,WYNDHAM SAN ANTONIO RIVERWALK,0,200,238,2020,2020Q1,2020-03,0,Unknown,unresolved
2020-03-21,Embassy Suites-San Antonio,Bexar,Alamo WDA,2020-03-23,2020-03-25,San Antonio,0,0,1,2,1,41,EMBASSY SUITES,1,200,238,2020,2020Q1,2020-03,0,Unknown,unresolved
2020-03-21,Marriott Dallas Addison Quorum by the Galleria,Dallas,Dallas County WDA,2020-03-23,2020-03-25,Dallas,0,0,1,2,1,79,MARRIOTT DALLAS ADDISON QUORUM BY THE GALLERIA,0,330,325,2020,2020Q1,2020-03,6,Retail_Food,stage1
2020-03-21,Marriott Odessa Hotel,Ector,Permian Basin WDA,2020-03-24,2020-03-25,Odessa,0,0,1,3,1,127,MARRIOTT ODESSA HOTEL,0,19,83,2020,2020Q1,2020-03,12,Retail_Food,stage1
2020-03-21,Austin Hotel and Residences,Travis,Capital Area WDA,2020-03-23,2020-03-25,Austin,0,0,1,2,1,210,AUSTIN HOTEL AND RESIDENCES,0,169,166,2020,2020Q1,2020-03,6,Retail_Food,stage1
2020-03-20,Warwick Melrose Hotel,Dallas,Dallas County WDA,2020-03-22,2020-03-25,Dallas,0,0,1,2,1,113,WARWICK MELROSE HOTEL,0,330,325,2020,2020Q1,2020-03,6,Retail_Food,stage1
2020-03-20,Sheraton Ft. Worth,Tarrant,Tarrant County WDA,2020-03-20,2020-03-25,Ft. Worth,0,0,1,0,1,164,SHERATON FT WORTH,0,207,213,2020,2020Q1,2020-03,6,Retail_Food,stage1
2020-03-20,Virgin Hotels Dallas,Dallas,Dallas County WDA,2020-03-20,2020-03-20,Dallas,0,0,1,0,1,199,VIRGIN HOTELS DALLAS,0,330,325,2020,2020Q1,2020-03,6,Retail_Food,stage1
2020-03-20,FTS International Services-Odessa,Ector,Permian Basin WDA,2020-03-20,2020-03-20,Odessa,0,0,1,0,1,207,FTS INTERNATIONAL SERVICES,1,19,83,2020,2020Q1,2020-03,0,Unknown,unresolved
2020-03-20,Sydell Hotels LLC,Travis,Capital Area WDA,2020-03-16,2020-03-20,Austin,0,1,0,,,181,SYDELL HOTELS,0,169,166,2020,2020Q1,2020-03,6,Retail_Food,stage1
2020-03-20,Hilton Lincoln Center,Dallas,Dallas County WDA,2020-03-25,2020-03-25,Dallas,0,0,1,5,1,97,HILTON LINCOLN CENTER,0,330,325,2020,2020Q1,2020-03,8,Retail_Food,stage1
2020-03-20,Tapatio Springs Resort,Kendall,Alamo WDA,2020-03-23,2020-03-25,Boerne,0,0,1,3,1,58,TAPATIO SPRINGS RESORT,0,4,238,2020,2020Q1,2020-03,6,Retail_Food,stage1
2020-03-20,Sport Clips,Williamson,Rural Capital WDA,2020-03-23,2020-03-25,Georgetown,0,0,1,3,1,66,SPORT CLIPS,0,35,67,2020,2020Q1,2020-03,6,Retail_Food,stage1
2020-03-20,Benchmark Hospitality of Corpus Christi,Nueces,Coastal Bend WDA,2020-03-21,2020-03-25,Corpus Ch,0,0,1,1,1,115,BENCHMARK HOSPITALITY OF CORPUS CHRISTI,0,20,26,2020,2020Q1,2020-03,6,Healthcare,stage1
2020-03-20,SA Burger,Hays,Rural Capital WDA,2020-03-20,2020-03-25,San Marcos,0,0,1,0,1,5,SA BURGER,0,18,67,2020,2020Q1,2020-03,2,Retail_Food,stage1
2020-03-20,Rio Plaza,Bexar,Alamo WDA,2020-03-20,2020-03-25,San Antonio,0,0,1,0,1,3,RIO PLAZA,0,200,238,2020,2020Q1,2020-03,0,Unknown,unresolved
2020-03-20,Mule Restaurant Group,Bexar,Alamo WDA,2020-03-20,2020-03-25,San Antonio,0,0,1,0,1,147,MULE RESTAURANT GROUP,0,200,238,2020,2020Q1,2020-03,6,Retail_Food,stage1
2020-03-20,Four Seasons Hotel-Austin,Travis,Capital Area WDA,2020-03-23,2020-03-30,Austin,0,0,1,3,1,369,FOUR SEASONS HOTEL,1,169,166,2020,2020Q1,2020-03,6,Retail_Food,stage1
2020-03-20,Hilton-Arlington,Tarrant,Tarrant County WDA,2020-03-20,2020-04-13,Arlington,0,0,1,0,1,83,HILTON,1,207,213,2020,2020Q1,2020-03,6,Retail_Food,stage1
2020-03-19,Marriott Austin South,Travis,Capital Area WDA,2020-03-20,2020-03-19,Austin,0,0,1,1,1,69,MARRIOTT AUSTIN SOUTH,0,169,166,2020,2020Q1,2020-03,6,Retail_Food,stage1
2020-03-19,El Fenix,Dallas,Dallas County WDA,2020-03-16,2020-03-25,Dallas,0,1,0,,,70,EL FENIX,0,330,325,2020,2020Q1,2020-03,6,Retail_Food,stage1
2020-03-19,Apache Corp.-Midland,Midland,Permian Basin WDA,2020-03-18,2020-03-19,Midland,0,1,0,,,85,APACHE,1,37,83,2020,2020Q1,2020-03,6,Energy,stage1
2020-03-19,Punch Bowl Social,Dallas,Dallas County WDA,2020-03-16,2020-03-19,Dallas,0,1,0,,,93,PUNCH BOWL SOCIAL,0,330,325,2020,2020Q1,2020-03,6,Retail_Food,stage1
2020-03-19,Punch Bowl Social-Domain,Travis,Capital Area WDA,2020-03-16,2020-03-19,Austin,0,1,0,,,92,PUNCH BOWL SOCIAL-DOMAIN,0,169,166,2020,2020Q1,2020-03,6,Retail_Food,stage1
2020-03-19,Tenaris-IPSCO Koppel Tubulars,Harris,Gulf Coast WDA,2020-04-17,2020-03-19,Baytown,0,0,1,29,1,223,TENARIS-IPSCO KOPPEL TUBULARS,0,429,608,2020,2020Q1,2020-03,0,Unknown,unresolved
2020-03-19,Texas Central School Bus,Tarrant,Tarrant County WDA,2020-03-17,2020-03-19,Keller,0,1,0,,,309,TEXAS CENTRAL SCHOOL BUS,1,207,213,2020,2020Q1,2020-03,2,Public_Nonprofit,stage1
2020-03-19,Sheraton Suites Market Center,Dallas,Dallas County WDA,2020-03-23,2020-03-25,Dallas,0,0,1,4,1,56,SHERATON SUITES MARKET CENTER,0,330,325,2020,2020Q1,2020-03,8,Retail_Food,stage1
2020-03-19,Punch Bowl Social-Congress,Travis,Capital Area WDA,2020-03-16,2020-03-19,Austin,0,1,0,,,130,PUNCH BOWL SOCIAL-CONGRESS,0,169,166,2020,2020Q1,2020-03,6,Retail_Food,stage1
2020-03-19,FTS International Services-Pleasnton,Atascosa,Alamo WDA,2020-03-19,2020-03-19,Pleasanton,0,0,1,0,1,207,FTS INTERNATIONAL SERVICES-PLEASNTON,0,8,238,2020,2020Q1,2020-03,0,Unknown,unresolved
2020-03-19,Uncle Julio's-Dallas,Dallas,Dallas County WDA,2020-03-19,2020-04-15,Dallas,0,0,1,0,1,82,UNCLE JULIO S,0,330,325,2020,2020Q1,2020-03,6,Retail_Food,stage1
2020-03-18,Haliburton Energy Services-N. Sam Houston,Harris,Gulf Coast WDA,2020-03-23,2020-03-18,Houston,0,0,1,5,1,3500,HALIBURTON ENERGY SERVICES-N SAM HOUSTON,1,429,608,2020,2020Q1,2020-03,2,Energy,stage1
2020-03-17,FTS International Services,Tarrant,Tarrant County WDA,2020-03-17,2020-03-17,Ft. Worth,0,0,1,0,1,35,FTS INTERNATIONAL SERVICES,1,207,213,2020,2020Q1,2020-03,0,Unknown,unresolved
2020-03-17,Four Seasons Resort,Dallas,Dallas County WDA,2020-03-17,2020-03-17,Irving,0,0,1,0,1,100,FOUR SEASONS RESORT,0,330,325,2020,2020Q1,2020-03,6,Retail_Food,stage1
2020-03-17,Ra Sushi Addison Corp,Dallas,Dallas County WDA,2020-03-07,2020-04-08,Addison,0,1,0,,,36,RA SUSHI ADDISON,0,330,325,2020,2020Q1,2020-03,2,Retail_Food,stage1
2020-03-16,Schulte Companies-NE Loop 410,Bexar,Alamo WDA,2020-03-16,2020-04-08,San Antonio,0,0,1,0,1,27,SCHULTE COMPANIES-NE LOOP 410,0,200,238,2020,2020Q1,2020-03,6,Manufacturing,stage1
2020-03-16,Alamo Drafthouse-Katy,Fort Bend,Gulf Coast WDA,2020-03-16,2020-04-14,Katy,0,0,1,0,1,121,ALAMO DRAFTHOUSE-KATY,0,88,608,2020,2020Q1,2020-03,0,Unknown,unresolved
2020-03-16,Alamo Drafthouse-Lubbock,Lubbock,South Plains WDA,2020-03-16,2020-03-31,Lubbock,0,0,1,0,1,121,ALAMO DRAFTHOUSE,1,20,29,2020,2020Q1,2020-03,0,Unknown,unresolved
2020-03-16,Pappadeaux Seafood Kitchen 04,Harris,Gulf Coast WDA,,2020-04-13,Houston,0,0,0,,,100,PAPPADEAUX SEAFOOD KITCHEN 04,0,429,608,2020,2020Q1,2020-03,4,Retail_Food,stage1
2020-03-16,Aramark Educational Services of TX,Bexar,Alamo WDA,2020-03-16,2020-04-07,San Antonio,0,0,1,0,1,420,ARAMARK EDUCATIONAL SERVICES OF TX,0,200,238,2020,2020Q1,2020-03,6,Staffing_Services,stage1
2020-03-16,Alamo Drafthouse - El Paso,El Paso,Borderplexjobs WDA,2020-03-16,2020-03-30,El Paso,0,0,1,0,1,116,ALAMO DRAFTHOUSE,1,49,51,2020,2020Q1,2020-03,0,Unknown,unresolved
2020-03-13,"Hohmann & Barnard, Inc.",Tarrant,Tarrant County WDA,2020-06-26,2020-03-13,Fort Worth,0,0,1,105,0,13,HOHMANN BARNARD,0,207,213,2020,2020Q1,2020-03,0,Unknown,unresolved
2020-03-13,M&M Manufacturing,Tarrant,Tarrant County WDA,2020-05-15,2020-03-13,Fort Worth,0,0,1,63,0,43,M M MANUFACTURING,1,207,213,2020,2020Q1,2020-03,6,Manufacturing,stage1
2020-03-10,SXSW,Travis,Capital Area WDA,2020-03-06,2020-03-10,Austin,0,1,0,,,60,SXSW,0,169,166,2020,2020Q1,2020-03,0,Unknown,unresolved
2020-03-09,"Cargo Leasing Services, LLC",Bexar,Alamo WDA,2020-05-08,2020-03-09,San Antonio,0,0,1,60,0,60,CARGO LEASING SERVICES,0,200,238,2020,2020Q1,2020-03,2,Logistics_Transportation,stage1
2020-03-06,"Aryzta, LLC",Travis,Capital Area WDA,2020-03-06,2020-03-06,Austin,0,0,1,0,1,95,ARYZTA,0,169,166,2020,2020Q1,2020-03,0,Unknown,unresolved
2020-03-03,USAA - San Antonio,Bexar,Alamo WDA,2020-05-04,2020-03-04,San Antonio,0,0,1,62,0,26,USAA,0,200,238,2020,2020Q1,2020-03,0,Unknown,unresolved
2020-02-28,"NortonLifeLock, Inc.",Collin,North Central Texas WDA,2020-04-20,2020-03-05,Plano,0,0,1,52,1,2,NORTONLIFELOCK,1,92,185,2020,2020Q1,2020-02,0,Unknown,unresolved
2020-02-26,Windhaven Insurance-Dallas,Dallas,Dallas County WDA,2020-02-28,2020-02-26,Dallas,0,0,1,2,1,96,WINDHAVEN INSURANCE,1,330,325,2020,2020Q1,2020-02,6,Finance,stage1
2020-02-25,TPC Group's,Jefferson,South East Texas WDA,2020-04-30,2020-02-27,Port Neches,0,0,1,65,0,100,TPC GROUP S,0,20,27,2020,2020Q1,2020-02,0,Unknown,unresolved
2020-02-25,Bellaire Medical Center-Cornerstone Specialty Hospitals,Harris,Gulf Coast WDA,2020-04-25,2020-02-25,Houston,0,0,1,60,0,126,BELLAIRE MEDICAL CENTER-CORNERSTONE SPECIALTY HOSPITALS,0,429,608,2020,2020Q1,2020-02,14,Healthcare,stage1
2020-02-25,King's Manor Methodist Retirement System-Westgate Nursing Home,Deaf Smith,Panhandle WDA,2020-04-27,2020-02-25,Hereford,0,0,1,62,0,70,KING S MANOR METHODIST RETIREMENT SYSTEM,0,2,22,2020,2020Q1,2020-02,6,Healthcare,stage1
2020-02-25,Windhaven Insurance-Austin,Travis,Capital Area WDA,2020-02-28,2020-02-26,Austin,0,0,1,3,1,35,WINDHAVEN INSURANCE,1,169,166,2020,2020Q1,2020-02,6,Finance,stage1
2020-02-21,Blue Apron- Arlington,Tarrant,Tarrant County WDA,2020-04-20,2020-02-21,Arlington,0,0,1,59,1,254,BLUE APRON,1,207,213,2020,2020Q1,2020-02,0,Unknown,unresolved
2020-02-19,AmerisourceBergen-PharMedium Healthcare,Fort Bend,Gulf Coast WDA,2020-04-20,2020-02-19,Sugar Land,0,0,1,61,0,365,AMERISOURCEBERGEN-PHARMEDIUM HEALTHCARE,0,88,608,2020,2020Q1,2020-02,4,Healthcare,stage1
2020-02-18,"Alta Mesa Services, LP",Harris,Gulf Coast WDA,2020-02-18,2020-02-18,Houston,0,0,1,0,1,91,ALTA MESA SERVICES,1,429,608,2020,2020Q1,2020-02,0,Unknown,unresolved
2020-02-12,Railcrew Xpress-RCX Logistics-Austin,Travis,Capital Area WDA,2020-04-12,2020-02-12,Austin,0,0,1,60,0,88,RAILCREW XPRESS-RCX LOGISTICS,0,169,166,2020,2020Q1,2020-02,8,Logistics_Transportation,stage1
2020-02-12,XPO Logistics-Ft Worth,Denton,North Central Texas WDA,2020-04-12,2020-02-12,Ft. Worth,0,0,1,60,0,304,XPO LOGISTICS-FT WORTH,0,56,185,2020,2020Q1,2020-02,6,Logistics_Transportation,stage1
2020-02-12,Railcrew Express-RCX Logistics,Harris,Gulf Coast WDA,2020-04-12,2020-02-12,Houston,0,0,1,60,0,110,RAILCREW EXPRESS-RCX LOGISTICS,0,429,608,2020,2020Q1,2020-02,10,Logistics_Transportation,stage1
2020-02-05,Watson Grinding and Manufacturing,Harris,Gulf Coast WDA,2020-01-24,2020-02-05,Houston,0,1,0,,,88,WATSON GRINDING AND MANUFACTURING,0,429,608,2020,2020Q1,2020-02,6,Manufacturing,stage1
2020-02-04,Transform SR LLC #01377-and #06222 Formally Sears,Harris,Gulf Coast WDA,2020-04-12,2020-02-21,Houston,0,0,1,68,0,77,TRANSFORM SR 01377-AND 06222 FORMALLY SEARS,0,429,608,2020,2020Q1,2020-02,6,Retail_Food,stage1
2020-02-03,Waitr and Bite Squad,Jefferson,South East Texas WDA,2020-04-06,2020-02-04,Beaumont,0,0,1,63,0,219,WAITR AND BITE SQUAD,0,20,27,2020,2020Q1,2020-02,0,Unknown,unresolved
2020-01-31,TTEC - Ennis,Ellis,North Central Texas WDA,2020-03-28,2020-02-03,Ennis,0,0,1,57,1,50,TTEC - ENNIS,0,2,185,2020,2020Q1,2020-01,0,Unknown,unresolved
2020-01-31,Gulf Stream Marine - Industrial Terminal Facility,Harris,Gulf Coast WDA,2020-03-31,2020-02-03,Houston,0,0,1,60,0,210,GULF STREAM MARINE - INDUSTRIAL TERMINAL FACILITY,0,429,608,2020,2020Q1,2020-01,2,Manufacturing,ambiguous_resolved
2020-01-30,Coca Cola-Southwest Beverages-Nacogdoches,Nacogdoches,Deep East Texas WDA,2020-04-03,2020-01-31,Nacogdoches,0,0,1,64,0,74,COCA COLA,0,4,12,2020,2020Q1,2020-01,2,Manufacturing,stage1
2020-01-29,"Sheridan Production Company, LLC",Andrews,Permian Basin WDA,2020-03-31,2020-01-29,Andrews,0,0,1,62,0,116,SHERIDAN PRODUCTION COMPANY,0,5,83,2020,2020Q1,2020-01,2,Energy,stage1
2020-01-28,At Home with Shanel,Collin,North Central Texas WDA,2020-02-28,2020-01-28,Plano,0,0,1,31,1,1,AT HOME WITH SHANEL,0,92,185,2020,2020Q1,2020-01,0,Unknown,unresolved
2020-01-27,Sheridan Production Co.-Houston,Harris,Gulf Coast WDA,2020-03-31,2020-02-07,Houston,0,0,1,64,0,130,SHERIDAN PRODUCTION,0,429,608,2020,2020Q1,2020-01,2,Energy,stage1
2020-01-21,Concentrix CVG CORP,Gregg,East Texas WDA,2020-03-27,2020-01-28,Longview,0,0,1,66,0,127,CONCENTRIX CVG,1,13,39,2020,2020Q1,2020-01,0,Unknown,unresolved
2020-01-15,Comcast-Technician Logistics Center,Harris,Gulf Coast WDA,2020-04-17,2020-01-24,Houston,0,0,1,93,0,58,COMCAST-TECHNICIAN LOGISTICS CENTER,0,429,608,2020,2020Q1,2020-01,6,Logistics_Transportation,stage1
2020-01-15,Belk-Dallas Galleria,Dallas,Dallas County WDA,2020-03-21,2020-01-15,Dallas,0,0,1,66,0,68,BELK,0,330,325,2020,2020Q1,2020-01,0,Unknown,unresolved
2020-01-15,Kindred Hospital Spring,Harris,Gulf Coast WDA,2020-03-17,2020-01-15,Houston,0,0,1,62,0,160,KINDRED HOSPITAL SPRING,0,429,608,2020,2020Q1,2020-01,6,Healthcare,stage1
2020-01-15,Kindred Hospital-Ft. Worth,Tarrant,Tarrant County WDA,2020-03-15,2020-01-15,Ft. Worth,0,0,1,60,0,180,KINDRED HOSPITAL-FT WORTH,0,207,213,2020,2020Q1,2020-01,6,Healthcare,stage1
2020-01-15,Kindred Hospital-Dallas,Dallas,Dallas County WDA,2020-03-15,2020-01-15,Dallas,0,0,1,60,0,201,KINDRED HOSPITAL,0,330,325,2020,2020Q1,2020-01,6,Healthcare,stage1
2020-01-13,Fluor - Glen Rose,Somervell,North Central Texas WDA,2020-01-30,2020-01-13,Glen Rose,0,0,1,17,1,70,FLUOR - GLEN ROSE,0,3,185,2020,2020Q1,2020-01,6,Construction_Real_Estate,stage1
2020-01-08,Kindred Hospital-Bay Area,Harris,Gulf Coast WDA,2020-03-08,2020-01-08,Pasadena,0,0,1,60,0,137,KINDRED HOSPITAL-BAY AREA,0,429,608,2020,2020Q1,2020-01,6,Healthcare,stage1
2020-01-08,Kindred Hospital-Tomball,Harris,Gulf Coast WDA,2020-03-08,2020-01-08,Tomball,0,0,1,60,0,147,KINDRED HOSPITAL-TOMBALL,0,429,608,2020,2020Q1,2020-01,6,Healthcare,stage1
2020-01-08,Triumph Hospital - The Heights,Harris,Gulf Coast WDA,2020-03-08,2020-01-08,Houston,0,0,1,60,0,138,TRIUMPH HOSPITAL - THE HEIGHTS,0,429,608,2020,2020Q1,2020-01,6,Healthcare,stage1
2020-01-06,Apache Corp-San Antonio,Bexar,Alamo WDA,2020-03-06,2020-01-06,San Antonio,0,0,1,60,0,272,APACHE,1,200,238,2020,2020Q1,2020-01,6,Energy,stage1
2020-01-06,"Valerus Field Solutions, LP",Austin,Gulf Coast WDA,2020-03-07,2020-01-07,Sealy,0,0,1,61,0,250,VALERUS FIELD SOLUTIONS,0,3,608,2020,2020Q1,2020-01,2,Technology_IT,stage1
2020-01-03,"Fleetwood Transportation Services, Inc.& Fleetwood Logistics",Angelina,Deep East Texas WDA,2019-12-31,2020-01-03,Burke,0,1,0,,,49,FLEETWOOD TRANSPORTATION SERVICES FLEETWOOD LOGISTICS,0,5,12,2020,2020Q1,2020-01,12,Logistics_Transportation,stage1
2019-12-30,Ambit Energy - Call Center & Sales Support Office,Collin,North Central Texas WDA,2020-02-14,2019-12-30,Plano,0,0,1,46,1,50,AMBIT ENERGY - CALL CENTER SALES SUPPORT OFFICE,0,92,185,2019,2019Q4,2019-12,2,Logistics_Transportation,ambiguous_resolved
2019-12-23,"NortonLifeLock, Inc.",Collin,North Central Texas WDA,2020-02-13,2019-12-23,Plano,0,0,1,52,1,8,NORTONLIFELOCK,1,92,185,2019,2019Q4,2019-12,0,Unknown,unresolved
2019-12-20,"Event Solutions International, Inc. dba Motus One (ESI)",Dallas,,2019-12-20,2019-12-20,Carrollton,0,0,1,0,1,18,EVENT SOLUTIONS INTERNATIONAL MOTUS ONE,0,330,,2019,2019Q4,2019-12,2,Technology_IT,stage1
2019-12-19,Car2go,Travis,Capital Area WDA,2020-03-06,2019-12-19,Austin,0,0,1,78,0,47,CAR2GO,0,169,166,2019,2019Q4,2019-12,0,Unknown,unresolved
2019-12-18,Yauatcha Houston,Harris,Gulf Coast WDA,2020-02-16,2019-12-18,Houston,0,0,1,60,0,80,YAUATCHA HOUSTON,0,429,608,2019,2019Q4,2019-12,0,Unknown,unresolved
2019-12-13,Stewart and Stevenson,Harris,Gulf Coast WDA,2020-02-12,2019-12-13,Houston,0,0,1,61,0,55,STEWART AND STEVENSON,0,429,608,2019,2019Q4,2019-12,0,Unknown,unresolved
2019-12-10,Pumpco Energy Services-Cleburne,Johnson,North Central Texas WDA,2019-12-31,2019-12-10,Cleburne,0,0,1,21,1,5,PUMPCO ENERGY SERVICES-CLEBURNE,0,13,185,2019,2019Q4,2019-12,2,Manufacturing,ambiguous_resolved
2019-11-26,New LifeCare Management Services dba LifeCare Health Partners,Collin,North Central Texas WDA,2019-11-26,2019-11-26,Plano,0,0,1,0,1,9,NEW LIFECARE MANAGEMENT SERVICES LIFECARE HEALTH PARTNERS,1,92,185,2019,2019Q4,2019-11,4,Healthcare,stage1
2019-11-22,National Oilwell Varco -Galena Park,Harris,Gulf Coast WDA,2019-11-22,2019-11-22,Galena Park,0,0,1,0,1,85,NATIONAL OILWELL VARCO -GALENA PARK,0,429,608,2019,2019Q4,2019-11,2,Energy,stage1
2019-11-22,Pumpco Energy Services-Odessa,Ector,Permian Basin WDA,2019-11-25,2019-11-22,Odessa,0,0,1,3,1,112,PUMPCO ENERGY SERVICES,0,19,83,2019,2019Q4,2019-11,2,Manufacturing,ambiguous_resolved
2019-11-19,"NortonLifeLock, Inc.",Collin,North Central Texas WDA,2020-01-17,2019-11-21,Plano,0,0,1,59,1,34,NORTONLIFELOCK,1,92,185,2019,2019Q4,2019-11,0,Unknown,unresolved
2019-11-20,Nuvectra Corporation,Collin,North Central Texas WDA,2020-01-19,2019-11-20,Plano,0,0,1,60,0,14,NUVECTRA CORPORATION,0,92,185,2019,2019Q4,2019-11,0,Unknown,unresolved
2019-11-19,"TimkenSteel Material Services, LLC",Harris,Gulf Coast WDA,2020-01-18,2019-11-19,Houston,0,0,1,60,0,94,TIMKENSTEEL MATERIAL SERVICES,0,429,608,2019,2019Q4,2019-11,2,Manufacturing,stage1
2019-11-14,"Range Production Company, LLC.",Harris,Gulf Coast WDA,2019-11-12,2019-11-14,Houston,0,1,0,,,57,RANGE PRODUCTION COMPANY,0,429,608,2019,2019Q4,2019-11,8,Energy,stage1
2019-11-07,"Convergent Outsourcing, Inc.",Bexar,Alamo WDA,2019-09-17,2019-11-12,San Antonio,0,1,0,,,40,CONVERGENT OUTSOURCING,0,200,238,2019,2019Q4,2019-11,2,Staffing_Services,stage1
2019-11-06,Nix Hospital-Nix Behavioral Health Center,Bexar,Alamo WDA,2020-01-04,2019-11-06,San Antonio,0,0,1,59,1,972,NIX HOSPITAL-NIX BEHAVIORAL HEALTH CENTER,0,200,238,2019,2019Q4,2019-11,14,Healthcare,stage1
2019-11-06,Geo Secure Services LLC,Bexar,Alamo WDA,2020-01-06,2019-10-31,San Antonio,0,0,1,61,0,158,GEO SECURE SERVICES,0,200,238,2019,2019Q4,2019-11,0,Unknown,unresolved
2019-10-29,Oakwood Worldwide,Dallas,Dallas County WDA,2019-12-30,2019-10-29,Carrollton,0,0,1,62,0,1,OAKWOOD WORLDWIDE,0,330,325,2019,2019Q4,2019-10,0,Unknown,unresolved
2019-10-29,Samsung Austin Semiconductors LLC-Central Processing Unit,Travis,Alamo WDA,2019-12-31,2019-10-29,Austin,0,0,1,63,0,290,SAMSUNG AUSTIN SEMICONDUCTORS -CENTRAL PROCESSING UNIT,0,169,238,2019,2019Q4,2019-10,8,Manufacturing,stage1
2019-10-23,Harte-Hanks,Travis,Capital Area WDA,2019-12-22,2019-10-24,Austin,0,0,1,60,0,146,HARTE-HANKS,0,169,166,2019,2019Q4,2019-10,0,Unknown,unresolved
2019-10-23,Cudd Energy Services,Bexar,Alamo WDA,2019-12-22,2019-10-23,San Antonio,0,0,1,60,0,117,CUDD ENERGY SERVICES,0,200,238,2019,2019Q4,2019-10,2,Energy,stage1
2019-10-21,Vesuvius USA-Tyler,Smith,East Texas WDA,2019-12-31,2019-10-24,Tyler,0,0,1,71,0,9,VESUVIUS USA-TYLER,1,11,39,2019,2019Q4,2019-10,0,Unknown,unresolved
2019-10-18,"Arconic, Inc.",Bexar,Alamo WDA,2019-12-20,2019-10-18,Elmendorf,0,0,1,63,0,67,ARCONIC,1,200,238,2019,2019Q4,2019-10,0,Unknown,unresolved
2019-10-17,"Ultrafryer Systems, LLC",Bexar,Alamo WDA,2019-12-28,2019-10-17,San Antonio,0,0,1,72,0,70,ULTRAFRYER SYSTEMS,0,200,238,2019,2019Q4,2019-10,2,Technology_IT,stage1
2019-10-17,"Arconic, Inc.",Bexar,Alamo WDA,2019-12-20,2019-10-17,Elmendorf,0,0,1,64,0,67,ARCONIC,1,200,238,2019,2019Q4,2019-10,0,Unknown,unresolved
2019-10-15,HRP Brownsville LLC dba Steel Coast,Cameron,Cameron County WDA,2019-12-15,2019-10-15,Brownsville,0,0,1,61,0,100,HRP BROWNSVILLE STEEL COAST,0,37,38,2019,2019Q4,2019-10,2,Manufacturing,stage1
2019-10-11,Hotel Valencia Corp.-Hotel Sorella,Harris,Gulf Coast WDA,2019-12-11,2019-10-11,Houston,0,0,1,61,0,121,HOTEL VALENCIA -HOTEL SORELLA,0,429,608,2019,2019Q4,2019-10,6,Retail_Food,stage1
2019-10-04,Letter Ride-Howard Ln.,Travis,Capital Area WDA,2019-12-07,2019-10-04,Austin,0,0,1,64,0,91,LETTER RIDE-HOWARD LN,0,169,166,2019,2019Q4,2019-10,0,Unknown,unresolved
2019-10-04,Letter Ride-W. Fuqua,Harris,Gulf Coast WDA,2019-12-07,2019-10-04,Houston,0,0,1,64,0,87,LETTER RIDE-W FUQUA,0,429,608,2019,2019Q4,2019-10,0,Unknown,unresolved
2019-10-04,Letter Ride-N. Stemmons,Dallas,Dallas County WDA,2019-12-04,2019-10-04,Farmers Branch,0,0,1,61,0,64,LETTER RIDE-N STEMMONS,0,330,325,2019,2019Q4,2019-10,0,Unknown,unresolved
2019-10-04,Letter Ride-Gold Spike Dr.,Tarrant,Tarrant County WDA,2019-12-07,2019-10-04,Ft. Worth,0,0,1,64,0,71,LETTER RIDE-GOLD SPIKE DR,0,207,213,2019,2019Q4,2019-10,0,Unknown,unresolved
2019-10-04,Letter Ride-Evergreen Oak,Montgomery,Gulf Coast WDA,2019-12-07,2019-10-04,Conroe,0,0,1,64,0,12,LETTER RIDE-EVERGREEN OAK,0,42,608,2019,2019Q4,2019-10,0,Unknown,unresolved
2019-10-04,Letter Ride-North Gessner,Harris,Gulf Coast WDA,2019-12-07,2019-10-04,Houston,0,0,1,64,0,98,LETTER RIDE,0,429,608,2019,2019Q4,2019-10,0,Unknown,unresolved
2019-10-04,Nix Specialty Health-Behavioral Facility,Bexar,Alamo WDA,2019-12-02,2019-10-04,San Antonio,0,0,1,59,1,156,NIX SPECIALTY HEALTH-BEHAVIORAL FACILITY,0,200,238,2019,2019Q4,2019-10,2,Healthcare,stage1
2019-10-01,Inpax Final Mile Delivery-Farmers Branch,Dallas,Dallas County WDA,2019-10-02,2019-10-03,Farmers Branch,0,0,1,1,1,109,INPAX FINAL MILE DELIVERY-FARMERS BRANCH,0,330,325,2019,2019Q4,2019-10,2,Logistics_Transportation,ambiguous_resolved
2019-10-01,Inpax Final Mile Delivery-Garland,Dallas,Dallas County WDA,2019-10-02,2019-10-01,Garland,0,0,1,1,1,119,INPAX FINAL MILE DELIVERY,0,330,325,2019,2019Q4,2019-10,2,Logistics_Transportation,ambiguous_resolved
2019-09-30,Walmart #3506,Harris,Gulf Coast WDA,2019-12-06,2019-10-01,Cypress,0,0,1,67,0,80,WALMART 3506,0,429,608,2019,2019Q3,2019-09,6,Retail_Food,stage1
2019-09-27,Dry Van Business dba Rich Logistics-Dallas,Dallas,Dallas County WDA,2019-11-29,2019-09-30,Dallas,0,0,1,63,0,98,DRY VAN BUSINESS RICH LOGISTICS,1,330,325,2019,2019Q3,2019-09,6,Logistics_Transportation,stage1
2019-09-27,Dry Van Business dba Rich Logistics-Laredo,Webb,South Texas WDA,2019-11-29,2019-09-30,Laredo,0,0,1,63,0,111,DRY VAN BUSINESS RICH LOGISTICS,1,17,17,2019,2019Q3,2019-09,6,Logistics_Transportation,stage1
2019-09-26,Stevens Tanker Division,Dallas,Dallas County WDA,2019-10-15,2019-09-27,Dallas,0,0,1,19,1,71,STEVENS TANKER DIVISION,0,330,325,2019,2019Q3,2019-09,0,Unknown,unresolved
2019-09-26,Nobilis Health Corp.-Sugarland,Fort Bend,Gulf Coast WDA,2019-09-13,2019-09-26,Sugar Land,0,1,0,,,36,NOBILIS HEALTH -SUGARLAND,0,88,608,2019,2019Q3,2019-09,2,Healthcare,stage1
2019-09-26,Finisar Corporation,Collin,North Central Texas WDA,2019-11-01,2019-09-26,Allen,0,0,1,36,1,104,FINISAR CORPORATION,0,92,185,2019,2019Q3,2019-09,6,Technology_IT,stage1
2019-09-25,New LifeCare Management Services dba LifeCare Health Partners,Collin,North Central Texas WDA,2019-11-29,2019-09-27,Plano,0,0,1,65,0,33,NEW LIFECARE MANAGEMENT SERVICES LIFECARE HEALTH PARTNERS,1,92,185,2019,2019Q3,2019-09,4,Healthcare,stage1
2019-09-20,Nobilis Health Corp.,Harris,Gulf Coast WDA,2019-09-13,2019-09-20,Houston,0,1,0,,,9,NOBILIS HEALTH,0,429,608,2019,2019Q3,2019-09,2,Healthcare,stage1
2019-09-16,Nestle USA-Supply Chain Frozen DSD,Harris,Gulf Coast WDA,2019-11-15,2019-09-16,Houston,0,0,1,60,0,51,NESTLE USA-SUPPLY CHAIN FROZEN DSD,0,429,608,2019,2019Q3,2019-09,2,Logistics_Transportation,stage1
2019-09-12,State Street Financial Services-Alterra Pkwy,Travis,Capital Area WDA,2019-11-13,2019-09-12,Austin,0,0,1,62,0,51,STATE STREET FINANCIAL SERVICES-ALTERRA PKWY,0,169,166,2019,2019Q3,2019-09,8,Finance,stage1
2019-09-12,"State Street Financial Services, Inc",Travis,Capital Area WDA,2019-11-13,2019-09-12,Austin,0,0,1,62,0,9,STATE STREET FINANCIAL SERVICES,0,169,166,2019,2019Q3,2019-09,8,Finance,stage1
2019-09-10,Concentrix CVG CORP,Gregg,East Texas WDA,2019-11-15,2019-09-10,Longview,0,0,1,66,0,177,CONCENTRIX CVG,1,13,39,2019,2019Q3,2019-09,0,Unknown,unresolved
2019-09-05,"O-I (Owens-Illinois, Inc./Owens-Brockway Glass Container, Inc.)",McLennan,Heart of Texas WDA,2019-11-07,2019-09-06,Waco,0,0,1,63,0,81,O-I,0,24,34,2019,2019Q3,2019-09,2,Manufacturing,stage1
2019-09-03,El Rio Grande Facility,Dallas,Dallas County WDA,2019-09-30,2019-09-05,Garland,0,0,1,27,1,116,EL RIO GRANDE FACILITY,0,330,325,2019,2019Q3,2019-09,0,Unknown,unresolved
2019-08-30,New LifeCare Management Services dba LifeCare Health Partners,Collin,North Central Texas WDA,2019-08-30,2019-09-05,Plano,0,0,1,0,1,13,NEW LIFECARE MANAGEMENT SERVICES LIFECARE HEALTH PARTNERS,1,92,185,2019,2019Q3,2019-08,4,Healthcare,stage1
2019-08-27,AECON-Flint Energy Services-Pecos,Reeves,Permian Basin WDA,2019-10-28,2019-08-27,Pecos,0,0,1,62,0,50,AECON-FLINT ENERGY SERVICES-PECOS,0,2,83,2019,2019Q3,2019-08,2,Energy,stage1
2019-08-27,AECOM-Flint Energy Services-Odessa,Ector,Permian Basin WDA,2019-10-28,2019-08-27,Odessa,0,0,1,62,0,77,AECOM-FLINT ENERGY SERVICES,0,19,83,2019,2019Q3,2019-08,2,Energy,stage1
2019-08-23,Nix Home Care Facility,Bexar,Alamo WDA,2019-10-21,2019-08-26,San Antonio,0,0,1,59,1,585,NIX HOME CARE FACILITY,0,200,238,2019,2019Q3,2019-08,2,Healthcare,stage1
2019-08-21,"Epic Companies, LLC",Harris,Gulf Coast WDA,2019-11-21,2019-08-26,Houston,0,0,1,92,0,8,EPIC COMPANIES,0,429,608,2019,2019Q3,2019-08,0,Unknown,unresolved
2019-08-21,United Structures of America,Harris,Gulf Coast WDA,2019-09-30,2019-08-21,Houston,0,0,1,40,1,73,UNITED STRUCTURES OF AMERICA,0,429,608,2019,2019Q3,2019-08,0,Unknown,unresolved
2019-08-16,Welocalize,Harris,Gulf Coast WDA,2019-08-16,2019-08-16,Houston,0,0,1,0,1,100,WELOCALIZE,0,429,608,2019,2019Q3,2019-08,0,Unknown,unresolved
2019-08-16,Teleperformance USA-Dallas,Dallas,Dallas County WDA,2019-11-01,2019-08-16,Dallas,0,0,1,77,0,44,TELEPERFORMANCE USA,0,330,325,2019,2019Q3,2019-08,0,Unknown,unresolved
2019-08-14,"SpiceWorks, Inc.",Travis,Capital Area WDA,2019-08-14,2019-08-16,Austin,0,0,1,0,1,59,SPICEWORKS,0,169,166,2019,2019Q3,2019-08,6,Technology_IT,stage1
2019-08-09,Centrica,Harris,Gulf Coast WDA,2019-10-07,2019-08-09,Houston,0,0,1,59,1,23,CENTRICA,1,429,608,2019,2019Q3,2019-08,0,Unknown,unresolved
2019-08-08,UPS General Services Co.,Dallas,Dallas County WDA,2019-10-01,2019-08-08,Coppell,0,0,1,54,1,64,UPS GENERAL SERVICES,0,330,325,2019,2019Q3,2019-08,0,Unknown,unresolved
2019-07-30,"MV Transportation, Inc-Dallas",Dallas,Dallas County WDA,2019-09-30,2019-07-31,Dallas,0,0,1,62,0,129,MV TRANSPORTATION,0,330,325,2019,2019Q3,2019-07,4,Logistics_Transportation,stage1
2019-07-30,Southwest Key Programs-Conroe,Montgomery,Gulf Coast WDA,2019-07-30,2019-07-30,Conroe,0,0,1,0,1,197,SOUTHWEST KEY PROGRAMS-CONROE,0,42,608,2019,2019Q3,2019-07,8,Public_Nonprofit,stage1
2019-07-30,Anjinomoto Foods - Fort Worth Facility,Tarrant,Tarrant County WDA,2020-03-01,2019-07-30,Fort Worth,0,0,1,215,0,117,ANJINOMOTO FOODS,0,207,213,2019,2019Q3,2019-07,2,Retail_Food,stage1
2019-07-29,"True Health Diagnostics, LLC",Denton,North Central Texas WDA,2019-07-29,2019-07-30,Frisco,0,0,1,0,1,16,TRUE HEALTH DIAGNOSTICS,0,56,185,2019,2019Q3,2019-07,4,Healthcare,stage1
2019-07-24,Siemens Energy Inc-Houston Service Center,Harris,Gulf Coast WDA,2019-09-20,2019-07-24,Houston,0,0,1,58,1,10,SIEMENS ENERGY,1,429,608,2019,2019Q3,2019-07,2,Energy,stage1
2019-07-22,Centrica,Harris,Gulf Coast WDA,2019-08-30,2019-07-22,Houston,0,0,1,39,1,54,CENTRICA,1,429,608,2019,2019Q3,2019-07,0,Unknown,unresolved
2019-07-22,Boeing - El Paso,El Paso,Borderplexjobs WDA,2019-09-20,2019-07-22,El Paso,0,0,1,60,0,2,BOEING,1,49,51,2019,2019Q3,2019-07,0,Unknown,unresolved
2019-07-22,FutureWei-Plano Facility,Collin,North Central Texas WDA,2019-09-23,2019-07-22,Plano,0,0,1,63,0,38,FUTUREWEI,0,92,185,2019,2019Q3,2019-07,0,Unknown,unresolved
2019-07-09,Tramontina USA,Fort Bend,Gulf Coast WDA,2019-09-01,2019-07-09,Sugar Land,0,0,1,54,1,108,TRAMONTINA USA,1,88,608,2019,2019Q3,2019-07,6,Manufacturing,stage1
2019-07-02,BGIS-San Antonio Data Center,Bexar,Alamo WDA,2019-08-31,2019-07-02,San Antonio,0,0,1,60,0,45,BGIS,0,200,238,2019,2019Q3,2019-07,2,Technology_IT,stage1
2019-06-27,Aramark-University of Houston,Harris,Gulf Coast WDA,2019-08-29,2019-06-27,Houston,0,0,1,63,0,115,ARAMARK-UNIVERSITY OF HOUSTON,0,429,608,2019,2019Q2,2019-06,6,Staffing_Services,stage1
2019-06-25,Sodexo-Northwest Texas Hospital,Potter,Panhandle WDA,2019-09-21,2019-06-25,Amarillo,0,0,1,88,0,95,SODEXO,1,12,22,2019,2019Q2,2019-06,6,Healthcare,ambiguous_resolved
2019-06-21,Albertsons #3933,El Paso,Borderplexjobs WDA,2019-08-03,2019-06-21,El Paso,0,0,1,43,1,90,ALBERTSONS 3933,0,49,51,2019,2019Q2,2019-06,0,Unknown,unresolved
2019-06-14,Siemens Energy Inc-Houston Service Center,Harris,Gulf Coast WDA,2019-08-16,2019-06-21,Houston,0,0,1,63,0,14,SIEMENS ENERGY,1,429,608,2019,2019Q2,2019-06,2,Energy,stage1
2019-06-10,Syngenta Crop Protection LLC-GBB Facility,Harris,Gulf Coast WDA,2019-08-12,2019-06-10,Houston,0,0,1,63,0,135,SYNGENTA CROP PROTECTION -GBB FACILITY,0,429,608,2019,2019Q2,2019-06,0,Unknown,unresolved
2019-06-04,"Aprima Medical Software, Inc. an eMD's Co.",Dallas,Dallas County WDA,2019-07-30,2019-06-04,Richardson,0,0,1,56,1,19,APRIMA MEDICAL SOFTWARE AN EMD S,1,330,325,2019,2019Q2,2019-06,6,Technology_IT,stage1
2019-05-31,Hard Rock Café International,Dallas,Dallas County WDA,2019-07-31,2019-05-31,Dallas,0,0,1,61,0,27,HARD ROCK CAFÉ INTERNATIONAL,0,330,325,2019,2019Q2,2019-05,0,Unknown,unresolved
2019-05-24,Holiday Inn-San Antonio,Bexar,Alamo WDA,2019-05-25,2019-05-28,San Antonio,0,0,1,1,1,61,HOLIDAY INN,1,200,238,2019,2019Q2,2019-05,6,Retail_Food,stage1
2019-05-20,Pine Creek Medical Center,Dallas,Dallas County WDA,2019-05-02,2019-05-20,Dallas,0,1,0,,,113,PINE CREEK MEDICAL CENTER,0,330,325,2019,2019Q2,2019-05,8,Healthcare,stage1
2019-05-13,"United Airlines, Inc.-Passanger Revenue Accounting",Harris,Gulf Coast WDA,2019-07-15,2019-05-16,Houston,0,0,1,63,0,100,UNITED AIRLINES -PASSANGER REVENUE ACCOUNTING,0,429,608,2019,2019Q2,2019-05,6,Logistics_Transportation,stage1
2019-05-13,"Dolce International Fort Worth, Inc.-American Airlines Training Ctr.",Tarrant,Tarrant County WDA,2019-05-13,2019-05-13,Ft. Worth,0,0,1,0,1,56,DOLCE INTERNATIONAL FORT WORTH -AMERICAN AIRLINES TRAINING CTR,0,207,213,2019,2019Q2,2019-05,6,Logistics_Transportation,stage1
2019-05-08,Product & Logistics-Monahans,Ward,Permian Basin WDA,2019-07-06,2019-05-08,Monahans,0,0,1,59,1,124,PRODUCT LOGISTICS-MONAHANS,0,6,83,2019,2019Q2,2019-05,6,Logistics_Transportation,stage1
2019-05-01,Mitratech Holdings,Travis,Capital Area WDA,2019-07-01,2019-05-01,Austin,0,0,1,61,0,83,MITRATECH HOLDINGS,0,169,166,2019,2019Q2,2019-05,2,Technology_IT,stage1
2019-04-30,Falcon Transport Co.-Cedar Hill,Dallas,Tarrant County WDA,2019-05-27,2019-04-30,Cedar Hill,0,0,1,27,1,12,FALCON TRANSPORT -CEDAR HILL,0,330,213,2019,2019Q2,2019-04,4,Logistics_Transportation,stage1
2019-04-30,Falcon Transport Co.,Dallas,Tarrant County WDA,2019-04-27,2019-04-30,Hutchins,0,1,0,,,19,FALCON TRANSPORT,0,330,213,2019,2019Q2,2019-04,4,Logistics_Transportation,stage1
2019-04-29,"Wise Foods, Inc.",Tarrant,Tarrant County WDA,2019-06-28,2019-04-30,Ft. Worth,0,0,1,60,0,80,WISE FOODS,0,207,213,2019,2019Q2,2019-04,2,Retail_Food,stage1
2019-04-25,United Services Automobile Association (USAA),Bexar,Alamo WDA,2019-06-24,2019-04-26,San Antonio,0,0,1,60,0,53,UNITED SERVICES AUTOMOBILE ASSOCIATION,0,200,238,2019,2019Q2,2019-04,6,Energy,stage1
2019-04-24,Boeing - El Paso,El Paso,Borderplexjobs WDA,2019-06-21,2019-04-24,El Paso,0,0,1,58,1,2,BOEING,1,49,51,2019,2019Q2,2019-04,0,Unknown,unresolved
2019-04-24,"P3I, Inc.",Bexar,Alamo WDA,2019-05-17,2019-04-24,Lackland AFB,0,0,1,23,1,85,P3I,0,200,238,2019,2019Q2,2019-04,0,Unknown,unresolved
2019-04-23,First Transit-Transit Management of Denton Co.,Denton,North Central Texas WDA,2019-06-03,2019-04-23,Denton,0,0,1,41,1,160,FIRST TRANSIT-TRANSIT MANAGEMENT OF DENTON,0,56,185,2019,2019Q2,2019-04,2,Logistics_Transportation,stage1
2019-04-18,Vesuvius USA-Tyler,Smith,East Texas WDA,2019-06-23,2019-04-24,Tyler,0,0,1,66,0,9,VESUVIUS USA-TYLER,1,11,39,2019,2019Q2,2019-04,0,Unknown,unresolved
2019-04-09,"Alta Mesa Services, LP",Harris,Gulf Coast WDA,2019-04-09,2019-04-09,Houston,0,0,1,0,1,13,ALTA MESA SERVICES,1,429,608,2019,2019Q2,2019-04,0,Unknown,unresolved
2019-04-08,Volt Management Corp.,Bexar,Alamo WDA,2019-06-07,2019-04-08,San Antonio,0,0,1,60,0,42,VOLT MANAGEMENT,0,200,238,2019,2019Q2,2019-04,2,Staffing_Services,stage1
2019-04-08,Kohler Co.,Brown,West Central WDA,2019-06-10,2019-04-08,Brownwood,0,0,1,63,0,223,KOHLER,1,2,10,2019,2019Q2,2019-04,0,Unknown,unresolved
2019-04-05,Aramark-American Airlines,Tarrant,Tarrant County WDA,2019-06-19,2019-04-05,Ft. Worth,0,0,1,75,0,70,ARAMARK-AMERICAN AIRLINES,0,207,213,2019,2019Q2,2019-04,6,Logistics_Transportation,ambiguous_resolved
2019-04-05,Aramark-Highway 360,Tarrant,Tarrant County WDA,2019-06-19,2019-04-05,Ft. Worth,0,0,1,75,0,12,ARAMARK-HIGHWAY 360,0,207,213,2019,2019Q2,2019-04,6,Staffing_Services,stage1
2019-04-05,Aramark-American Blvd,Tarrant,Tarrant County WDA,2019-06-19,2019-04-05,Ft. Worth,0,0,1,75,0,6,ARAMARK-AMERICAN BLVD,0,207,213,2019,2019Q2,2019-04,6,Staffing_Services,stage1
2019-04-05,Aramark-Airport Frwy,Tarrant,Tarrant County WDA,2019-06-19,2019-04-05,Ft. Worth,0,0,1,75,0,10,ARAMARK-AIRPORT FRWY,0,207,213,2019,2019Q2,2019-04,6,Staffing_Services,ambiguous_resolved
2019-04-05,Aramark-John Carpenter Fwy,Tarrant,Tarrant County WDA,2019-06-19,2019-04-05,Ft. Worth,0,0,1,75,0,3,ARAMARK-JOHN CARPENTER FWY,0,207,213,2019,2019Q2,2019-04,6,Staffing_Services,stage1
2019-04-05,Aramark-Amon Carter Blvd,Tarrant,Tarrant County WDA,2019-06-19,2019-04-05,Ft. Worth,0,0,1,75,0,19,ARAMARK-AMON CARTER BLVD,0,207,213,2019,2019Q2,2019-04,6,Staffing_Services,stage1
2019-04-04,La Torretta Lake Resort,Montgomery,Gulf Coast WDA,2019-06-04,2019-04-04,Montgomery,0,0,1,61,0,241,LA TORRETTA LAKE RESORT,0,42,608,2019,2019Q2,2019-04,6,Retail_Food,stage1
2019-04-04,Sitel-Amarillo,Potter,Panhandle WDA,2019-06-28,2019-04-04,Amarillo,0,0,1,85,0,327,SITEL,0,12,22,2019,2019Q2,2019-04,0,Unknown,unresolved
2019-04-03,Walmart #949,Dallas,Dallas County WDA,2019-06-07,2019-04-03,Dallas,0,0,1,65,0,415,WALMART 949,0,330,325,2019,2019Q2,2019-04,6,Retail_Food,stage1
2019-04-02,Ware Industries dba Marino Ware-Norbet Trucking,Harris,Gulf Coast WDA,2019-06-03,2019-04-02,Pasadena,0,0,1,62,0,69,WARE INDUSTRIES MARINO WARE-NORBET TRUCKING,0,429,608,2019,2019Q2,2019-04,6,Logistics_Transportation,stage1
2019-04-01,Signet Jewelers-Rombaur Rd.,Dallas,Dallas County WDA,2019-05-31,2019-04-01,Dallas,0,0,1,60,0,58,SIGNET JEWELERS-ROMBAUR RD,0,330,325,2019,2019Q2,2019-04,0,Unknown,unresolved
2019-03-29,Yodle.com- Yodle Web.com,Travis,Capital Area WDA,2019-06-01,2019-03-29,Austin,0,0,1,64,0,10,YODLE COM- YODLE WEB COM,1,169,166,2019,2019Q1,2019-03,0,Unknown,unresolved
2019-03-29,"Legacy Measurement Solutions, Inc.",Smith,East Texas WDA,2019-03-28,2019-03-29,Tyler,0,1,0,,,59,LEGACY MEASUREMENT SOLUTIONS,0,11,39,2019,2019Q1,2019-03,2,Technology_IT,stage1
2019-03-28,Hart-Hanks-Texarkana,Bowie,North East Texas WDA,2019-05-31,2019-03-28,Texarkana,0,0,1,64,0,73,HART-HANKS-TEXARKANA,0,9,21,2019,2019Q1,2019-03,0,Unknown,unresolved
2019-03-28,"Teleperformance USA-FHCS, Inc.",Dallas,Dallas County WDA,2019-05-31,2019-03-29,Dallas,0,0,1,64,0,390,TELEPERFORMANCE USA-FHCS,0,330,325,2019,2019Q1,2019-03,0,Unknown,unresolved
2019-03-26,Avella Specialty Pharmacy,Harris,Gulf Coast WDA,2019-03-01,2019-03-26,Houston,0,1,0,,,161,AVELLA SPECIALTY PHARMACY,0,429,608,2019,2019Q1,2019-03,6,Healthcare,ambiguous_resolved
2019-03-26,Avella Specialty Pharmacy-Bissonet,Harris,Gulf Coast WDA,2019-03-01,2019-03-26,Houston,0,1,0,,,1,AVELLA SPECIALTY PHARMACY-BISSONET,0,429,608,2019,2019Q1,2019-03,6,Healthcare,ambiguous_resolved
2019-03-25,Signet Jewelers-Dallas,Dallas,Dallas County WDA,2019-05-24,2019-03-25,Dallas,0,0,1,60,0,122,SIGNET JEWELERS,0,330,325,2019,2019Q1,2019-03,0,Unknown,unresolved
2019-03-18,Cypress Fairbanks Medical Center,Harris,Gulf Coast WDA,2019-05-17,2019-03-22,Houston,0,0,1,60,0,586,CYPRESS FAIRBANKS MEDICAL CENTER,0,429,608,2019,2019Q1,2019-03,8,Healthcare,ambiguous_resolved
2019-03-18,JP Morgan Chase & Co-Consumer Banking & Card,Tarrant,Tarrant County WDA,2019-03-14,2019-03-18,Arlington,0,1,0,,,368,JP MORGAN CHASE -CONSUMER BANKING CARD,0,207,213,2019,2019Q1,2019-03,6,Finance,stage1
2019-03-07,"Verizon Connect, Inc.",Travis,Capital Area WDA,2019-04-23,2019-03-08,Austin,0,0,1,47,1,133,VERIZON CONNECT,0,169,166,2019,2019Q1,2019-03,0,Unknown,unresolved
2019-03-07,"Aprima Medical Software, Inc. an eMD's Co.",Dallas,Dallas County WDA,2019-05-04,2019-03-07,Richardson,0,0,1,58,1,149,APRIMA MEDICAL SOFTWARE AN EMD S,1,330,325,2019,2019Q1,2019-03,6,Technology_IT,stage1
2019-03-07,General Inoformation Services dba HireRight,Dallas,Dallas County WDA,2019-05-31,2019-03-07,Dallas,0,0,1,85,0,76,GENERAL INOFORMATION SERVICES HIRERIGHT,0,330,325,2019,2019Q1,2019-03,0,Unknown,unresolved
2019-03-05,CHI St. Joseph Health- Bellville Hospital,Austin,Gulf Coast WDA,2019-05-07,2019-03-05,Bellville,0,0,1,63,0,45,CHI ST JOSEPH HEALTH- BELLVILLE HOSPITAL,0,3,608,2019,2019Q1,2019-03,8,Healthcare,stage1
2019-03-04,Monogram Foods-Monogram Pet Treats,Fayette,Rural Capital WDA,2019-03-04,2019-03-04,Schulenburg,0,0,1,0,1,65,MONOGRAM FOODS-MONOGRAM PET TREATS,0,3,67,2019,2019Q1,2019-03,2,Retail_Food,stage1
2019-03-04,Magni-Fab,Grayson,Texoma WDA,2019-04-30,2019-03-04,Howe,0,0,1,57,1,24,MAGNI-FAB,0,8,9,2019,2019Q1,2019-03,6,Manufacturing,stage1
2019-03-01,"Natera, Inc.",Travis,Capital Area WDA,2019-04-17,2019-03-01,Austin,0,0,1,47,1,92,NATERA,0,169,166,2019,2019Q1,2019-03,0,Unknown,unresolved
2019-03-01,Magni-Fab Southwest,Grayson,Texoma WDA,2019-04-30,2019-03-04,Howe,0,0,1,60,0,5,MAGNI-FAB SOUTHWEST,0,8,9,2019,2019Q1,2019-03,6,Manufacturing,stage1
2019-02-27,Petroleum Service Corp.,Chambers,Gulf Coast WDA,2019-05-05,2019-02-27,Mont Belvieu,0,0,1,67,0,151,PETROLEUM SERVICE,0,4,608,2019,2019Q1,2019-02,6,Energy,stage1
2019-02-25,Post Acute Specialty Hospital-PAM Sepcialty Hosptial,Nueces,Coastal Bend WDA,2019-04-20,2019-02-25,Corpus Ch,0,0,1,54,1,65,POST ACUTE SPECIALTY HOSPITAL-PAM SEPCIALTY HOSPTIAL,0,20,26,2019,2019Q1,2019-02,6,Healthcare,stage1
2019-02-25,"AmerisourceBergen-H.D. Smith, LLC",Denton,North Central Texas WDA,2019-04-26,2019-02-25,Flower Mound,0,0,1,60,0,17,AMERISOURCEBERGEN-H D SMITH,0,56,185,2019,2019Q1,2019-02,0,Unknown,unresolved
2019-02-25,Payless Shoesource-Dallas Corp. Office,Dallas,Dallas County WDA,2019-02-19,2019-02-25,Dallas,0,1,0,,,75,PAYLESS SHOESOURCE,0,330,325,2019,2019Q1,2019-02,0,Unknown,unresolved
2019-02-18,Encana Service Company,Montgomery,Gulf Coast WDA,2019-05-31,2019-02-22,The Woodlands,0,0,1,102,0,274,ENCANA SERVICE COMPANY,0,42,608,2019,2019Q1,2019-02,0,Unknown,unresolved
2019-02-13,Rosenberger N.A.,Collin,North Central Texas WDA,2019-04-15,2019-02-13,Plano,0,0,1,61,0,74,ROSENBERGER N A,0,92,185,2019,2019Q1,2019-02,0,Unknown,unresolved
2019-02-13,Spectrum Pharmaceuticals,Tarrant,Tarrant County WDA,2019-03-15,2019-02-22,Colleyville,0,0,1,30,1,1,SPECTRUM PHARMACEUTICALS,0,207,213,2019,2019Q1,2019-02,2,Healthcare,stage1
2019-02-11,VF Jeanswear - El Paso5,El Paso,Borderplexjobs WDA,2019-04-13,2019-02-11,El Paso,0,0,1,61,0,25,VF JEANSWEAR,0,49,51,2019,2019Q1,2019-02,0,Unknown,unresolved
2019-02-11,Post Acute Specialty Hospital of Corpus Christi,Nueces,Coastal Bend WDA,2019-04-11,2019-02-11,Corpus Ch,0,0,1,59,1,162,POST ACUTE SPECIALTY HOSPITAL OF CORPUS CHRISTI,0,20,26,2019,2019Q1,2019-02,6,Healthcare,stage1
2019-02-08,"Alta Mesa Services, LP",Harris,Gulf Coast WDA,2019-02-05,2019-02-08,Houston,0,1,0,,,58,ALTA MESA SERVICES,1,429,608,2019,2019Q1,2019-02,0,Unknown,unresolved
2019-02-06,"KCI USA, Inc.",Bexar,Alamo WDA,2019-07-05,2019-02-22,San Antonio,0,0,1,149,0,210,KCI USA,0,200,238,2019,2019Q1,2019-02,0,Unknown,unresolved
2019-02-04,"Penske Logistics, LLC - Midland",Midland,Permian Basin WDA,2019-02-04,2019-02-08,Midland,0,0,1,0,1,65,PENSKE LOGISTICS,0,37,83,2019,2019Q1,2019-02,6,Logistics_Transportation,stage1
2019-02-01,Yodle.com- Yodle Web.com,Travis,Capital Area WDA,2019-02-01,2019-02-08,Austin,0,0,1,0,1,155,YODLE COM- YODLE WEB COM,1,169,166,2019,2019Q1,2019-02,0,Unknown,unresolved
2019-01-31,Children's Health System of Texas,Dallas,Dallas County WDA,2019-04-01,2019-01-31,Dallas,0,0,1,60,0,93,CHILDREN S HEALTH SYSTEM OF TEXAS,0,330,325,2019,2019Q1,2019-01,2,Healthcare,ambiguous_resolved
2019-01-31,Blue Apron- Arlington,Tarrant,Tarrant County WDA,2019-04-01,2019-01-31,Arlington,0,0,1,60,0,206,BLUE APRON,1,207,213,2019,2019Q1,2019-01,0,Unknown,unresolved
2019-01-31,Kimberly Clark-Holeman Distribution,Lamar,North East Texas WDA,2019-03-31,2019-01-31,Paris,0,0,1,59,1,126,KIMBERLY CLARK-HOLEMAN DISTRIBUTION,0,9,21,2019,2019Q1,2019-01,2,Logistics_Transportation,stage1
2019-01-29,Boeing Company,Harris,Gulf Coast WDA,2019-03-22,2019-01-29,Houston,0,0,1,52,1,6,BOEING COMPANY,0,429,608,2019,2019Q1,2019-01,0,Unknown,unresolved
2019-01-18,Sears Fashion Distribution Center2,Dallas,Dallas County WDA,2019-03-22,2019-01-18,Garland,0,0,1,63,0,84,SEARS FASHION DISTRIBUTION CENTER2,0,330,325,2019,2019Q1,2019-01,2,Logistics_Transportation,stage1
2019-01-18,"Sodexo, Inc.-AA Admirals Club",Tarrant,Tarrant County WDA,2019-03-31,2019-01-18,DFW Airport,0,0,1,72,0,98,SODEXO -AA ADMIRALS CLUB,0,207,213,2019,2019Q1,2019-01,6,Staffing_Services,stage1
2019-01-15,AllianceOne Receivables Management,Dallas,Dallas County WDA,2019-03-30,2019-01-15,Dallas,0,0,1,74,0,236,ALLIANCEONE RECEIVABLES MANAGEMENT,1,330,325,2019,2019Q1,2019-01,0,Unknown,unresolved
2019-01-11,Kohl's-Dallas,Dallas,Dallas County WDA,2019-03-11,2019-01-11,Dallas,0,0,1,59,1,330,KOHL S,1,330,325,2019,2019Q1,2019-01,0,Unknown,unresolved
2019-01-10,Chariot Transit Inc.,Travis,Capital Area WDA,2019-03-15,2019-01-18,Austin,0,0,1,64,0,79,CHARIOT TRANSIT,0,169,166,2019,2019Q1,2019-01,2,Logistics_Transportation,stage1
2019-01-09,R1 RCM Inc.,Travis,Capital Area WDA,2019-04-12,2019-01-09,Austin,0,0,1,93,0,65,R1 RCM,1,169,166,2019,2019Q1,2019-01,6,Technology_IT,stage1
2019-01-07,Pier 1 Imports-Mansfield,Tarrant,Tarrant County WDA,2019-03-08,2019-01-08,Mansfield,0,0,1,60,0,65,PIER 1 IMPORTS-MANSFIELD,1,207,213,2019,2019Q1,2019-01,2,Logistics_Transportation,stage1
2019-01-04,Nestle USA,Tarrant,Tarrant County WDA,2019-03-08,2019-01-04,Fort Worth,0,0,1,63,0,42,NESTLE USA,1,207,213,2019,2019Q1,2019-01,0,Unknown,unresolved
2019-01-15,AllianceOne Receivables Management,Dallas,Dallas County WDA,2019-03-30,2019-01-15,Dallas,0,0,1,74,0,236,ALLIANCEONE RECEIVABLES MANAGEMENT,1,330,325,2019,2019Q1,2019-01,0,Unknown,unresolved
2019-01-11,Kohl's-Dallas,Dallas,Dallas County WDA,2019-03-11,2019-01-11,Dallas,0,0,1,59,1,330,KOHL S,1,330,325,2019,2019Q1,2019-01,0,Unknown,unresolved
2019-01-09,R1 RCM Inc.,Travis,Capital Area WDA,2019-04-12,2019-01-09,Austin,0,0,1,93,0,65,R1 RCM,1,169,166,2019,2019Q1,2019-01,6,Technology_IT,stage1
2019-01-07,Pier 1 Imports-Mansfield,Tarrant,Tarrant County WDA,2019-03-08,2019-01-08,Mansfield,0,0,1,60,0,65,PIER 1 IMPORTS-MANSFIELD,1,207,213,2019,2019Q1,2019-01,2,Logistics_Transportation,stage1
2019-01-04,Nestle USA,Tarrant,Tarrant County WDA,2019-03-08,2019-01-04,Fort Worth,0,0,1,63,0,42,NESTLE USA,1,207,213,2019,2019Q1,2019-01,0,Unknown,unresolved
2022-02-15,"Cognosante, LLC",Hidalgo,Lower Rio Grande Valley WDA,2022-04-18,2022-02-15,McAllen,0,0,1,62,0,84,COGNOSANTE,0,35,38,2022,2022Q1,2022-02,0,Unknown,unresolved
2022-01-24,Dynamic Foods,Lubbock,South Plains WDA,2022-01-11,2022-01-24,Lubbock,0,1,0,,,80,DYNAMIC FOODS,0,20,29,2022,2022Q1,2022-01,2,Retail_Food,stage1
2022-03-15,"ABM Industries Groups, LLC - Houston 1",Harris,Gulf Coast WDA,2022-03-31,2022-04-06,Houston,0,0,1,16,1,31,ABM INDUSTRIES GROUPS,1,429,608,2022,2022Q1,2022-03,6,Staffing_Services,stage1
2022-03-15,"ABM Industries Groups, LLC - Houston 2",Harris,Gulf Coast WDA,2022-03-31,2022-04-06,Houston,0,0,1,16,1,26,ABM INDUSTRIES GROUPS,1,429,608,2022,2022Q1,2022-03,6,Staffing_Services,stage1
2022-03-15,"ABM Industries Groups, LLC - Fulbright Tower",Harris,Gulf Coast WDA,2022-03-31,2022-04-06,Houston,0,0,1,16,1,18,ABM INDUSTRIES GROUPS - FULBRIGHT TOWER,0,429,608,2022,2022Q1,2022-03,6,Staffing_Services,stage1
2022-03-15,"ABM Industries Groups, LLC - Houston 4",Harris,Gulf Coast WDA,2022-03-31,2022-04-06,Houston,0,0,1,16,1,19,ABM INDUSTRIES GROUPS,1,429,608,2022,2022Q1,2022-03,6,Staffing_Services,stage1
2022-03-28,Devereux Advanced Behavioral Health,Victoria,Golden Crescent WDA,2022-05-31,2022-04-01,Victoria,0,0,1,64,0,122,DEVEREUX ADVANCED BEHAVIORAL HEALTH,0,5,6,2022,2022Q1,2022-03,8,Healthcare,stage1
2022-03-08,"Master Brand Home Products, LLC",Hidalgo,Lower Rio Grande Valley WDA,2022-05-06,2022-03-15,Weslaco,0,0,1,59,1,109,MASTER BRAND HOME PRODUCTS,0,35,38,2022,2022Q1,2022-03,0,Unknown,unresolved
2022-03-07,Sev1Tech,Bell,Central Texas WDA,2022-03-07,2022-03-22,Fort Hood,0,0,1,0,1,62,SEV1TECH,0,14,14,2022,2022Q1,2022-03,2,Technology_IT,stage1
2022-03-01,Management & Training Corp. - MTC Medical LLC  (Giles W. Dalby Correctional Facility),Garza,South Plains WDA,2022-05-01,2022-03-01,Post,0,0,1,61,0,206,MANAGEMENT TRAINING - MTC MEDICAL,1,2,29,2022,2022Q1,2022-03,6,Public_Nonprofit,stage1
2022-04-27,"Michaels Stores Procurement Company, Inc.",Tarrant,Tarrant County WDA,2022-06-24,2022-05-03,Fort Worth,0,0,1,58,1,202,MICHAELS STORES PROCUREMENT COMPANY,0,207,213,2022,2022Q2,2022-04,2,Retail_Food,stage1
2022-06-06,"Schenker, Inc. - Kraft",Tarrant,Tarrant County WDA,2022-06-26,2022-06-08,Fort Worth,0,0,1,20,1,45,SCHENKER - KRAFT,0,207,213,2022,2022Q2,2022-06,0,Unknown,unresolved
2022-06-06,"Schenker, Inc. - Kraft, 1006 Railhead",Tarrant,Tarrant County WDA,2022-06-26,2022-06-08,Fort Worth,0,0,1,20,1,85,SCHENKER - KRAFT 1006 RAILHEAD,0,207,213,2022,2022Q2,2022-06,2,Logistics_Transportation,stage1
2022-05-12,Dillard's - Wichita Falls,Wichita,North Texas WDA,2022-07-14,2022-05-12,Wichita Falls,0,0,1,63,0,81,DILLARD S - WICHITA FALLS,0,3,10,2022,2022Q2,2022-05,6,Retail_Food,stage1
2022-07-01,General Information Services dba HireRight,Dallas,Dallas County WDA,2022-09-01,2022-07-01,Dallas,0,0,1,62,0,36,GENERAL INFORMATION SERVICES HIRERIGHT,0,330,325,2022,2022Q3,2022-07,2,Technology_IT,stage1
2022-06-30,KeHe Distributors Inc.-Flower Mound,Denton,North Central Texas WDA,2022-08-13,2022-06-30,Flower Mound,0,0,1,44,1,313,KEHE DISTRIBUTORS -FLOWER MOUND,0,56,185,2022,2022Q2,2022-06,0,Unknown,unresolved
2022-06-28,ABM@Avis DFW,Dallas,Dallas County WDA,2022-08-01,2022-06-29,Irving,0,0,1,34,1,143,ABM@AVIS DFW,0,330,325,2022,2022Q2,2022-06,0,Unknown,unresolved
2022-06-24,First Guaranty Mortgage Corp.,Collin,North Central Texas WDA,2022-06-24,2022-06-27,Plano,0,0,1,0,1,428,FIRST GUARANTY MORTGAGE,0,92,185,2022,2022Q2,2022-06,6,Finance,stage1
2022-06-23,The Coleman Company-Newell Brand,Comal,Alamo WDA,2022-08-21,2022-06-27,New Braunfels,0,0,1,59,1,47,THE COLEMAN COMPANY-NEWELL BRAND,0,11,238,2022,2022Q2,2022-06,0,Unknown,unresolved
2022-06-17,Zillow Group,Dallas,Dallas County WDA,2022-01-03,2022-06-27,Coppell,0,1,0,,,32,ZILLOW GROUP,1,330,325,2022,2022Q2,2022-06,6,Technology_IT,stage1
2022-09-09,"S&B Fabrication Services,Ltd.",Chambers,Gulf Coast WDA,2022-09-07,2022-09-09,Baytown,0,1,0,,,53,S B FABRICATION SERVICES,1,4,608,2022,2022Q3,2022-09,12,Manufacturing,stage1
2022-08-31,Home Point Financial Corporation,Collin,North Central Texas WDA,2022-11-01,2022-08-31,Dallas,0,0,1,62,0,526,HOME POINT FINANCIAL CORPORATION,1,92,185,2022,2022Q3,2022-08,2,Finance,stage1
2022-08-29,ASARCO Amarillo Refinery,Potter,Panhandle WDA,2022-10-28,2022-08-29,Amarillo,0,0,1,60,0,57,ASARCO AMARILLO REFINERY,0,12,22,2022,2022Q3,2022-08,6,Manufacturing,stage1
2022-08-25,"Merit Medical Systems, Inc.",Harris,Gulf Coast WDA,2022-10-25,2022-08-29,Houston,0,0,1,61,0,117,MERIT MEDICAL SYSTEMS,0,429,608,2022,2022Q3,2022-08,2,Technology_IT,ambiguous_resolved
2022-08-24,Southern Star Express LLC - Fort Worth,Denton,North Central Texas WDA,2022-08-24,2022-08-31,Fort Worth,0,0,1,0,1,39,SOUTHERN STAR EXPRESS,1,56,185,2022,2022Q3,2022-08,2,Logistics_Transportation,stage1
2022-08-24,"Southern Star Express, LLC (DDF8)",Tarrant,Tarrant County WDA,2022-09-29,2022-08-30,Arlington,0,0,1,36,1,55,SOUTHERN STAR EXPRESS,1,207,213,2022,2022Q3,2022-08,2,Logistics_Transportation,stage1
2022-08-23,ABM Industries - 902,Harris,Gulf Coast WDA,2022-09-03,2022-08-30,Houston,0,0,1,11,1,13,ABM INDUSTRIES - 902,0,429,608,2022,2022Q3,2022-08,6,Staffing_Services,stage1
2022-08-23,ABM Industries - 909,Harris,Gulf Coast WDA,2022-09-03,2022-08-30,Houston,0,0,1,11,1,5,ABM INDUSTRIES - 909,0,429,608,2022,2022Q3,2022-08,6,Staffing_Services,stage1
2022-08-23,ABM Industries - 920,Harris,Gulf Coast WDA,2022-09-03,2022-08-30,Houston,0,0,1,11,1,9,ABM INDUSTRIES - 920,0,429,608,2022,2022Q3,2022-08,6,Staffing_Services,stage1
2022-08-23,ABM Industries - 915 Gessner,Harris,Gulf Coast WDA,2022-09-03,2022-08-30,Houston,0,0,1,11,1,13,ABM INDUSTRIES - 915 GESSNER,0,429,608,2022,2022Q3,2022-08,6,Staffing_Services,stage1
2022-08-23,ABM Industries - 1120,Harris,Gulf Coast WDA,2022-09-23,2022-08-30,Houston,0,0,1,31,1,9,ABM INDUSTRIES - 1120,0,429,608,2022,2022Q3,2022-08,6,Staffing_Services,stage1
2022-08-23,ABM Industries - 1140,Harris,Gulf Coast WDA,2022-09-03,2022-08-30,Houston,0,0,1,11,1,8,ABM INDUSTRIES - 1140,0,429,608,2022,2022Q3,2022-08,6,Staffing_Services,stage1
2022-08-19,Spirit Airlines,Dallas,Dallas County WDA,2022-09-30,2022-08-19,Dallas,0,0,1,42,1,134,SPIRIT AIRLINES,1,330,325,2022,2022Q3,2022-08,6,Logistics_Transportation,stage1
2022-08-10,Signify Health LLC - Austin,Travis,Capital Area WDA,2022-10-01,2022-08-10,Austin,0,0,1,52,1,9,SIGNIFY HEALTH,1,169,166,2022,2022Q3,2022-08,6,Manufacturing,stage1
2022-08-09,Signify Health LLC - Dallas,Dallas,Dallas County WDA,2022-10-01,2022-08-10,Dallas,0,0,1,53,1,29,SIGNIFY HEALTH,1,330,325,2022,2022Q3,2022-08,6,Manufacturing,stage1
2022-07-28,"GXO Logistics of Texas, LLC",Tarrant,Tarrant County WDA,2022-09-30,2022-07-28,Fort Worth,0,0,1,64,0,116,GXO LOGISTICS OF TEXAS,1,207,213,2022,2022Q3,2022-07,6,Logistics_Transportation,stage1
2022-07-27,Plano Enterprise Mobility Facility,Collin,North Central Texas WDA,2022-11-02,2022-07-27,Plano,0,0,1,98,0,69,PLANO ENTERPRISE MOBILITY FACILITY,0,92,185,2022,2022Q3,2022-07,6,Energy,stage1
2022-07-26,F 45 Training Inc.,Travis,Capital Area WDA,2022-09-25,2022-07-28,Austin,0,0,1,61,0,78,F 45 TRAINING,0,169,166,2022,2022Q3,2022-07,0,Unknown,unresolved
2022-07-25,Seville Farms @ Mansfield,Tarrant,Tarrant County WDA,2022-07-20,2022-07-25,Mansfield,0,1,0,,,64,SEVILLE FARMS @ MANSFIELD,0,207,213,2022,2022Q3,2022-07,0,Unknown,unresolved
2022-07-25,Seville Farms @ Tyler,Smith,East Texas WDA,2022-07-20,2022-07-25,Winona,0,1,0,,,72,SEVILLE FARMS @ TYLER,0,11,39,2022,2022Q3,2022-07,0,Unknown,unresolved
2022-07-25,Seville Farms @ Los Fresnos,Cameron,Cameron County WDA,2022-07-20,2022-07-25,Los Fresnos,0,1,0,,,92,SEVILLE FARMS @ LOS FRESNOS,0,37,38,2022,2022Q3,2022-07,0,Unknown,unresolved
2022-07-19,ION Geophysical Corporation,Harris,Gulf Coast WDA,2022-08-31,2022-07-26,Houston,0,0,1,43,1,125,ION GEOPHYSICAL CORPORATION,0,429,608,2022,2022Q3,2022-07,0,Unknown,unresolved
2022-07-19,Pearl South Padre Island Hotel and Resort,Cameron,Cameron County WDA,2022-09-18,2022-07-21,South Padre Is.,0,0,1,61,0,115,PEARL SOUTH PADRE ISLAND HOTEL AND RESORT,0,37,38,2022,2022Q3,2022-07,12,Retail_Food,stage1
2022-07-20,"Captel Service Specialists, LLC",Tarrant,Tarrant County WDA,2022-09-20,2022-07-20,Arlington,0,0,1,62,0,110,CAPTEL SERVICE SPECIALISTS,0,207,213,2022,2022Q3,2022-07,0,Unknown,unresolved
2022-07-19,Food City Supermarkets,El Paso,Borderplexjobs WDA,2022-09-03,2022-07-19,El Paso,0,0,1,46,1,90,FOOD CITY SUPERMARKETS,0,49,51,2022,2022Q3,2022-07,10,Retail_Food,stage1
2022-07-06,"S&B Fabrication Services,Ltd.",Chambers,Gulf Coast WDA,2022-09-08,2022-07-13,Baytown,0,0,1,64,0,83,S B FABRICATION SERVICES,1,4,608,2022,2022Q3,2022-07,12,Manufacturing,stage1
2022-07-05,Multi Color Corporation,Dallas,Dallas County WDA,2022-06-28,2022-07-05,Dallas,0,1,0,,,45,MULTI COLOR CORPORATION,0,330,325,2022,2022Q3,2022-07,0,Unknown,unresolved
2022-10-01,Quarter North Energy LLC,Harris,Gulf Coast WDA,2022-11-30,2022-10-03,Houston,0,0,1,60,0,43,QUARTER NORTH ENERGY,0,429,608,2022,2022Q4,2022-10,2,Energy,stage1
2022-09-22,The James Skinner Company,Lamar,North East Texas WDA,2022-09-22,2022-09-22,Paris,0,0,1,0,1,179,THE JAMES SKINNER COMPANY,0,9,21,2022,2022Q3,2022-09,0,Unknown,unresolved
2022-09-14,Rubbermaid Commercial Products LLc,El Paso,Borderplexjobs WDA,2022-11-14,2022-09-14,El Paso,0,0,1,61,0,64,RUBBERMAID COMMERCIAL PRODUCTS,0,49,51,2022,2022Q3,2022-09,2,Manufacturing,stage1
2022-09-13,Sealed Air Corporation,Denton,North Central Texas WDA,2022-11-18,2022-09-13,Carrollton,0,0,1,66,0,49,SEALED AIR CORPORATION,0,56,185,2022,2022Q3,2022-09,0,Unknown,unresolved
2022-12-02,American General Life Insurance Company,Potter,Panhandle WDA,2023-02-01,2022-12-02,Amarillo,0,0,1,61,0,461,AMERICAN GENERAL LIFE INSURANCE COMPANY,0,12,22,2022,2022Q4,2022-12,6,Finance,stage1
2022-11-15,Catalent Cell Therapy,Harris,Gulf Coast WDA,2023-01-15,2022-11-22,Webster,0,0,1,61,0,77,CATALENT CELL THERAPY,0,429,608,2022,2022Q4,2022-11,2,Healthcare,ambiguous_resolved
2022-11-18,Home Point Financial Corporation,Collin,Dallas County WDA,2022-11-18,2022-11-18,Dallas,0,0,1,0,1,49,HOME POINT FINANCIAL CORPORATION,1,92,325,2022,2022Q4,2022-11,2,Finance,stage1
2022-11-16,"Bedding Acquisition, LLC",Tarrant,Tarrant County WDA,2023-01-16,2022-11-18,Grand Prairie,0,0,1,61,0,95,BEDDING ACQUISITION,1,207,213,2022,2022Q4,2022-11,0,Unknown,unresolved
2022-11-16,"Meta Platforms, Inc. (West 3rd)",Travis,Capital Area WDA,2023-01-13,2022-11-16,Austin,0,0,1,58,1,154,META PLATFORMS,1,169,166,2022,2022Q4,2022-11,2,Technology_IT,stage1
2022-11-16,"Meta Platforms, Inc, (Alterra Pkwy.)",Travis,Capital Area WDA,2023-01-13,2022-11-16,Austin,0,0,1,58,1,7,META PLATFORMS,1,169,166,2022,2022Q4,2022-11,2,Technology_IT,stage1
2022-11-16,"Meta Platforms, Inc. (Mcallen Pass)",Travis,Capital Area WDA,2023-01-13,2022-11-16,Austin,0,0,1,58,1,11,META PLATFORMS,1,169,166,2022,2022Q4,2022-11,2,Technology_IT,stage1
2022-11-16,"Meta Platforms, Inc.(W,6th)",Travis,Capital Area WDA,2023-01-13,2022-11-16,Austin,0,0,1,58,1,50,META PLATFORMS,1,169,166,2022,2022Q4,2022-11,2,Technology_IT,stage1
2022-10-11,Hill Defense and Federal Solutions,Bexar,Alamo WDA,2022-12-12,2022-11-08,San Antonio,0,0,1,62,0,134,HILL DEFENSE AND FEDERAL SOLUTIONS,0,200,238,2022,2022Q4,2022-10,2,Technology_IT,stage1
2022-09-19,Sodexo - CHI Saint Luke's McNair,Harris,Gulf Coast WDA,2022-12-15,2022-11-10,Houston,0,0,1,87,0,15,SODEXO - CHI SAINT LUKE S MCNAIR,0,429,608,2022,2022Q3,2022-09,6,Staffing_Services,stage1
2022-09-19,Sodexo - CHI St Luke's Baylor Medical Center,Harris,Gulf Coast WDA,2022-12-15,2022-11-10,Houston,0,0,1,87,0,99,SODEXO - CHI ST LUKE S BAYLOR MEDICAL CENTER,0,429,608,2022,2022Q3,2022-09,8,Healthcare,ambiguous_resolved
2022-11-11,"COSMAX NBT USA, INC #1",Dallas,Dallas County WDA,2022-10-28,2022-11-11,Garland,0,1,0,,,36,COSMAX NBT USA 1,1,330,325,2022,2022Q4,2022-11,0,Unknown,unresolved
2022-11-11,Hallmark Financial Services,Dallas,Dallas County WDA,2022-12-31,2022-11-11,Dallas,0,0,1,50,1,83,HALLMARK FINANCIAL SERVICES,0,330,325,2022,2022Q4,2022-11,2,Finance,stage1
2022-10-31,iBio CDMO,Brazos,Brazos Valley WDA,2023-01-02,2022-11-02,Bryan,0,0,1,63,0,50,IBIO CDMO,0,10,14,2022,2022Q4,2022-10,0,Unknown,unresolved
2022-10-27,"Argo AI, LLC. (Austin Congress)",Travis,Capital Area WDA,2022-11-01,2022-10-27,Austin,0,0,1,5,1,10,ARGO AI,1,169,166,2022,2022Q4,2022-10,0,Unknown,unresolved
2022-10-27,"Argo AI, LLC. (Austin 7th Street)",Travis,Capital Area WDA,2022-11-01,2022-10-27,Austin,0,0,1,5,1,68,ARGO AI,1,169,166,2022,2022Q4,2022-10,0,Unknown,unresolved
2022-10-14,"Westex Security Services, Inc.",Harris,Gulf Coast WDA,2022-12-21,2022-10-24,Houston,0,0,1,68,0,7,WESTEX SECURITY SERVICES,0,429,608,2022,2022Q4,2022-10,6,Staffing_Services,stage1
2022-10-14,DXP Enterprises,Harris,Gulf Coast WDA,2022-12-21,2022-10-24,Houston,0,0,1,68,0,4,DXP ENTERPRISES,0,429,608,2022,2022Q4,2022-10,0,Unknown,unresolved
2022-10-14,HJH Houston 1,Harris,Gulf Coast WDA,2022-12-21,2022-10-24,Houston,0,0,1,68,0,1,HJH HOUSTON 1,0,429,608,2022,2022Q4,2022-10,0,Unknown,unresolved
2022-10-14,Jacob Engineering,Harris,Gulf Coast WDA,2022-12-21,2022-10-24,Houston,0,0,1,68,0,3,JACOB ENGINEERING,0,429,608,2022,2022Q4,2022-10,2,Construction_Real_Estate,stage1
2022-10-14,"Sutton Court Homeowner's Association, Inc.",Harris,Gulf Coast WDA,2022-12-21,2022-10-24,Houston,0,0,1,68,0,2,SUTTON COURT HOMEOWNER S ASSOCIATION,0,429,608,2022,2022Q4,2022-10,2,Public_Nonprofit,stage1
2022-10-14,Third Coast Terminals,Brazoria,Gulf Coast WDA,2022-12-21,2022-10-24,Pearland,0,0,1,68,0,3,THIRD COAST TERMINALS,0,13,608,2022,2022Q4,2022-10,2,Logistics_Transportation,stage1
2022-10-14,Center Point Towers,Harris,Gulf Coast WDA,2022-12-21,2022-10-24,Houston,0,0,1,68,0,204,CENTER POINT TOWERS,0,429,608,2022,2022Q4,2022-10,0,Unknown,unresolved
2022-10-14,Center Point Platinum,Harris,Gulf Coast WDA,2022-12-21,2022-10-24,Houston,0,0,1,68,0,5,CENTER POINT PLATINUM,0,429,608,2022,2022Q4,2022-10,0,Unknown,unresolved
2022-10-14,Center Point Harrisburg Service Center,Harris,Gulf Coast WDA,2022-12-21,2022-10-24,Houston,0,0,1,68,0,5,CENTER POINT HARRISBURG SERVICE CENTER,0,429,608,2022,2022Q4,2022-10,0,Unknown,unresolved
2022-10-14,Center Point South Houston Center Complex,Harris,Gulf Coast WDA,2022-12-21,2022-10-24,Houston,0,0,1,68,0,6,CENTER POINT SOUTH HOUSTON CENTER COMPLEX,0,429,608,2022,2022Q4,2022-10,0,Unknown,unresolved
2022-10-14,Centerpoint Addicks Operation Center,Harris,Gulf Coast WDA,2022-12-21,2022-10-25,Houston,0,0,1,68,0,10,CENTERPOINT ADDICKS OPERATION CENTER,0,429,608,2022,2022Q4,2022-10,0,Unknown,unresolved
2022-10-14,Center Point Energy Control Data Center,Harris,Gulf Coast WDA,2022-12-21,2022-10-25,Houston,0,0,1,68,0,10,CENTER POINT ENERGY CONTROL DATA CENTER,0,429,608,2022,2022Q4,2022-10,2,Technology_IT,ambiguous_resolved
2022-10-13,"GXO Logistics of Texas, LLC (Lancaster)",Dallas,Dallas County WDA,2022-12-10,2022-10-13,Lancaster,0,0,1,58,1,206,GXO LOGISTICS OF TEXAS,1,330,325,2022,2022Q4,2022-10,6,Logistics_Transportation,stage1
2022-10-13,"GXO Logistics of Texas, LLC (Dallas)",Dallas,Dallas County WDA,2022-12-10,2022-10-13,Dallas,0,0,1,58,1,56,GXO LOGISTICS OF TEXAS,1,330,325,2022,2022Q4,2022-10,6,Logistics_Transportation,stage1
2022-10-04,Valley International Cold Storage LLC,Cameron,Cameron County WDA,2022-09-15,2022-10-04,Harlingen,0,1,0,,,64,VALLEY INTERNATIONAL COLD STORAGE,0,37,38,2022,2022Q4,2022-10,0,Unknown,unresolved
2022-10-07,"Rev.com, Inc",Travis,Capital Area WDA,2022-10-21,2022-10-07,Austin,0,0,1,14,1,85,REV COM,0,169,166,2022,2022Q4,2022-10,0,Unknown,unresolved
2023-01-31,"Transde,v Inc,",Dallas,Dallas County WDA,2023-01-30,2023-01-31,Lancaster,0,1,0,,,83,TRANSDE V,0,330,325,2023,2023Q1,2023-01,0,Unknown,unresolved
2023-01-31,"Bedding Acquisition, LLC",Dallas,Dallas County WDA,2023-03-31,2023-01-31,Grand Prairie,0,0,1,59,1,74,BEDDING ACQUISITION,1,330,325,2023,2023Q1,2023-01,0,Unknown,unresolved
2023-02-02,Georgia Pacific Gypsum,Hardeman,North Texas WDA,2023-04-01,2023-02-02,Quanah,0,0,1,58,1,158,GEORGIA PACIFIC GYPSUM,0,1,10,2023,2023Q1,2023-02,0,Unknown,unresolved
2023-02-02,"PTW Energy Services, Inc.",Midland,Permian Basin WDA,2023-04-03,2023-02-02,Midland,0,0,1,60,0,9,PTW ENERGY SERVICES,0,37,83,2023,2023Q1,2023-02,2,Energy,stage1
2023-02-02,Eddy Foods,Dewitt,Golden Crescent WDA,2023-02-15,2023-02-02,Yoakum,0,0,1,13,1,140,EDDY FOODS,0,1,6,2023,2023Q1,2023-02,2,Retail_Food,stage1
2023-01-31,Owens-Brockway Glass Container Inc.,McLennan,Heart of Texas WDA,2023-01-31,2023-02-03,Waco,0,0,1,0,1,90,OWENS-BROCKWAY GLASS CONTAINER,1,24,34,2023,2023Q1,2023-01,2,Manufacturing,stage1
2023-01-27,"ABM Texas General Services, Inc",Travis,Capital Area WDA,2023-01-16,2023-01-27,Austin,0,1,0,,,255,ABM TEXAS GENERAL SERVICES,1,169,166,2023,2023Q1,2023-01,6,Staffing_Services,stage1
2023-01-20,Sumitomo Electric Wiring Systems,El Paso,Borderplexjobs WDA,2023-03-31,2023-01-20,El Paso,0,0,1,70,0,110,SUMITOMO ELECTRIC WIRING SYSTEMS,0,49,51,2023,2023Q1,2023-01,2,Technology_IT,stage1
2023-01-25,Service Experts,Dallas,Dallas County WDA,2023-03-10,2023-01-25,Richardson,0,0,1,44,1,76,SERVICE EXPERTS,0,330,325,2023,2023Q1,2023-01,6,Staffing_Services,stage1
2023-01-25,Bed Bath and Beyond (Lewisville),Denton,North Central Texas WDA,2023-03-26,2023-01-25,Lewisville,0,0,1,60,0,374,BED BATH AND BEYOND,0,56,185,2023,2023Q1,2023-01,0,Unknown,unresolved
2023-01-24,State Farm at City Line Building 1-4,Collin,North Central Texas WDA,2023-03-31,2023-01-24,Richardson,0,0,1,66,0,125,STATE FARM AT CITY LINE BUILDING 1-4,0,92,185,2023,2023Q1,2023-01,4,Public_Nonprofit,stage1
2023-01-19,Genpact LLC,Collin,North Central Texas WDA,2023-03-31,2023-01-19,Richardson,0,0,1,71,0,964,GENPACT,0,92,185,2023,2023Q1,2023-01,0,Unknown,unresolved
2023-01-16,The Pictsweet Company,Bexar,Alamo WDA,2023-03-17,2023-01-16,San Antonio,0,0,1,60,0,77,THE PICTSWEET COMPANY,0,200,238,2023,2023Q1,2023-01,0,Unknown,unresolved
2023-01-12,"RateGenius Loan Services, Inc.",Travis,Capital Area WDA,2023-01-11,2023-01-12,Austin,0,1,0,,,139,RATEGENIUS LOAN SERVICES,0,169,166,2023,2023Q1,2023-01,2,Finance,stage1
2023-01-11,Ryder Inc.,Travis,Capital Area WDA,2023-03-18,2023-01-11,Austin,0,0,1,66,0,801,RYDER,0,169,166,2023,2023Q1,2023-01,0,Unknown,unresolved
2023-01-10,TUSimple,Dallas,Dallas County WDA,2023-12-21,2023-01-10,Dallas,0,0,1,345,0,76,TUSIMPLE,1,330,325,2023,2023Q1,2023-01,6,Technology_IT,stage1
2023-01-09,Southwest Key Programs-Casa Blanca,Bexar,Alamo WDA,2023-02-14,2023-01-09,San Antonio,0,0,1,36,1,85,SOUTHWEST KEY PROGRAMS-CASA BLANCA,0,200,238,2023,2023Q1,2023-01,8,Public_Nonprofit,stage1
2023-01-05,Information Technology Coalition Inc. (Irving),Dallas,Dallas County WDA,2023-01-31,2023-01-05,Irving,0,0,1,26,1,370,INFORMATION TECHNOLOGY COALITION,0,330,325,2023,2023Q1,2023-01,6,Technology_IT,stage1
2023-01-06,"Monitronics International, Inc. dba Brinks Home",Dallas,Dallas County WDA,2023-03-03,2023-01-06,Dallas,0,0,1,56,1,20,MONITRONICS INTERNATIONAL BRINKS HOME,1,330,325,2023,2023Q1,2023-01,0,Unknown,unresolved
2022-12-21,HII Mission Technologies,Bexar,Alamo WDA,2023-02-28,2022-12-21,San Antonio,0,0,1,69,0,68,HII MISSION TECHNOLOGIES,1,200,238,2022,2022Q4,2022-12,2,Technology_IT,ambiguous_resolved
2023-03-31,Walmart #1258,Tarrant,Tarrant County WDA,2023-06-02,2023-03-31,Fort Worth,0,0,1,63,0,1047,WALMART 1258,1,207,213,2023,2023Q1,2023-03,6,Retail_Food,stage1
2023-03-22,"Saten, Inc.",Tarrant,Tarrant County WDA,2023-05-13,2023-03-22,Fort Worth,0,0,1,52,1,54,SATEN,0,207,213,2023,2023Q1,2023-03,0,Unknown,unresolved
2023-03-15,Ibase Operations Corporation,Williamson,Rural Capital WDA,2023-05-31,2023-03-15,Austin,0,0,1,77,0,81,IBASE OPERATIONS CORPORATION,0,35,67,2023,2023Q1,2023-03,0,Unknown,unresolved
2023-03-14,Trellis Company,Williamson,Rural Capital WDA,2023-04-04,2023-03-14,Round Rock,0,0,1,21,1,105,TRELLIS COMPANY,0,35,67,2023,2023Q1,2023-03,0,Unknown,unresolved
2023-03-20,"Penske Logistics, LLC-Keller",Tarrant,Tarrant County WDA,2023-05-20,2023-03-20,Keller,0,0,1,61,0,152,PENSKE LOGISTICS -KELLER,0,207,213,2023,2023Q1,2023-03,6,Logistics_Transportation,stage1
2023-03-08,"Security Specialists, Inc (Austin)",Travis,Capital Area WDA,2023-04-28,2023-03-08,Austin,0,0,1,51,1,240,SECURITY SPECIALISTS,0,169,166,2023,2023Q1,2023-03,0,Unknown,unresolved
2023-03-03,"Southwest General Hospital, LP",Bexar,Alamo WDA,2023-05-01,2023-03-03,San Antonio,0,0,1,59,1,827,SOUTHWEST GENERAL HOSPITAL,0,200,238,2023,2023Q1,2023-03,6,Healthcare,stage1
2023-03-02,EP Lamination,El Paso,Borderplexjobs WDA,2023-05-02,2023-03-02,El Paso,0,0,1,61,0,53,EP LAMINATION,0,49,51,2023,2023Q1,2023-03,0,Unknown,unresolved
2023-02-28,Interceramic Austin Showroom,Travis,Capital Area WDA,2023-08-31,2023-02-28,Austin,0,0,1,184,0,17,INTERCERAMIC AUSTIN SHOWROOM,0,169,166,2023,2023Q1,2023-02,6,Manufacturing,ambiguous_resolved
2023-02-28,Interceramic Fort Worth Showroom,Tarrant,Tarrant County WDA,2023-05-31,2023-02-28,Fort Worth,0,0,1,92,0,12,INTERCERAMIC FORT WORTH SHOWROOM,0,207,213,2023,2023Q1,2023-02,6,Manufacturing,ambiguous_resolved
2023-02-28,Interceramic Manufacturing Facility,Dallas,Dallas County WDA,2023-02-22,2023-02-28,Garland,0,1,0,,,161,INTERCERAMIC MANUFACTURING FACILITY,0,330,325,2023,2023Q1,2023-02,12,Manufacturing,stage1
2023-02-28,Interceramic Tile & Stone Gallery,Dallas,Dallas County WDA,2023-08-31,2023-02-28,Dallas,0,0,1,184,0,15,INTERCERAMIC TILE STONE GALLERY,0,330,325,2023,2023Q1,2023-02,6,Manufacturing,stage1
2023-02-27,Interceramic Corporate Office and Distribution Center,Dallas,North Central Texas WDA,2023-03-31,2023-02-27,Carrollton,0,0,1,32,1,118,INTERCERAMIC CORPORATE OFFICE AND DISTRIBUTION CENTER,0,330,185,2023,2023Q1,2023-02,6,Manufacturing,stage1
2023-02-27,Interceramic Houston Showroom (Clay Road),Harris,Gulf Coast WDA,2023-08-31,2023-02-27,Houston,0,0,1,185,0,35,INTERCERAMIC HOUSTON SHOWROOM,0,429,608,2023,2023Q1,2023-02,6,Manufacturing,ambiguous_resolved
2023-02-27,Interceramic Houston-Spring Showroom,Harris,Gulf Coast WDA,2023-05-31,2023-02-27,Spring,0,0,1,93,0,7,INTERCERAMIC HOUSTON-SPRING SHOWROOM,0,429,608,2023,2023Q1,2023-02,6,Manufacturing,ambiguous_resolved
2023-02-27,Interceramic Plano Showroom,Collin,North Central Texas WDA,2023-05-31,2023-02-27,Plano,0,0,1,93,0,4,INTERCERAMIC PLANO SHOWROOM,0,92,185,2023,2023Q1,2023-02,6,Manufacturing,ambiguous_resolved
2023-02-27,Interceramic San Antonio Showroom,Bexar,Alamo WDA,2023-08-31,2023-02-27,San Antonio,0,0,1,185,0,19,INTERCERAMIC SAN ANTONIO SHOWROOM,0,200,238,2023,2023Q1,2023-02,6,Manufacturing,ambiguous_resolved
2023-02-27,SNL Distribution Services Corporation,Denton,North Central Texas WDA,2023-03-31,2023-02-27,Denton,0,0,1,32,1,60,SNL DISTRIBUTION SERVICES CORPORATION,0,56,185,2023,2023Q1,2023-02,2,Logistics_Transportation,stage1
2023-02-27,"TuSimple, Inc. (Fort Worth)",Denton,North Central Texas WDA,2023-02-17,2023-02-27,Fort Worth,0,1,0,,,10,TUSIMPLE,1,56,185,2023,2023Q1,2023-02,6,Technology_IT,stage1
2023-02-27,"TuSimple, Inc. (Hutchins)",Dallas,North Central Texas WDA,2023-02-17,2023-02-27,Hutchins,0,1,0,,,10,TUSIMPLE,1,330,185,2023,2023Q1,2023-02,6,Technology_IT,stage1
2023-02-23,Boston Scientific Corporation,Harris,Gulf Coast WDA,2023-04-23,2023-02-23,Houston,0,0,1,59,1,120,BOSTON SCIENTIFIC CORPORATION,0,429,608,2023,2023Q1,2023-02,0,Unknown,unresolved
2023-02-16,Deer Park Nursing and Rehab Center LLC,Harris,Gulf Coast WDA,2023-02-08,2023-02-16,Deer Park,0,1,0,,,40,DEER PARK NURSING AND REHAB CENTER,0,429,608,2023,2023Q1,2023-02,8,Healthcare,stage1
2023-02-16,TaskUs (San Antonio),Bexar,Alamo WDA,2023-02-24,2023-02-16,San Antonio,0,0,1,8,1,186,TASKUS,0,200,238,2023,2023Q1,2023-02,0,Unknown,unresolved
2023-02-21,"Wix.com, Inc.",Travis,Capital Area WDA,2023-04-16,2023-02-21,Austin,0,0,1,54,1,100,WIX COM,0,169,166,2023,2023Q1,2023-02,0,Unknown,unresolved
2023-02-15,St. Mark's Medical Center,Fayette,Rural Capital WDA,2023-02-17,2023-02-15,La Grange,0,0,1,2,1,64,ST MARK S MEDICAL CENTER,0,3,67,2023,2023Q1,2023-02,8,Healthcare,stage1
2023-02-08,Walmart Store #7310,Fort Bend,Gulf Coast WDA,2023-05-19,2023-02-09,Katy,0,0,1,100,0,92,WALMART STORE 7310,0,88,608,2023,2023Q1,2023-02,8,Retail_Food,stage1
2023-02-07,"Misfits Market Technologies, INC (Fullfillment Center)",Tarrant,Tarrant County WDA,2023-04-08,2023-02-07,Fort Worth,0,0,1,60,0,121,MISFITS MARKET TECHNOLOGIES,0,207,213,2023,2023Q1,2023-02,2,Technology_IT,ambiguous_resolved
2023-02-07,"Skorpios Technologies, Inc.",Travis,Capital Area WDA,2023-04-01,2023-02-07,Austin,0,0,1,53,1,60,SKORPIOS TECHNOLOGIES,0,169,166,2023,2023Q1,2023-02,2,Technology_IT,stage1
2023-02-07,Packaging Corporation of America (Woodway),McLennan,Heart of Texas WDA,2023-03-28,2023-02-07,Woodway,0,0,1,49,1,65,PACKAGING CORPORATION OF AMERICA,0,24,34,2023,2023Q1,2023-02,0,Unknown,unresolved
2023-02-07,Owens Corning Amarillo Facility,Potter,Panhandle WDA,2023-04-04,2023-02-07,Amarillo,0,0,1,56,1,200,OWENS CORNING AMARILLO FACILITY,0,12,22,2023,2023Q1,2023-02,0,Unknown,unresolved
2023-05-08,Aventi Technologies,Denton,North Central Texas WDA,2023-05-12,2023-05-08,Carrollton,0,0,1,4,1,272,AVENTI TECHNOLOGIES,0,56,185,2023,2023Q2,2023-05,2,Technology_IT,stage1
2023-05-03,DHL Supply Chain - Missouri City,Fort Bend,Gulf Coast WDA,2023-06-30,2023-05-03,Missouri City,0,0,1,58,1,123,DHL SUPPLY CHAIN - MISSOURI CITY,1,88,608,2023,2023Q2,2023-05,2,Logistics_Transportation,ambiguous_resolved
2023-05-03,DHL Supply Chain - Sugar Land,Fort Bend,Gulf Coast WDA,2023-06-30,2023-05-03,Sugar Land,0,0,1,58,1,29,DHL SUPPLY CHAIN - SUGAR LAND,1,88,608,2023,2023Q2,2023-05,2,Logistics_Transportation,stage1
2023-05-03,"Makita U.S.A., Inc. Distribution Center",Dallas,Dallas County WDA,2023-06-28,2023-05-03,Wilmer,0,0,1,56,1,4,MAKITA U S A DISTRIBUTION CENTER,0,330,325,2023,2023Q2,2023-05,2,Logistics_Transportation,stage1
2023-05-03,"Makita U.S.A., Inc. Factory Service Center",Harris,Gulf Coast WDA,2023-06-28,2023-05-03,Houston,0,0,1,56,1,7,MAKITA U S A FACTORY SERVICE CENTER,0,429,608,2023,2023Q2,2023-05,2,Manufacturing,stage1
2023-04-25,Stanley Black & Decker-Fort Worth,Tarrant,Tarrant County WDA,2023-05-19,2023-04-25,Fort Worth,0,0,1,24,1,175,STANLEY BLACK DECKER,0,207,213,2023,2023Q2,2023-04,2,Manufacturing,stage1
2023-04-20,Walmart #4795 Grapevine,Tarrant,Tarrant County WDA,2023-07-13,2023-04-20,Grapevine,0,0,1,84,0,133,WALMART 4795 GRAPEVINE,0,207,213,2023,2023Q2,2023-04,6,Retail_Food,stage1
2023-04-19,"HCS Renewable Energy, LLC",Wharton,Gulf Coast WDA,2023-06-18,2023-04-19,El Campo,0,0,1,60,0,62,HCS RENEWABLE ENERGY,0,6,608,2023,2023Q2,2023-04,2,Energy,stage1
2023-04-18,"Packers Sanitation Services- Cactus, Texas",Moore,Panhandle WDA,2023-05-30,2023-04-18,Cactus,0,0,1,42,1,113,PACKERS SANITATION SERVICES- CACTUS TEXAS,0,1,22,2023,2023Q2,2023-04,0,Unknown,unresolved
2023-04-05,Aramark Campus LLC Trininty University (San Antonio),Bexar,Alamo WDA,2023-05-31,2023-04-05,San Antonio,0,0,1,56,1,120,ARAMARK CAMPUS TRININTY UNIVERSITY,0,200,238,2023,2023Q2,2023-04,6,Staffing_Services,stage1
2023-04-06,,El Paso,Borderplexjobs WDA,2023-06-02,2023-04-06,El Paso,0,0,1,57,1,12,,0,49,51,2023,2023Q2,2023-04,0,Unknown,unresolved
2023-04-05,Chalk Mountain Services of Texas LLC,Winkler,Permian Basin WDA,2023-05-31,2023-04-05,Kermit,0,0,1,56,1,98,CHALK MOUNTAIN SERVICES OF TEXAS,1,4,83,2023,2023Q2,2023-04,6,Energy,stage1
2023-04-05,Hunter Douglas Fabrication Company (Custom Brands Group),Collin,North Central Texas WDA,2023-06-09,2023-04-05,McKinney,0,0,1,65,0,100,HUNTER DOUGLAS FABRICATION COMPANY,0,92,185,2023,2023Q2,2023-04,12,Manufacturing,stage1
2023-04-04,"Molecular Templates, Inc. (MTEM)",Williamson,Rural Capital WDA,2023-05-29,2023-04-04,Austin,0,0,1,55,1,84,MOLECULAR TEMPLATES,0,35,67,2023,2023Q2,2023-04,0,Unknown,unresolved
2023-04-03,Ibex Global Solutions (San Antonio),Bexar,Alamo WDA,2023-06-02,2023-04-03,San Antonio,0,0,1,60,0,227,IBEX GLOBAL SOLUTIONS,0,200,238,2023,2023Q2,2023-04,2,Technology_IT,stage1
2023-06-14,Nucor (Longview),Gregg,East Texas WDA,2023-08-18,2023-06-14,Longview,0,0,1,65,0,173,NUCOR,0,13,39,2023,2023Q2,2023-06,0,Unknown,unresolved
2023-06-08,Federal Express Corporation (Temple),Bell,Central Texas WDA,2023-09-04,2023-06-08,Temple,0,0,1,88,0,58,FEDERAL EXPRESS CORPORATION,0,14,14,2023,2023Q2,2023-06,2,Logistics_Transportation,stage1
2023-06-07,Chartwells (Midland ISD),Midland,Permian Basin WDA,2023-06-30,2023-06-07,Midland,0,0,1,23,1,74,CHARTWELLS,0,37,83,2023,2023Q2,2023-06,6,Public_Nonprofit,stage1
2023-06-01,Attala Steele Industries (Hilsboro Plant),Hill,Heart of Texas WDA,2023-05-26,2023-06-01,Hillsboro,0,1,0,,,126,ATTALA STEELE INDUSTRIES,0,4,34,2023,2023Q2,2023-06,4,Manufacturing,stage1
2023-05-30,"Diversified Technical Services, INC. (San Antonio)",Bexar,Alamo WDA,2023-07-31,2023-05-30,San Antonio,0,0,1,62,0,137,DIVERSIFIED TECHNICAL SERVICES,0,200,238,2023,2023Q2,2023-05,2,Technology_IT,stage1
2023-05-25,Scribe Media LLC,Travis,Capital Area WDA,2023-05-24,2023-05-25,Austin,0,1,0,,,90,SCRIBE MEDIA,0,169,166,2023,2023Q2,2023-05,2,Technology_IT,stage1
2023-05-22,Central Garden & Pet (Manufacturing),Henderson,East Texas WDA,2023-06-27,2023-05-22,Athens,0,0,1,36,1,80,CENTRAL GARDEN PET,0,4,39,2023,2023Q2,2023-05,6,Manufacturing,stage1
2023-05-18,Wipro,Travis,Capital Area WDA,2023-06-30,2023-05-18,Austin,0,0,1,43,1,64,WIPRO,0,169,166,2023,2023Q2,2023-05,6,Technology_IT,stage1
2023-05-17,[24]7.ai,Collin,North Central Texas WDA,2023-07-07,2023-05-17,Dallas,0,0,1,51,1,69,[24]7 AI,0,92,185,2023,2023Q2,2023-05,0,Unknown,unresolved
2023-05-16,USAA - (San Antonio) Fredericksburg Rd.,Bexar,Alamo WDA,2023-07-14,2023-05-16,San Antonio,0,0,1,59,1,235,USAA - FREDERICKSBURG RD,0,200,238,2023,2023Q2,2023-05,0,Unknown,unresolved
2023-05-16,Accenture LLP (Austin),Travis,Capital Area WDA,2023-06-27,2023-05-16,Austin,0,0,1,42,1,549,ACCENTURE,1,169,166,2023,2023Q2,2023-05,0,Unknown,unresolved
2023-05-16,Durham School Services-Brenham,Washington,Brazos Valley WDA,2023-07-31,2023-05-16,Brenham,0,0,1,76,0,81,DURHAM SCHOOL SERVICES-BRENHAM,0,2,14,2023,2023Q2,2023-05,2,Public_Nonprofit,stage1
2023-05-15,ABM Industries at the University of Texas San Antonio,Bexar,Alamo WDA,2023-03-31,2023-05-15,San Antonio,0,1,0,,,86,ABM INDUSTRIES AT THE UNIVERSITY OF TEXAS SAN ANTONIO,0,200,238,2023,2023Q2,2023-05,6,Staffing_Services,stage1
2023-05-10,"Bedding Acquisition, LLC (Grand Prairie Plant)",Dallas,Dallas County WDA,2023-05-26,2023-05-10,Grand Prairie,0,0,1,16,1,23,BEDDING ACQUISITION,1,330,325,2023,2023Q2,2023-05,2,Manufacturing,stage1
2023-05-10,"GXO Logistics of Texas, LLC (Fort Worth) Comcast Facility",Tarrant,Tarrant County WDA,2023-06-30,2023-05-10,Fort Worth,0,0,1,51,1,105,GXO LOGISTICS OF TEXAS COMCAST FACILITY,0,207,213,2023,2023Q2,2023-05,6,Logistics_Transportation,stage1
2023-05-10,Village Farms,Ward,Permian Basin WDA,2023-08-01,2023-05-10,Monahans,0,0,1,83,0,27,VILLAGE FARMS,0,6,83,2023,2023Q2,2023-05,0,Unknown,unresolved
2023-08-08,Honeywell Intelligrated,Tarrant,Tarrant County WDA,2023-10-27,2023-08-08,Arlington,0,0,1,80,0,80,HONEYWELL INTELLIGRATED,0,207,213,2023,2023Q3,2023-08,0,Unknown,unresolved
2023-08-08,"Babylon, Inc",Travis,Capital Area WDA,2023-08-07,2023-08-08,Austin,0,1,0,,,94,BABYLON,0,169,166,2023,2023Q3,2023-08,0,Unknown,unresolved
2023-08-08,TATA Consultancy Services,Williamson,Rural Capital WDA,2023-10-02,2023-08-08,Austin,0,0,1,55,1,85,TATA CONSULTANCY SERVICES,0,35,67,2023,2023Q3,2023-08,0,Unknown,unresolved
2023-08-04,"PSW Real Estate, LLC",Travis,Capital Area WDA,2023-07-31,2023-08-04,Austin,0,1,0,,,87,PSW REAL ESTATE,0,169,166,2023,2023Q3,2023-08,2,Public_Nonprofit,ambiguous_resolved
2023-08-03,Regal Rexnord,Hidalgo,Lower Rio Grande Valley WDA,2023-09-30,2023-08-03,Mission,0,0,1,58,1,78,REGAL REXNORD,0,35,38,2023,2023Q3,2023-08,0,Unknown,unresolved
2023-08-03,Compass Group,Fort Bend,Gulf Coast WDA,2023-08-01,2023-08-03,Sugar Land,0,1,0,,,153,COMPASS GROUP,0,88,608,2023,2023Q3,2023-08,6,Staffing_Services,stage1
2023-08-01,Yellow Freight (Dallas),Dallas,Dallas County WDA,2023-07-28,2023-08-01,Dallas,0,1,0,,,530,YELLOW FREIGHT,1,330,325,2023,2023Q3,2023-08,6,Logistics_Transportation,stage1
2023-08-03,Yellow Freight (Abilene),Taylor,West Central WDA,2023-07-28,2023-08-03,Abilene,0,1,0,,,4,YELLOW FREIGHT,1,4,10,2023,2023Q3,2023-08,6,Logistics_Transportation,stage1
2023-08-03,Yellow Freight (Fort Worth},Tarrant,Tarrant County WDA,2023-07-28,2023-08-03,Fort Worth,0,1,0,,,84,YELLOW FREIGHT (FORT WORTH},0,207,213,2023,2023Q3,2023-08,6,Logistics_Transportation,stage1
2023-08-03,Yellow Freight (El Paso),El Paso,Borderplexjobs WDA,2023-07-28,2023-08-03,El Paso,0,1,0,,,45,YELLOW FREIGHT,1,49,51,2023,2023Q3,2023-08,6,Logistics_Transportation,stage1
2023-08-03,Yellow Freight (Sherman),Grayson,Texoma WDA,2023-07-28,2023-08-03,Sherman,0,1,0,,,25,YELLOW FREIGHT,1,8,9,2023,2023Q3,2023-08,6,Logistics_Transportation,stage1
2023-08-03,Yellow Freight (Waco),McLennan,Heart of Texas WDA,2023-07-28,2023-08-03,Waco,0,1,0,,,17,YELLOW FREIGHT,1,24,34,2023,2023Q3,2023-08,6,Logistics_Transportation,stage1
2023-08-02,FedEx Supply Chain Logistics & Electronics (Ft. Worth),Tarrant,Tarrant County WDA,2023-09-23,2023-08-02,Fort Worth,0,0,1,52,1,280,FEDEX SUPPLY CHAIN LOGISTICS ELECTRONICS,1,207,213,2023,2023Q3,2023-08,8,Logistics_Transportation,stage1
2023-08-01,"Ericsson, Inc.",Collin,North Central Texas WDA,2023-09-29,2023-08-01,Plano,0,0,1,59,1,64,ERICSSON,1,92,185,2023,2023Q3,2023-08,0,Unknown,unresolved
2023-07-27,Vibra Hospital of Desoto,Dallas,Dallas County WDA,2023-09-29,2023-07-27,DeSoto,0,0,1,64,0,76,VIBRA HOSPITAL OF DESOTO,0,330,325,2023,2023Q3,2023-07,6,Healthcare,stage1
2023-07-19,Ventra Health,Tarrant,Tarrant County WDA,2023-10-09,2023-07-19,Fort Worth,0,0,1,82,0,64,VENTRA HEALTH,0,207,213,2023,2023Q3,2023-07,2,Healthcare,stage1
2023-07-17,"David's Bridal, LLC (Frisco)",Collin,North Central Texas WDA,2023-07-17,2023-07-17,Frisco,0,0,1,0,1,53,DAVID S BRIDAL,1,92,185,2023,2023Q3,2023-07,0,Unknown,unresolved
2023-07-17,"David's Bridal, LLC (Arlington)",Tarrant,Tarrant County WDA,2023-07-17,2023-07-17,Arlington,0,0,1,0,1,27,DAVID S BRIDAL,1,207,213,2023,2023Q3,2023-07,0,Unknown,unresolved
2023-07-17,"David's Bridal, LLC (Friendswood)",Harris,Gulf Coast WDA,2023-07-17,2023-07-17,Friendswood,0,0,1,0,1,35,DAVID S BRIDAL,1,429,608,2023,2023Q3,2023-07,0,Unknown,unresolved
2023-07-17,"David's Bridal, LLC (610 & San Felipe Shop Center)",Harris,Gulf Coast WDA,2023-07-17,2023-07-17,Houston,0,0,1,0,1,39,DAVID S BRIDAL,1,429,608,2023,2023Q3,2023-07,2,Retail_Food,stage1
2023-07-17,"David's Bridal, LLC (San Antonio)",Bexar,Alamo WDA,2023-07-17,2023-07-17,San Antonio,0,0,1,0,1,38,DAVID S BRIDAL,1,200,238,2023,2023Q3,2023-07,0,Unknown,unresolved
2023-07-17,"David's Bridal, LLC (Houston North The Woodlands)",Montgomery,Gulf Coast WDA,2023-07-17,2023-07-17,Woodlands,0,0,1,0,1,41,DAVID S BRIDAL,1,42,608,2023,2023Q3,2023-07,0,Unknown,unresolved
2023-07-17,"David's Bridal, LLC (Hurst)",Tarrant,Tarrant County WDA,2023-07-17,2023-07-17,Hurst,0,0,1,0,1,25,DAVID S BRIDAL,1,207,213,2023,2023Q3,2023-07,0,Unknown,unresolved
2023-07-17,"David's Bridal, LLC (North Dallas)",Tarrant,Dallas County WDA,2023-07-17,2023-07-17,Dallas,0,0,1,0,1,33,DAVID S BRIDAL,1,207,325,2023,2023Q3,2023-07,0,Unknown,unresolved
2023-07-17,"David's Bridal, LLC (Mesquite)",Dallas,Dallas County WDA,2023-07-17,2023-07-17,Mesquite,0,0,1,0,1,27,DAVID S BRIDAL,1,330,325,2023,2023Q3,2023-07,0,Unknown,unresolved
2023-07-17,"David's Bridal, LLC (Beaumont)",Jefferson,South East Texas WDA,2023-07-17,2023-07-17,Beaumont,0,0,1,0,1,21,DAVID S BRIDAL,1,20,27,2023,2023Q3,2023-07,0,Unknown,unresolved
2023-07-17,"David's Bridal, LLC (Lewisville)",Denton,North Central Texas WDA,2023-07-17,2023-07-17,Lewisville,0,0,1,0,1,28,DAVID S BRIDAL,1,56,185,2023,2023Q3,2023-07,0,Unknown,unresolved
2023-07-17,"David's Bridal, LLC (Tyler)",Smith,East Texas WDA,2023-07-17,2023-07-17,Tyler,0,0,1,0,1,31,DAVID S BRIDAL,1,11,39,2023,2023Q3,2023-07,0,Unknown,unresolved
2023-07-17,"David's Bridal, LLC (McAllen)",Hidalgo,Lower Rio Grande Valley WDA,2023-07-17,2023-07-17,McAllen,0,0,1,0,1,31,DAVID S BRIDAL,1,35,38,2023,2023Q3,2023-07,0,Unknown,unresolved
2023-07-17,"David's Bridal, LLC (Sugar Land)",Fort Bend,Gulf Coast WDA,2023-07-17,2023-07-17,Sugar Land,0,0,1,0,1,38,DAVID S BRIDAL,1,88,608,2023,2023Q3,2023-07,0,Unknown,unresolved
2023-07-17,"David's Bridal, LLC (North Austin)",Travis,Capital Area WDA,2023-07-17,2023-07-17,Austin,0,0,1,0,1,43,DAVID S BRIDAL,1,169,166,2023,2023Q3,2023-07,0,Unknown,unresolved
2023-07-17,"David's Bridal, LLC (Waco)",McLennan,Heart of Texas WDA,2023-07-17,2023-07-17,Waco,0,0,1,0,1,30,DAVID S BRIDAL,1,24,34,2023,2023Q3,2023-07,0,Unknown,unresolved
2023-07-17,"David's Bridal, LLC (Corpus Christie)",Nueces,Coastal Bend WDA,2023-07-17,2023-07-17,Corpus Christi,0,0,1,0,1,21,DAVID S BRIDAL,1,20,26,2023,2023Q3,2023-07,0,Unknown,unresolved
2023-07-17,"David's Bridal, LLC (Fort Worth)",Tarrant,Tarrant County WDA,2023-07-17,2023-07-17,Fort Worth,0,0,1,0,1,29,DAVID S BRIDAL,1,207,213,2023,2023Q3,2023-07,0,Unknown,unresolved
2023-07-17,"David's Bridal, LLC (Abilene)",Taylor,West Central WDA,2023-07-17,2023-07-17,Abilene,0,0,1,0,1,19,DAVID S BRIDAL,1,4,10,2023,2023Q3,2023-07,0,Unknown,unresolved
2023-07-17,"David's Bridal, LLC (San Antonio Bexar County)",Bexar,Alamo WDA,2023-07-17,2023-07-17,San Antonio,0,0,1,0,1,25,DAVID S BRIDAL,1,200,238,2023,2023Q3,2023-07,2,Public_Nonprofit,stage1
2023-07-17,"David's Bridal, LLC (College Station)",Brazos,Brazos Valley WDA,2023-07-17,2023-07-17,College Station,0,0,1,0,1,14,DAVID S BRIDAL,1,10,14,2023,2023Q3,2023-07,2,Public_Nonprofit,stage1
2023-07-17,"David's Bridal, LLC (El Paso)",El Paso,Borderplexjobs WDA,2023-07-17,2023-07-17,El Paso,0,0,1,0,1,26,DAVID S BRIDAL,1,49,51,2023,2023Q3,2023-07,0,Unknown,unresolved
2023-07-17,"David's Bridal, LLC (Austin South)",Travis,Capital Area WDA,2023-07-17,2023-07-17,Austin,0,0,1,0,1,26,DAVID S BRIDAL,1,169,166,2023,2023Q3,2023-07,0,Unknown,unresolved
2023-07-17,"David's Bridal, LLC (Lubbock)",Lubbock,South Plains WDA,2023-07-17,2023-07-17,Lubbock,0,0,1,0,1,31,DAVID S BRIDAL,1,20,29,2023,2023Q3,2023-07,0,Unknown,unresolved
2023-07-05,S&B Industry Inc.,Tarrant,Tarrant County WDA,2023-07-21,2023-07-05,Fort Worth,0,0,1,16,1,115,S B INDUSTRY,0,207,213,2023,2023Q3,2023-07,0,Unknown,unresolved
2023-06-29,AAC Holding Corporation,Dallas,Dallas County WDA,2023-08-16,2023-06-29,Dallas,0,0,1,48,1,188,AAC HOLDING CORPORATION,0,330,325,2023,2023Q2,2023-06,0,Unknown,unresolved
2023-06-29,Management Training Corporation (Sanders Estes Unit),Johnson,North Central Texas WDA,2023-08-31,2023-06-29,Venus,0,0,1,63,0,120,MANAGEMENT TRAINING CORPORATION,1,13,185,2023,2023Q2,2023-06,6,Public_Nonprofit,ambiguous_resolved
2023-06-29,"Aramark Campus, LLC at New Braunfels ISD",Comal,Alamo WDA,2023-06-30,2023-06-29,New Braunfels,0,0,1,1,1,59,ARAMARK CAMPUS AT NEW BRAUNFELS ISD,0,11,238,2023,2023Q2,2023-06,6,Public_Nonprofit,ambiguous_resolved
2023-06-27,"Packers Sanitation Services, Inc. (PSSI) Center, Texas",Shelby,Deep East Texas WDA,2023-06-09,2023-06-27,Center,0,1,0,,,93,PACKERS SANITATION SERVICES CENTER TEXAS,0,2,12,2023,2023Q2,2023-06,0,Unknown,unresolved
2023-06-27,Management & Training Corporation (Cleveland TX),Liberty,Gulf Coast WDA,2023-08-31,2023-06-27,Cleveland,0,0,1,65,0,107,MANAGEMENT TRAINING CORPORATION,1,5,608,2023,2023Q2,2023-06,6,Public_Nonprofit,stage1
2023-06-27,"Federal Heath Sign Company, LLC",Tarrant,Tarrant County WDA,2023-09-01,2023-06-27,Euless,0,0,1,66,0,47,FEDERAL HEATH SIGN COMPANY,0,207,213,2023,2023Q2,2023-06,0,Unknown,unresolved
2023-06-27,Management & Training Corporation (MTC) - Diboll,Angelina,Deep East Texas WDA,2023-08-31,2023-06-27,Diboll,0,0,1,65,0,101,MANAGEMENT TRAINING CORPORATION - DIBOLL,0,5,12,2023,2023Q2,2023-06,6,Public_Nonprofit,stage1
2023-06-23,Cognizant Technology Solutions,Travis,Capital Area WDA,2023-08-20,2023-06-23,Austin,0,0,1,58,1,56,COGNIZANT TECHNOLOGY SOLUTIONS,1,169,166,2023,2023Q2,2023-06,6,Technology_IT,stage1
2023-06-15,Accenture Austin),Williamson,Rural Capital WDA,2023-08-14,2023-06-15,Austin,0,0,1,60,0,218,ACCENTURE AUSTIN),0,35,67,2023,2023Q2,2023-06,0,Unknown,unresolved
2023-06-15,"Neilsen and Bainbridge, LLC",Williamson,Rural Capital WDA,2023-05-23,2023-06-15,Austin,0,1,0,,,116,NEILSEN AND BAINBRIDGE,0,35,67,2023,2023Q2,2023-06,0,Unknown,unresolved
2023-06-15,Southeast Service Corporation (Bastrop Independent School District),Bastrop,Rural Capital WDA,2023-08-05,2023-06-15,Bastrop,0,0,1,51,1,91,SOUTHEAST SERVICE CORPORATION,0,3,67,2023,2023Q2,2023-06,8,Public_Nonprofit,stage1
2023-09-21,Owens-Brockway Glass Container Inc.,McLennan,Heart of Texas WDA,2023-10-16,2023-09-21,Waco,0,0,1,25,1,300,OWENS-BROCKWAY GLASS CONTAINER,1,24,34,2023,2023Q3,2023-09,2,Manufacturing,stage1
2023-09-19,Off Lease LLC,Harris,Gulf Coast WDA,2023-09-07,2023-09-19,Katy,0,1,0,,,103,OFF LEASE,0,429,608,2023,2023Q3,2023-09,0,Unknown,unresolved
2023-09-19,Compass United,Bexar,Alamo WDA,2023-10-29,2023-09-19,San Antonio,0,0,1,40,1,104,COMPASS UNITED,0,200,238,2023,2023Q3,2023-09,0,Unknown,unresolved
2023-09-18,Aramark @Trinity Mother Frances Hospital,Smith,East Texas WDA,2023-10-31,2023-09-18,Tyler,0,0,1,43,1,163,ARAMARK @TRINITY MOTHER FRANCES HOSPITAL,0,11,39,2023,2023Q3,2023-09,6,Healthcare,ambiguous_resolved
2023-09-18,Aramark Christus Children's Hospital,Bexar,Alamo WDA,2023-10-31,2023-09-18,San Antonio,0,0,1,43,1,71,ARAMARK CHRISTUS CHILDREN S HOSPITAL,0,200,238,2023,2023Q3,2023-09,6,Healthcare,ambiguous_resolved
2023-09-18,Aramark Christus Santa Rosa Westover Hills,Bexar,Alamo WDA,2023-10-31,2023-09-18,San Antonio,0,0,1,43,1,73,ARAMARK CHRISTUS SANTA ROSA WESTOVER HILLS,0,200,238,2023,2023Q3,2023-09,6,Staffing_Services,stage1
2023-09-18,Aramark Christus Hospital St.Elizabeth,Jefferson,South East Texas WDA,2023-10-31,2023-09-18,Beaumont,0,0,1,43,1,87,ARAMARK CHRISTUS HOSPITAL ST ELIZABETH,0,20,27,2023,2023Q3,2023-09,6,Healthcare,ambiguous_resolved
2023-09-18,Aramark Christus St. Michael HospitL,Bowie,North East Texas WDA,2023-10-31,2023-09-18,Texarkana,0,0,1,43,1,87,ARAMARK CHRISTUS ST MICHAEL HOSPITL,0,9,21,2023,2023Q3,2023-09,6,Staffing_Services,stage1
2023-09-18,Aramark Christus Spohn Shoreline,Nueces,Coastal Bend WDA,2023-10-31,2023-09-18,Corpus Christi,0,0,1,43,1,116,ARAMARK CHRISTUS SPOHN SHORELINE,0,20,26,2023,2023Q3,2023-09,6,Staffing_Services,stage1
2023-09-18,Aramark @ Christus Good Shepard Medical Center,Gregg,East Texas WDA,2023-10-31,2023-09-18,Longview,0,0,1,43,1,97,ARAMARK @ CHRISTUS GOOD SHEPARD MEDICAL CENTER,0,13,39,2023,2023Q3,2023-09,8,Healthcare,ambiguous_resolved
2023-09-12,Raytheon Technologies,Dallas,Dallas County WDA,2023-09-11,2023-09-12,Dallas,0,1,0,,,27,RAYTHEON TECHNOLOGIES,1,330,325,2023,2023Q3,2023-09,2,Technology_IT,stage1
2023-09-08,Watts Regulators Co.,Bexar,Alamo WDA,2023-11-06,2023-09-08,San Antonio,0,0,1,59,1,31,WATTS REGULATORS,0,200,238,2023,2023Q3,2023-09,0,Unknown,unresolved
2023-09-07,ED Tucker Powersports,Tarrant,Tarrant County WDA,2023-10-30,2023-09-07,Ft. Worth,0,0,1,53,1,165,ED TUCKER POWERSPORTS,0,207,213,2023,2023Q3,2023-09,2,Logistics_Transportation,ambiguous_resolved
2023-08-31,"GXO Logistics of Texas Supply Chain, Inc",Dallas,Dallas County WDA,2023-10-31,2023-08-31,Wilmer,0,0,1,61,0,92,GXO LOGISTICS OF TEXAS SUPPLY CHAIN,0,330,325,2023,2023Q3,2023-08,8,Logistics_Transportation,stage1
2023-08-29,Freedom Graphic Systems Inc.,Dallas,Dallas County WDA,2023-11-17,2023-08-29,Grand Prairie,0,0,1,80,0,59,FREEDOM GRAPHIC SYSTEMS,0,330,325,2023,2023Q3,2023-08,2,Technology_IT,stage1
2023-08-29,Holiday Inn Club Vacations-Pantego,Tarrant,Tarrant County WDA,2023-10-27,2023-08-29,Pantego,0,0,1,59,1,56,HOLIDAY INN CLUB VACATIONS-PANTEGO,1,207,213,2023,2023Q3,2023-08,6,Retail_Food,stage1
2023-08-25,Carling Technologies,Cameron,Cameron County WDA,2023-11-03,2023-08-25,Brownsville,0,0,1,70,0,83,CARLING TECHNOLOGIES,0,37,38,2023,2023Q3,2023-08,2,Technology_IT,stage1
2023-08-24,VSPOne Dallas,Denton,North Central Texas WDA,2023-10-26,2023-08-24,Lewisville,0,0,1,63,0,15,VSPONE DALLAS,1,56,185,2023,2023Q3,2023-08,0,Unknown,unresolved
2023-08-23,Harland Clarke Corp,Tarrant,Tarrant County WDA,2023-12-01,2023-08-23,Grapevine,0,0,1,100,0,130,HARLAND CLARKE,0,207,213,2023,2023Q3,2023-08,0,Unknown,unresolved
2023-08-23,CVS Health (Richardson),Dallas,Dallas County WDA,2023-10-21,2023-08-23,Richardson,0,0,1,59,1,167,CVS HEALTH,1,330,325,2023,2023Q3,2023-08,2,Healthcare,stage1
2023-08-18,"S&B Plant Services, LTD. (Deer Park)",Harris,Gulf Coast WDA,2023-10-02,2023-08-18,Deer Park,0,0,1,45,1,163,S B PLANT SERVICES,1,429,608,2023,2023Q3,2023-08,2,Manufacturing,stage1
2023-08-18,"S&B Plant Services, LTD (Pasadena)",Harris,Gulf Coast WDA,2023-10-02,2023-08-18,Pasadena,0,0,1,45,1,32,S B PLANT SERVICES,1,429,608,2023,2023Q3,2023-08,2,Manufacturing,stage1
2023-08-18,"S&B Plant Service, LTD (La Porte)",Harris,Gulf Coast WDA,2023-10-02,2023-08-18,La Porte,0,0,1,45,1,3,S B PLANT SERVICE,0,429,608,2023,2023Q3,2023-08,2,Manufacturing,ambiguous_resolved
2023-08-18,"Appfolio, Inc.",Dallas,Dallas County WDA,2023-11-15,2023-08-18,Richardson,0,0,1,89,0,38,APPFOLIO,0,330,325,2023,2023Q3,2023-08,0,Unknown,unresolved
2023-08-17,"Wayforth, LLC (Cedar Park)",Williamson,Rural Capital WDA,2023-08-18,2023-08-17,Cedar Park,0,0,1,1,1,10,WAYFORTH,1,35,67,2023,2023Q3,2023-08,0,Unknown,unresolved
2023-08-17,"Wayforth, LLC (Grapevine)",Tarrant,Tarrant County WDA,2023-08-18,2023-08-17,Grapevine,0,0,1,1,1,15,WAYFORTH,1,207,213,2023,2023Q3,2023-08,0,Unknown,unresolved
2023-08-17,"Wayforth, LLC (Houston)",Harris,Gulf Coast WDA,2023-08-18,2023-08-17,Houston,0,0,1,1,1,16,WAYFORTH,1,429,608,2023,2023Q3,2023-08,0,Unknown,unresolved
2023-11-08,CVS Health (Irving),Dallas,Dallas County WDA,2023-12-30,2023-11-08,Irving,0,0,1,52,1,2,CVS HEALTH,1,330,325,2023,2023Q4,2023-11,2,Healthcare,stage1
2023-11-08,Whole Food Market (Midtown Houston),Harris,Gulf Coast WDA,2023-12-05,2023-11-08,Houston,0,0,1,27,1,110,WHOLE FOOD MARKET,0,429,608,2023,2023Q4,2023-11,4,Retail_Food,stage1
2023-11-06,Walmart #1258,Tarrant,Tarrant County WDA,2023-02-09,2023-11-06,Fort Worth,0,1,0,,,363,WALMART 1258,1,207,213,2023,2023Q4,2023-11,6,Retail_Food,stage1
2023-11-06,Raytheon Technologies,Dallas,Dallas County WDA,2023-01-05,2023-11-06,Dallas,0,1,0,,,34,RAYTHEON TECHNOLOGIES,1,330,325,2023,2023Q4,2023-11,2,Technology_IT,stage1
2023-10-31,PVA Downtown,Bexar,Alamo WDA,2023-12-04,2023-10-31,San Antonio,0,0,1,34,1,20,PVA DOWNTOWN,0,200,238,2023,2023Q4,2023-10,0,Unknown,unresolved
2023-10-31,PVA Medical Center,Bexar,Alamo WDA,2023-12-04,2023-10-31,San Antonio,0,0,1,34,1,10,PVA MEDICAL CENTER,0,200,238,2023,2023Q4,2023-10,8,Healthcare,stage1
2023-10-31,Builders FirstSource (Grandview),Johnson,North Central Texas WDA,2023-12-30,2023-10-31,Grandview,0,0,1,60,0,76,BUILDERS FIRSTSOURCE,0,13,185,2023,2023Q4,2023-10,2,Construction_Real_Estate,stage1
2023-10-26,Cygnus Home Service LLC. (Abilene),Taylor,West Central WDA,2023-12-15,2023-10-26,Abilene,0,0,1,50,1,5,CYGNUS HOME SERVICE,1,4,10,2023,2023Q4,2023-10,6,Public_Nonprofit,ambiguous_resolved
2023-10-26,Cygnus Home Service LLC (Alvin),Brazoria,Gulf Coast WDA,2023-12-15,2023-10-26,Alvin,0,0,1,50,1,6,CYGNUS HOME SERVICE,1,13,608,2023,2023Q4,2023-10,6,Public_Nonprofit,ambiguous_resolved
2023-10-26,Cygnus Home Service LLC. (Conroe),Montgomery,Gulf Coast WDA,2023-12-15,2023-10-26,Conroe,0,0,1,50,1,9,CYGNUS HOME SERVICE,1,42,608,2023,2023Q4,2023-10,6,Public_Nonprofit,ambiguous_resolved
2023-10-26,Cygnus Home Service LLC. (Houston),Harris,Gulf Coast WDA,2023-12-15,2023-10-26,Houston,0,0,1,50,1,13,CYGNUS HOME SERVICE,1,429,608,2023,2023Q4,2023-10,6,Public_Nonprofit,ambiguous_resolved
2023-10-26,Cygnus Home Services LLC. (Lubbock),Lubbock,South Plains WDA,2023-12-15,2023-10-26,Lubbock,0,0,1,50,1,8,CYGNUS HOME SERVICES,1,20,29,2023,2023Q4,2023-10,6,Public_Nonprofit,ambiguous_resolved
2023-10-26,Cygnus Home Services LLC. (Mt. Pleasant),Titus,North East Texas WDA,2023-12-15,2023-10-26,Mt Pleasant,0,0,1,50,1,10,CYGNUS HOME SERVICES,1,1,21,2023,2023Q4,2023-10,6,Public_Nonprofit,ambiguous_resolved
2023-10-26,Cygnus Home Services LLC. (Nacogdoches),Nacogdoches,Deep East Texas WDA,2023-12-15,2023-10-26,Nacogdoches,0,0,1,50,1,8,CYGNUS HOME SERVICES,1,4,12,2023,2023Q4,2023-10,6,Public_Nonprofit,ambiguous_resolved
2023-10-26,Cygnus Home Services LLC. (Odessa),Ector,Permian Basin WDA,2023-10-26,2023-10-26,Odessa,0,0,1,0,1,8,CYGNUS HOME SERVICES,1,19,83,2023,2023Q4,2023-10,6,Public_Nonprofit,ambiguous_resolved
2023-10-26,Cygnus Home Services LLC. (Pampa),Gray,Panhandle WDA,2023-12-15,2023-10-26,Pampa,0,0,1,50,1,7,CYGNUS HOME SERVICES,1,2,22,2023,2023Q4,2023-10,6,Public_Nonprofit,ambiguous_resolved
2023-10-26,Cygnus Home Services LLC. (Round Rock),Williamson,Rural Capital WDA,2023-10-26,2023-10-26,Round Rock,0,0,1,0,1,11,CYGNUS HOME SERVICES,1,35,67,2023,2023Q4,2023-10,6,Public_Nonprofit,ambiguous_resolved
2023-10-26,Cygnus Home Services LLC. (San Angelo),Tom Green,Concho Valley WDA,2023-12-15,2023-10-26,San Angelo,0,0,1,50,1,5,CYGNUS HOME SERVICES,1,9,16,2023,2023Q4,2023-10,6,Public_Nonprofit,ambiguous_resolved
2023-10-26,Cygnus Home Services LLC. (Schertz),Bexar,Alamo WDA,2023-12-15,2023-10-26,Schertz,0,0,1,50,1,6,CYGNUS HOME SERVICES,1,200,238,2023,2023Q4,2023-10,6,Public_Nonprofit,ambiguous_resolved
2023-10-26,Cygnus Home Services LLC. (Sherman),Grayson,Texoma WDA,2023-12-15,2023-10-26,Sherman,0,0,1,50,1,7,CYGNUS HOME SERVICES,1,8,9,2023,2023Q4,2023-10,6,Public_Nonprofit,ambiguous_resolved
2023-10-26,Cygnus Home Services LLC. (Waco),McLennan,Heart of Texas WDA,2023-12-15,2023-10-26,Waco,0,0,1,50,1,6,CYGNUS HOME SERVICES,1,24,34,2023,2023Q4,2023-10,6,Public_Nonprofit,ambiguous_resolved
2023-10-25,MV-Transportation Austin (North Yard),Travis,Capital Area WDA,2023-12-31,2023-10-25,Austin,0,0,1,67,0,400,MV-TRANSPORTATION AUSTIN,0,169,166,2023,2023Q4,2023-10,4,Logistics_Transportation,stage1
2023-10-25,MV- Transportation Austin (South Yard),Travis,Capital Area WDA,2023-12-31,2023-10-25,Austin,0,0,1,67,0,778,MV- TRANSPORTATION AUSTIN,0,169,166,2023,2023Q4,2023-10,4,Logistics_Transportation,stage1
2023-10-23,"Ericsson, Inc.",Collin,North Central Texas WDA,2024-01-05,2023-10-23,Plano,0,0,1,74,0,6,ERICSSON,1,92,185,2023,2023Q4,2023-10,0,Unknown,unresolved
2023-10-23,XTO Energy Inc. (Tyler),Smith,East Texas WDA,2023-12-20,2023-10-23,Tyler,0,0,1,58,1,1,XTO ENERGY,1,11,39,2023,2023Q4,2023-10,2,Energy,stage1
2023-10-23,XTO Energy Inc. (Jewett #2),Leon,Brazos Valley WDA,2023-12-20,2023-10-23,Jewett,0,0,1,58,1,9,XTO ENERGY,1,2,14,2023,2023Q4,2023-10,2,Energy,stage1
2023-10-23,XTO Energy Inc. (Teague #2),Freestone,Heart of Texas WDA,2023-12-20,2023-10-23,Teague,0,0,1,58,1,11,XTO ENERGY,1,3,34,2023,2023Q4,2023-10,2,Energy,stage1
2023-10-23,XTO Energy Inc. (Donie #2),Freestone,Heart of Texas WDA,2023-12-20,2023-10-23,Donie,0,0,1,58,1,46,XTO ENERGY,1,3,34,2023,2023Q4,2023-10,2,Energy,stage1
2023-10-20,XTO Energy Inc. (Franklin),Robertson,Brazos Valley WDA,2023-12-20,2023-10-20,Franklin,0,0,1,61,0,15,XTO ENERGY,1,1,14,2023,2023Q4,2023-10,2,Energy,stage1
2023-10-20,XTO Energy Inc. (Jewett),Leon,Brazos Valley WDA,2023-12-20,2023-10-20,Jewett,0,0,1,61,0,18,XTO ENERGY,1,2,14,2023,2023Q4,2023-10,2,Energy,stage1
2023-10-20,XTO Energy Inc. (Donie),Freestone,Heart of Texas WDA,2023-12-20,2023-10-20,Donie,0,0,1,61,0,20,XTO ENERGY,1,3,34,2023,2023Q4,2023-10,2,Energy,stage1
2023-10-19,"GulfMark Energy, Inc.(Chico)",Wise,North Central Texas WDA,2023-11-01,2023-10-19,Chico,0,0,1,13,1,6,GULFMARK ENERGY,1,5,185,2023,2023Q4,2023-10,8,Energy,ambiguous_resolved
2023-10-19,"GulfMark Energy, Inc.(Electra)",Wichita,North Texas WDA,2023-11-01,2023-10-19,Electra,0,0,1,13,1,18,GULFMARK ENERGY,1,3,10,2023,2023Q4,2023-10,8,Energy,ambiguous_resolved
2023-10-19,"GulfMark Energy, Inc. (Bowie)",Montague,North Texas WDA,2023-11-01,2023-10-19,Bowie,0,0,1,13,1,15,GULFMARK ENERGY,1,1,10,2023,2023Q4,2023-10,8,Energy,ambiguous_resolved
2023-10-19,"GulfMark Energy, Inc.",Cooke,Texoma WDA,2023-11-01,2023-10-19,Gainesville,0,0,1,13,1,7,GULFMARK ENERGY,1,1,9,2023,2023Q4,2023-10,8,Energy,ambiguous_resolved
2023-10-18,Southwestern Health Resources,Dallas,Dallas County WDA,2023-12-31,2023-10-18,Farmers Branch,0,0,1,74,0,288,SOUTHWESTERN HEALTH RESOURCES,1,330,325,2023,2023Q4,2023-10,2,Healthcare,stage1
2023-10-12,LegalZoom.com,Williamson,Rural Capital WDA,2023-12-15,2023-10-12,Austin,0,0,1,64,0,122,LEGALZOOM COM,0,35,67,2023,2023Q4,2023-10,0,Unknown,unresolved
2023-10-10,"Mittera Group, Inc.",Dallas,Dallas County WDA,2023-12-09,2023-10-10,Carrollton,0,0,1,60,0,136,MITTERA GROUP,0,330,325,2023,2023Q4,2023-10,0,Unknown,unresolved
2023-10-10,Accenture LLP (Austin),Travis,Capital Area WDA,2023-12-08,2023-10-10,Austin,0,0,1,59,1,351,ACCENTURE,1,169,166,2023,2023Q4,2023-10,0,Unknown,unresolved
2023-10-09,"Reata Pharmaceuticals, Inc.(Legacy)",Collin,North Central Texas WDA,2023-11-27,2023-10-09,Plano,0,0,1,49,1,113,REATA PHARMACEUTICALS,0,92,185,2023,2023Q4,2023-10,2,Healthcare,stage1
2023-10-09,L3Harris Technologies,Rockwall,North Central Texas WDA,2023-11-30,2023-10-09,Rockwall,0,0,1,52,1,268,L3HARRIS TECHNOLOGIES,1,4,185,2023,2023Q4,2023-10,2,Technology_IT,stage1
2023-10-09,Fluor Enterprises-M&G Jumbo Project,Nueces,Coastal Bend WDA,2023-09-28,2023-10-09,Corpus Ch,0,1,0,,,66,FLUOR ENTERPRISES-M G JUMBO PROJECT,0,20,26,2023,2023Q4,2023-10,6,Construction_Real_Estate,stage1
2023-10-09,American Medical Response (Fort Worth#2),Tarrant,Tarrant County WDA,2023-09-03,2023-10-09,Fort Worth,0,1,0,,,156,AMERICAN MEDICAL RESPONSE,0,207,213,2023,2023Q4,2023-10,2,Healthcare,stage1
2023-10-09,Raytheon Technologies,Dallas,Dallas County WDA,2023-12-08,2023-10-09,Dallas,0,0,1,60,0,38,RAYTHEON TECHNOLOGIES,1,330,325,2023,2023Q4,2023-10,2,Technology_IT,stage1
2023-10-06,Invista-Nylon Chemicals Americas,Orange,South East Texas WDA,2023-10-27,2023-10-06,Orange,0,0,1,21,1,239,INVISTA-NYLON CHEMICALS AMERICAS,0,8,27,2023,2023Q4,2023-10,2,Manufacturing,stage1
2023-10-04,Parker Hannifan-HVAC Division,Dallas,Dallas County WDA,2023-12-02,2023-10-04,Mesquite,0,0,1,59,1,76,PARKER HANNIFAN-HVAC DIVISION,0,330,325,2023,2023Q4,2023-10,2,Construction_Real_Estate,stage1
2023-10-02,Stitch Fix,Dallas,,2023-12-01,2023-10-02,Dallas,0,0,1,60,0,558,STITCH FIX,0,330,,2023,2023Q4,2023-10,0,Unknown,unresolved
2023-12-04,Granite Peak Fabrication,Midland,Permian Basin WDA,2024-02-02,2023-12-04,Midland,0,0,1,60,0,89,GRANITE PEAK FABRICATION,0,37,83,2023,2023Q4,2023-12,12,Manufacturing,stage1
2023-12-04,DHL Supply Chain - Sugar Land,Fort Bend,Gulf Coast WDA,2024-01-31,2023-12-04,Sugar Land,0,0,1,58,1,10,DHL SUPPLY CHAIN - SUGAR LAND,1,88,608,2023,2023Q4,2023-12,2,Logistics_Transportation,stage1
2023-12-04,DHL Supply Chain - Missouri City,Fort Bend,Gulf Coast WDA,2023-12-04,2023-12-04,Missouri City,0,0,1,0,1,50,DHL SUPPLY CHAIN - MISSOURI CITY,1,88,608,2023,2023Q4,2023-12,2,Logistics_Transportation,ambiguous_resolved
2023-12-04,"Matheson Flight Extenders, Inc.",Tarrant,Tarrant County WDA,2024-01-31,2023-12-04,Grapevine,0,0,1,58,1,92,MATHESON FLIGHT EXTENDERS,0,207,213,2023,2023Q4,2023-12,0,Unknown,unresolved
2023-12-01,Vmware Inc. River Place),Travis,Capital Area WDA,2024-01-26,2023-12-01,Austin,0,0,1,56,1,577,VMWARE RIVER PLACE),0,169,166,2023,2023Q4,2023-12,0,Unknown,unresolved
2023-11-27,Bandier Texas LLC.,Dallas,Dallas County WDA,2023-11-22,2023-11-27,Dallas,0,1,0,,,9,BANDIER TEXAS,1,330,325,2023,2023Q4,2023-11,0,Unknown,unresolved
2023-11-27,Covenant Aviation Security(George Bush Airport),Harris,Gulf Coast WDA,2023-12-06,2023-11-27,Houston,0,0,1,9,1,64,COVENANT AVIATION SECURITY,1,429,608,2023,2023Q4,2023-11,10,Logistics_Transportation,stage1
2023-11-27,Covenant Aviation Security (Hobby Airport),Harris,Gulf Coast WDA,2023-12-06,2023-11-27,Houston,0,0,1,9,1,39,COVENANT AVIATION SECURITY,1,429,608,2023,2023Q4,2023-11,10,Logistics_Transportation,stage1
2023-11-27,Cognizant Technology Solutions (Riata),Travis,Capital Area WDA,2023-12-08,2023-11-27,Austin,0,0,1,11,1,65,COGNIZANT TECHNOLOGY SOLUTIONS,1,169,166,2023,2023Q4,2023-11,6,Technology_IT,stage1
2023-11-27,Bandier Texas LLC.,Dallas,Dallas County WDA,2023-11-22,2023-11-27,Dallas,0,1,0,,,9,BANDIER TEXAS,1,330,325,2023,2023Q4,2023-11,0,Unknown,unresolved
2023-11-13,ADT Solar (Dallas),Dallas,Dallas County WDA,2023-11-10,2023-11-13,Dallas,0,1,0,,,53,ADT SOLAR,0,330,325,2023,2023Q4,2023-11,2,Energy,stage1
2023-11-10,Hyliion Inc,Williamson,Rural Capital WDA,2023-11-08,2023-11-10,Cedar Park,0,1,0,,,150,HYLIION,0,35,67,2023,2023Q4,2023-11,0,Unknown,unresolved
2023-11-08,CVS Health (Richardson),Dallas,Dallas County WDA,2023-12-31,2023-11-08,Richardson,0,0,1,53,1,2,CVS HEALTH,1,330,325,2023,2023Q4,2023-11,2,Healthcare,stage1
2023-11-08,CMA CGM (America) LLC,Tarrant,Tarrant County WDA,2023-12-12,2023-11-08,Dallas,0,0,1,34,1,64,CMA CGM,0,207,213,2023,2023Q4,2023-11,0,Unknown,unresolved
2023-11-08,10 Roads Express LLC.,Tarrant,Tarrant County WDA,2023-10-16,2023-11-08,Fort Worth,0,1,0,,,66,10 ROADS EXPRESS,0,207,213,2023,2023Q4,2023-11,2,Logistics_Transportation,stage1
2024-01-16,"WWL Vehicle Services Americas, Inc.",Harris,Gulf Coast WDA,2024-03-18,2024-01-16,Houston,0,0,1,62,0,63,WWL VEHICLE SERVICES AMERICAS,0,429,608,2024,2024Q1,2024-01,0,Unknown,unresolved
2024-01-12,GDI Services - Coppell,Dallas,Dallas County WDA,2024-01-04,2024-01-12,Coppell,0,1,0,,,44,GDI SERVICES - COPPELL,0,330,325,2024,2024Q1,2024-01,0,Unknown,unresolved
2024-01-12,GDI Services Dallas,Dallas,Concho Valley WDA,2024-01-04,2024-01-12,Dallas,0,1,0,,,44,GDI SERVICES DALLAS,0,330,16,2024,2024Q1,2024-01,0,Unknown,unresolved
2024-01-12,Unity Technologies-Austin,Travis,Capital Area WDA,2024-01-09,2024-01-12,Austin,0,1,0,,,92,UNITY TECHNOLOGIES,0,169,166,2024,2024Q1,2024-01,2,Technology_IT,stage1
2024-01-09,"ABM Industries, Inc. Flowers Baking Company",Bexar,Alamo WDA,2024-03-02,2024-01-09,San Antonio,0,0,1,53,1,176,ABM INDUSTRIES FLOWERS BAKING COMPANY,0,200,238,2024,2024Q1,2024-01,6,Staffing_Services,stage1
2024-01-09,Tom Thumb Store #3854,Tarrant,Tarrant County WDA,2024-02-17,2024-01-09,Grapevine,0,0,1,39,1,71,TOM THUMB STORE 3854,0,207,213,2024,2024Q1,2024-01,8,Retail_Food,stage1
2024-01-08,Masonite Corporation (Greenville),Hunt,North Central Texas WDA,2023-12-06,2024-01-08,Greenville,0,1,0,,,75,MASONITE CORPORATION,0,4,185,2024,2024Q1,2024-01,6,Manufacturing,stage1
2024-01-08,"Packers Sanitation Services, Inc. (PSSI) Friona",Parmer,Panhandle WDA,2024-01-11,2024-01-08,Friona,0,0,1,3,1,103,PACKERS SANITATION SERVICES FRIONA,0,1,22,2024,2024Q1,2024-01,0,Unknown,unresolved
2024-01-05,Genpact US Services LLC,Collin,North Central Texas WDA,2024-02-28,2024-01-05,Richardson,0,0,1,54,1,365,GENPACT US SERVICES,0,92,185,2024,2024Q1,2024-01,0,Unknown,unresolved
2024-01-05,Technica Corporation,Bexar,Alamo WDA,2024-02-15,2024-01-05,San Antonio,0,0,1,41,1,60,TECHNICA CORPORATION,0,200,238,2024,2024Q1,2024-01,2,Technology_IT,stage1
2024-01-04,Randalls #2490,Travis,Capital Area WDA,2024-02-10,2024-01-04,Austin,0,0,1,37,1,76,RANDALLS 2490,0,169,166,2024,2024Q1,2024-01,6,Retail_Food,stage1
2023-12-18,Custom Ink,Denton,North Central Texas WDA,2023-12-15,2023-12-18,Flower Mound,0,1,0,,,256,CUSTOM INK,0,56,185,2023,2023Q4,2023-12,0,Unknown,unresolved
2023-12-11,The International Paper Company Sabine Railroad,Orange,South East Texas WDA,2024-02-06,2023-12-11,Orange,0,0,1,57,1,12,THE INTERNATIONAL PAPER COMPANY SABINE RAILROAD,0,8,27,2023,2023Q4,2023-12,2,Manufacturing,ambiguous_resolved
2023-12-07,Masonite Coorporation,Hunt,North Central Texas WDA,2023-12-06,2023-12-07,Greenville,0,1,0,,,75,MASONITE COORPORATION,0,4,185,2023,2023Q4,2023-12,6,Manufacturing,stage1
2024-02-15,NexTier Completion Solutions Inc. - San Angelo II,Tom Green,Concho Valley WDA,2024-04-17,2024-02-15,San Angelo,0,0,1,62,0,104,NEXTIER COMPLETION SOLUTIONS - SAN ANGELO II,0,9,16,2024,2024Q1,2024-02,8,Energy,stage1
2024-02-12,"WFS Express, Inc. Kelley Field",Bexar,Alamo WDA,2024-04-10,2024-02-12,San Antonio,0,0,1,58,1,65,WFS EXPRESS KELLEY FIELD,0,200,238,2024,2024Q1,2024-02,2,Logistics_Transportation,stage1
2024-02-02,Shearer's Foods LLC,Lubbock,South Plains WDA,2024-03-31,2024-02-02,Lubbock,0,0,1,58,1,176,SHEARER S FOODS,0,20,29,2024,2024Q1,2024-02,2,Retail_Food,stage1
2024-02-01,"Mattison Pathology, LLP dba Avero Diagnotics",Dallas,Dallas County WDA,2024-12-08,2024-02-01,Irving,0,0,1,311,0,103,MATTISON PATHOLOGY AVERO DIAGNOTICS,1,330,325,2024,2024Q1,2024-02,6,Healthcare,stage1
2024-01-30,American Airlines-SRO,Tarrant,Tarrant County WDA,2024-03-30,2024-01-30,Ft. Worth,0,0,1,60,0,321,AMERICAN AIRLINES-SRO,1,207,213,2024,2024Q1,2024-01,6,Logistics_Transportation,stage1
2024-01-25,Hollingsworth LLC,Tarrant,Tarrant County WDA,2024-03-31,2024-01-25,Fort Worth,0,0,1,66,0,153,HOLLINGSWORTH,0,207,213,2024,2024Q1,2024-01,0,Unknown,unresolved
2024-01-25,Vroom-Meadows Place #2,Fort Bend,Gulf Coast WDA,2024-03-23,2024-01-25,Stafford,0,0,1,58,1,54,VROOM-MEADOWS PLACE 2,0,88,608,2024,2024Q1,2024-01,0,Unknown,unresolved
2024-01-25,Vroom-Stafford,Harris,Gulf Coast WDA,2024-03-23,2024-01-25,Stafford,0,0,1,58,1,283,VROOM-STAFFORD,1,429,608,2024,2024Q1,2024-01,2,Retail_Food,stage1
2024-01-24,"Panera, LLC Fresh Dough Facility",Harris,Gulf Coast WDA,2024-03-24,2024-01-24,Houston,0,0,1,60,0,84,PANERA FRESH DOUGH FACILITY,0,429,608,2024,2024Q1,2024-01,0,Unknown,unresolved
2024-01-24,Longwood Elastomers,Washington,Brazos Valley WDA,2024-04-01,2024-01-24,Brenham,0,0,1,68,0,52,LONGWOOD ELASTOMERS,0,2,14,2024,2024Q1,2024-01,0,Unknown,unresolved
2024-01-23,Vroom-Sam Houston Parkway,Harris,Gulf Coast WDA,2024-03-23,2024-01-23,Houston,0,0,1,60,0,178,VROOM-SAM HOUSTON PARKWAY,0,429,608,2024,2024Q1,2024-01,0,Unknown,unresolved
2024-01-22,Horton Automatics,Nueces,Coastal Bend WDA,2024-03-18,2024-01-22,Corpus Christi,0,0,1,56,1,63,HORTON AUTOMATICS,0,20,26,2024,2024Q1,2024-01,0,Unknown,unresolved
2024-01-19,HMS Host-DFW Airport,Tarrant,Tarrant County WDA,2024-01-14,2024-01-19,Grapevine,0,1,0,,,334,HMS HOST,1,207,213,2024,2024Q1,2024-01,4,Logistics_Transportation,stage1
2024-01-18,Versum Materials US LLC,Travis,Capital Area WDA,2024-02-02,2024-01-18,Austin,0,0,1,15,1,51,VERSUM MATERIALS US,0,169,166,2024,2024Q1,2024-01,0,Unknown,unresolved
2024-01-17,Jumbo Beverages,Tarrant,Tarrant County WDA,2024-02-29,2024-01-17,Grapevine,0,0,1,43,1,109,JUMBO BEVERAGES,0,207,213,2024,2024Q1,2024-01,2,Manufacturing,stage1
2024-03-04,"Gulf Stevedoring Services, LLC",Galveston,Gulf Coast WDA,2024-04-30,2024-03-04,Galveston,0,0,1,57,1,29,GULF STEVEDORING SERVICES,0,9,608,2024,2024Q1,2024-03,0,Unknown,unresolved
2024-02-29,"Ironhorse Funding, LLC.",Dallas,Dallas County WDA,2024-03-08,2024-02-29,Irving,0,0,1,8,1,9,IRONHORSE FUNDING,0,330,325,2024,2024Q1,2024-02,2,Finance,stage1
2024-02-29,Denbury Inc,Collin,North Central Texas WDA,2024-04-30,2024-02-29,Plano,0,0,1,61,0,111,DENBURY,1,92,185,2024,2024Q1,2024-02,0,Unknown,unresolved
2024-02-27,Expedia Group Inc. (Austin),Travis,Capital Area WDA,2024-05-01,2024-02-27,Austin,0,0,1,64,0,64,EXPEDIA GROUP,1,169,166,2024,2024Q1,2024-02,6,Technology_IT,stage1
2024-02-26,Daifuku Services America Corp.,Dallas,Dallas County WDA,2024-04-22,2024-02-26,Carrollton,0,0,1,56,1,38,DAIFUKU SERVICES AMERICA,0,330,325,2024,2024Q1,2024-02,0,Unknown,unresolved
2024-02-26,Frontpoint LLC. (Primary Home Health Care),Tarrant,Tarrant County WDA,2024-03-11,2024-02-26,Arlington,0,0,1,14,1,53,FRONTPOINT,0,207,213,2024,2024Q1,2024-02,6,Healthcare,stage1
2024-02-23,Oldcastle Infrastructure,Tarrant,Tarrant County WDA,2024-04-22,2024-02-23,Kennedale,0,0,1,59,1,64,OLDCASTLE INFRASTRUCTURE,0,207,213,2024,2024Q1,2024-02,2,Construction_Real_Estate,stage1
2024-02-22,"Kasasa, LTD",Travis,Capital Area WDA,2024-02-21,2024-02-22,Austin,0,1,0,,,59,KASASA,0,169,166,2024,2024Q1,2024-02,0,Unknown,unresolved
2024-02-22,Rio Grande Valley Sugar Growers 2024,Cameron,Cameron County WDA,2024-04-29,2024-02-22,Santa Rosa,0,0,1,67,0,435,RIO GRANDE VALLEY SUGAR GROWERS 2024,0,37,38,2024,2024Q1,2024-02,0,Unknown,unresolved
2024-04-04,"Rooster Teeth Productions, LLC II",Travis,Capital Area WDA,2024-06-08,2024-04-04,Austin,0,0,1,65,0,6,ROOSTER TEETH PRODUCTIONS II,0,169,166,2024,2024Q2,2024-04,2,Energy,stage1
2024-04-03,"Nosco, Inc.",Dallas,Dallas County WDA,2024-06-02,2024-04-03,Carrollton,0,0,1,60,0,51,NOSCO,0,330,325,2024,2024Q2,2024-04,0,Unknown,unresolved
2024-03-28,Davies UC LLC,Travis,Capital Area WDA,2024-05-26,2024-03-28,Austin,0,0,1,59,1,3,DAVIES UC,0,169,166,2024,2024Q1,2024-03,0,Unknown,unresolved
2024-03-27,Kroger Fulfillment Network LLC-San Antonio,Bexar,Alamo WDA,2024-03-25,2024-03-27,San Antonio,0,1,0,,,73,KROGER FULFILLMENT NETWORK,1,200,238,2024,2024Q1,2024-03,6,Retail_Food,stage1
2024-03-26,Kroger Fulfillment Network LLC-Austin,Travis,Capital Area WDA,2024-05-25,2024-03-26,Austin,0,0,1,60,0,52,KROGER FULFILLMENT NETWORK,1,169,166,2024,2024Q1,2024-03,6,Retail_Food,stage1
2024-03-14,Signify North America Corporation - Genlyte Thomas LLC,Hays,Rural Capital WDA,2024-05-16,2024-03-14,San Marcos,0,0,1,63,0,109,SIGNIFY NORTH AMERICA CORPORATION - GENLYTE THOMAS,0,18,67,2024,2024Q1,2024-03,6,Manufacturing,stage1
2024-03-14,Stanley Black and Decker,Hidalgo,Lower Rio Grande Valley WDA,2024-05-10,2024-03-14,Mission,0,0,1,57,1,127,STANLEY BLACK AND DECKER,0,35,38,2024,2024Q1,2024-03,2,Manufacturing,stage1
2024-03-11,"Rooster Teeth Production, LLC",Travis,Rural Capital WDA,2024-05-11,2024-03-11,Austin,0,0,1,61,0,133,ROOSTER TEETH PRODUCTION,0,169,67,2024,2024Q1,2024-03,2,Energy,stage1
2024-03-08,"Tramontina USA, Inc.",Fort Bend,Gulf Coast WDA,2024-03-08,2024-03-08,Sugar Land,0,0,1,0,1,62,TRAMONTINA USA,1,88,608,2024,2024Q1,2024-03,6,Manufacturing,stage1
2024-03-06,Phoenix Assurance,Tarrant,Tarrant County WDA,2024-04-30,2024-03-06,Fort Worth,0,0,1,55,1,25,PHOENIX ASSURANCE,0,207,213,2024,2024Q1,2024-03,0,Unknown,unresolved
2024-03-06,Artic Slope Mission Services',El Paso,Borderplexjobs WDA,2024-03-06,2024-03-06,El Paso,0,0,1,0,1,70,ARTIC SLOPE MISSION SERVICES,0,49,51,2024,2024Q1,2024-03,2,Staffing_Services,stage1
2024-04-30,"Arnold Transportation Services, Inc",Dallas,Dallas County WDA,2024-04-30,2024-04-30,Grand Prairie,0,0,1,0,1,157,ARNOLD TRANSPORTATION SERVICES,0,330,325,2024,2024Q2,2024-04,4,Logistics_Transportation,stage1
2024-04-25,"Soil Organic, Inc.",Navarro,North Central Texas WDA,2024-09-13,2024-04-25,Rice,0,0,1,141,0,61,SOIL ORGANIC,0,2,185,2024,2024Q2,2024-04,2,Energy,stage1
2024-04-23,Tesla,Travis,Capital Area WDA,2024-04-19,2024-04-23,Austin,0,1,0,,,2688,TESLA,0,169,166,2024,2024Q2,2024-04,0,Unknown,unresolved
2024-04-23,Expedia Group Inc. (Austin),Travis,Capital Area WDA,2024-06-21,2024-04-23,Austin,0,0,1,59,1,84,EXPEDIA GROUP,1,169,166,2024,2024Q2,2024-04,6,Technology_IT,stage1
2024-04-17,Joyson Safety Systems,Bexar,Alamo WDA,2024-06-01,2024-04-17,San Antonio,0,0,1,45,1,108,JOYSON SAFETY SYSTEMS,0,200,238,2024,2024Q2,2024-04,2,Technology_IT,stage1
2024-04-16,Kohler Co.,Brown,West Central WDA,2024-06-14,2024-04-16,Brownwood,0,0,1,59,1,93,KOHLER,1,2,10,2024,2024Q2,2024-04,0,Unknown,unresolved
2024-06-04,Kaiser Aluminum - Sherman,Grayson,Texoma WDA,2024-07-11,2024-06-04,Sherman,0,0,1,37,1,75,KAISER ALUMINUM - SHERMAN,0,8,9,2024,2024Q2,2024-06,0,Unknown,unresolved
2024-06-04,99 Cents Only Store LLC (Waco),McLennan,Heart of Texas WDA,2024-06-03,2024-06-04,Waco,0,1,0,,,20,99 CENTS ONLY STORE,1,24,34,2024,2024Q2,2024-06,8,Retail_Food,stage1
2024-06-04,99 Cents Only Stores - Houston - 4,Harris,Gulf Coast WDA,2024-06-03,2024-06-04,Houston,0,1,0,,,20,99 CENTS ONLY STORES,1,429,608,2024,2024Q2,2024-06,8,Retail_Food,stage1
2024-06-04,99 Cents Only Stores - San Antonio,Bexar,Alamo WDA,2024-06-03,2024-06-04,San Antonio,0,1,0,,,20,99 CENTS ONLY STORES,1,200,238,2024,2024Q2,2024-06,8,Retail_Food,stage1
2024-06-04,99 Cents Only Store LLC (Pasadena),Harris,Gulf Coast WDA,2024-06-03,2024-06-04,Pasadena,0,1,0,,,20,99 CENTS ONLY STORE,1,429,608,2024,2024Q2,2024-06,8,Retail_Food,stage1
2024-06-04,99 Cents Only Store LLC (Mcallen),Hidalgo,Lower Rio Grande Valley WDA,2024-06-03,2024-06-04,McAllen,0,1,0,,,20,99 CENTS ONLY STORE,1,35,38,2024,2024Q2,2024-06,8,Retail_Food,stage1
2024-06-04,99 Cents Only Store LLC (Rosenberg),Fort Bend,Gulf Coast WDA,2024-06-03,2024-06-04,Rosenberg,0,1,0,,,20,99 CENTS ONLY STORE,1,88,608,2024,2024Q2,2024-06,8,Retail_Food,stage1
2024-06-04,99 Cents Only Store LLC (Walzem),Bexar,Alamo WDA,2024-06-03,2024-06-04,San Antonio,0,1,0,,,20,99 CENTS ONLY STORE,1,200,238,2024,2024Q2,2024-06,8,Retail_Food,stage1
2024-06-04,99 Cents Only Store LLC (Katy#2),Harris,Gulf Coast WDA,2024-06-03,2024-06-04,Katy,0,1,0,,,20,99 CENTS ONLY STORE,1,429,608,2024,2024Q2,2024-06,8,Retail_Food,stage1
2024-06-03,"Zachry Industrial, Inc. (Sabine Pass)",Jefferson,South East Texas WDA,2024-05-21,2024-06-03,Sabine Pass,0,1,0,,,4072,ZACHRY INDUSTRIAL,1,20,27,2024,2024Q2,2024-06,6,Construction_Real_Estate,stage1
2024-06-03,"Zachry Industrial, Inc.(Orange)",Orange,South East Texas WDA,2024-05-21,2024-06-03,Orange,0,1,0,,,16,ZACHRY INDUSTRIAL,1,8,27,2024,2024Q2,2024-06,6,Construction_Real_Estate,stage1
2024-06-03,"Zachry Industrial, Inc.(Beaumont)",Jefferson,South East Texas WDA,2024-05-21,2024-06-03,Beaumont,0,1,0,,,15,ZACHRY INDUSTRIAL,1,20,27,2024,2024Q2,2024-06,6,Construction_Real_Estate,stage1
2024-06-03,"Zachry Industrial, Inc. (Baytown)",Harris,Gulf Coast WDA,2024-05-21,2024-06-03,Baytown,0,1,0,,,307,ZACHRY INDUSTRIAL,1,429,608,2024,2024Q2,2024-06,6,Construction_Real_Estate,stage1
2024-06-03,99 Cents Only Store LLC. (Conroe),Montgomery,Gulf Coast WDA,2024-06-03,2024-06-03,Conroe,0,0,1,0,1,20,99 CENTS ONLY STORE,1,42,608,2024,2024Q2,2024-06,8,Retail_Food,stage1
2024-06-03,99 Cents Only Store LLC (El Paso),El Paso,Borderplexjobs WDA,2024-06-03,2024-06-03,El Paso,0,0,1,0,1,20,99 CENTS ONLY STORE,1,49,51,2024,2024Q2,2024-06,8,Retail_Food,stage1
2024-06-03,99 Cents Only Store LLC (Katy),Harris,Gulf Coast WDA,2024-06-03,2024-06-03,Katy,0,0,1,0,1,20,99 CENTS ONLY STORE,1,429,608,2024,2024Q2,2024-06,8,Retail_Food,stage1
2024-05-31,Southwest Airlines  (Terminal Rd),Harris,Gulf Coast WDA,2024-08-04,2024-05-31,Houston,0,0,1,65,0,97,SOUTHWEST AIRLINES,0,429,608,2024,2024Q2,2024-05,8,Logistics_Transportation,stage1
2024-05-30,Dallas Morning News North Plant,Collin,North Central Texas WDA,2025-01-01,2024-05-30,Plano,0,0,1,216,0,85,DALLAS MORNING NEWS NORTH PLANT,0,92,185,2024,2024Q2,2024-05,2,Manufacturing,stage1
2024-05-23,Unleashed Brands (Towson),Tarrant,Tarrant County WDA,2024-05-21,2024-05-23,Bedford,0,1,0,,,48,UNLEASHED BRANDS,0,207,213,2024,2024Q2,2024-05,0,Unknown,unresolved
2024-05-21,Walmart (Carrollton),Dallas,Dallas County WDA,2024-08-09,2024-05-21,Carrollton,0,0,1,80,0,206,WALMART,1,330,325,2024,2024Q2,2024-05,6,Retail_Food,stage1
2024-05-20,Walmart (Munger Blvd.),Dallas,,2024-08-09,2024-05-20,Dallas,0,0,1,81,0,1266,WALMART,1,330,,2024,2024Q2,2024-05,6,Retail_Food,stage1
2024-05-17,VSPOne Dallas,Denton,North Central Texas WDA,2024-07-18,2024-05-17,Lewisville,0,0,1,62,0,14,VSPONE DALLAS,1,56,185,2024,2024Q2,2024-05,0,Unknown,unresolved
2024-05-15,GoldStar Transit (Waco ISD),McLennan,Heart of Texas WDA,2024-06-01,2024-05-15,Waco,0,0,1,17,1,94,GOLDSTAR TRANSIT,1,24,34,2024,2024Q2,2024-05,6,Public_Nonprofit,stage1
2024-05-14,"Rarefied Atmosphere, Inc",Travis,Capital Area WDA,2024-07-12,2024-05-14,Austin,0,0,1,59,1,106,RAREFIED ATMOSPHERE,0,169,166,2024,2024Q2,2024-05,0,Unknown,unresolved
2024-05-07,"Arkane Studios, LLC.",Travis,Capital Area WDA,2024-07-06,2024-05-07,Austin,0,0,1,60,0,96,ARKANE STUDIOS,0,169,166,2024,2024Q2,2024-05,0,Unknown,unresolved
2024-05-03,Allied Universal Security Services (Wadsworth),Matagorda,Gulf Coast WDA,2024-06-03,2024-05-03,Wadsworth,0,0,1,31,1,173,ALLIED UNIVERSAL SECURITY SERVICES,1,3,608,2024,2024Q2,2024-05,6,Staffing_Services,stage1
2024-05-02,Denbury Inc.,Collin,North Central Texas WDA,2024-06-30,2024-05-02,Plano,0,0,1,59,1,3,DENBURY,1,92,185,2024,2024Q2,2024-05,0,Unknown,unresolved
2024-05-02,Baylor Scott & White Institute for Rehabilitation-Home Health,Denton,North Central Texas WDA,2024-06-30,2024-05-02,Flower Mound,0,0,1,59,1,81,BAYLOR SCOTT WHITE INSTITUTE FOR REHABILITATION-HOME HEALTH,0,56,185,2024,2024Q2,2024-05,8,Healthcare,stage1
2024-05-02,Select Specialty Hospital Longview-Select Medical Corporation,Gregg,East Texas WDA,2024-06-30,2024-05-02,Longview,0,0,1,59,1,94,SELECT SPECIALTY HOSPITAL LONGVIEW-SELECT MEDICAL CORPORATION,0,13,39,2024,2024Q2,2024-05,8,Healthcare,stage1
2024-05-02,TATA Consultancy Services Limited 2024,Dallas,Dallas County WDA,2024-05-06,2024-05-02,Irving,0,0,1,4,1,94,TATA CONSULTANCY SERVICES LIMITED 2024,1,330,325,2024,2024Q2,2024-05,0,Unknown,unresolved
2024-05-02,"Careismatic Brands, Inc.",Dallas,Dallas County WDA,2024-05-31,2024-05-02,Dallas,0,0,1,29,1,202,CAREISMATIC BRANDS,0,330,325,2024,2024Q2,2024-05,2,Healthcare,stage1
2024-05-02,Aramark Baylor (2100 River Street),McLennan,Heart of Texas WDA,2024-05-31,2024-05-02,Waco,0,0,1,29,1,64,ARAMARK BAYLOR,1,24,34,2024,2024Q2,2024-05,6,Staffing_Services,stage1
2024-05-02,Aramark Baylor(1919 S.First Street),McLennan,Heart of Texas WDA,2024-05-31,2024-05-02,Waco,0,0,1,29,1,691,ARAMARK BAYLOR,1,24,34,2024,2024Q2,2024-05,6,Staffing_Services,stage1
2024-05-02,GoldStar Transit(Robinson Independent School District),McLennan,Heart of Texas WDA,2024-06-01,2024-05-02,Robinson,0,0,1,30,1,500,GOLDSTAR TRANSIT,1,24,34,2024,2024Q2,2024-05,8,Public_Nonprofit,stage1
2024-05-02,TATA Consultancy Services Limited 2024(Austin),Williamson,Rural Capital WDA,2024-04-15,2024-05-02,Austin,0,1,0,,,21,TATA CONSULTANCY SERVICES LIMITED 2024,1,35,67,2024,2024Q2,2024-05,0,Unknown,unresolved
2024-05-02,E4D Technologies,Collin,North Central Texas WDA,2024-05-01,2024-05-02,Richardson,0,1,0,,,67,E4D TECHNOLOGIES,0,92,185,2024,2024Q2,2024-05,2,Technology_IT,stage1
2024-05-02,Westlake Royal Building Products,Dallas,Dallas County WDA,2024-05-04,2024-05-02,Carrollton,0,0,1,2,1,260,WESTLAKE ROYAL BUILDING PRODUCTS,0,330,325,2024,2024Q2,2024-05,0,Unknown,unresolved
2024-07-05,ShipBob Inc. (Grapevine),Dallas,Dallas County WDA,2024-09-19,2024-07-05,Grapevine,0,0,1,76,0,48,SHIPBOB,1,330,325,2024,2024Q3,2024-07,0,Unknown,unresolved
2024-07-05,ShipBob Inc. (Dallas Hub),Dallas,Dallas County WDA,2024-09-19,2024-07-05,Dallas,0,0,1,76,0,3,SHIPBOB,1,330,325,2024,2024Q3,2024-07,2,Logistics_Transportation,stage1
2024-07-03,"ISS Action, Inc.",Cameron,Cameron County WDA,2024-08-31,2024-07-03,Harlingen,0,0,1,59,1,197,ISS ACTION,0,37,38,2024,2024Q3,2024-07,2,Staffing_Services,stage1
2024-06-30,"Zachry Industrial, Inc. (Baytown) Updated",Chambers,Gulf Coast WDA,2024-08-31,2024-06-30,Baytown,0,0,1,62,0,28,ZACHRY INDUSTRIAL UPDATED,1,4,608,2024,2024Q2,2024-06,6,Construction_Real_Estate,stage1
2024-06-30,"Zachry Industrial, Inc. (Sabine Pass) Updated",Jefferson,South East Texas WDA,2024-08-31,2024-06-30,Sabine Pass,0,0,1,62,0,33,ZACHRY INDUSTRIAL UPDATED,1,20,27,2024,2024Q2,2024-06,6,Construction_Real_Estate,stage1
2024-06-30,"Zachry Industrial, Inc. (Orange) Updated",Orange,South East Texas WDA,2024-06-30,2024-06-30,Orange,0,0,1,0,1,32,ZACHRY INDUSTRIAL UPDATED,1,8,27,2024,2024Q2,2024-06,6,Construction_Real_Estate,stage1
2024-06-30,"Zachry Industrial, Inc. (Beaumont) Updated",Jefferson,South East Texas WDA,2024-08-31,2024-06-30,Beaumont,0,0,1,62,0,33,ZACHRY INDUSTRIAL UPDATED,1,20,27,2024,2024Q2,2024-06,6,Construction_Real_Estate,stage1
2024-06-27,New Options Sports,Dallas,Dallas County WDA,2024-08-26,2024-06-27,Farmers Branch,0,0,1,60,0,45,NEW OPTIONS SPORTS,0,330,325,2024,2024Q2,2024-06,2,Logistics_Transportation,stage1
2024-06-25,Southeast Service Corporation Services For Education,Kleberg,Coastal Bend WDA,2024-08-02,2024-06-25,Kingsville,0,0,1,38,1,95,SOUTHEAST SERVICE CORPORATION SERVICES FOR EDUCATION,1,1,26,2024,2024Q2,2024-06,2,Public_Nonprofit,stage1
2024-06-24,"Ardagh Glass Packaging, Inc.",Harris,Gulf Coast WDA,2024-07-01,2024-06-24,Houston,0,0,1,7,1,220,ARDAGH GLASS PACKAGING,0,429,608,2024,2024Q2,2024-06,2,Manufacturing,stage1
2024-06-20,HII Mission Technologies (HII Defense and Federal Solutions),Bexar,Alamo WDA,2024-07-31,2024-06-20,San Antonio,0,0,1,41,1,57,HII MISSION TECHNOLOGIES,1,200,238,2024,2024Q2,2024-06,4,Technology_IT,ambiguous_resolved
2024-06-17,Compass Group / Fresh & Ready Foods,Dallas,Dallas County WDA,2024-08-30,2024-06-17,Dallas,0,0,1,74,0,65,COMPASS GROUP / FRESH READY FOODS,1,330,325,2024,2024Q2,2024-06,6,Staffing_Services,stage1
2024-06-14,Charter Communications (Austin),Travis,Capital Area WDA,2024-08-15,2024-06-14,Austin,0,0,1,62,0,230,CHARTER COMMUNICATIONS,0,169,166,2024,2024Q2,2024-06,0,Unknown,unresolved
2024-06-14,CoreCivic (South Texas Family Residential Center),Frio,Alamo WDA,2024-08-13,2024-06-14,Dilley,0,0,1,60,0,433,CORECIVIC,0,6,238,2024,2024Q2,2024-06,2,Public_Nonprofit,stage1
2024-06-13,Target Hospitality (Dilley South Texas Family Residential Center),Frio,Alamo WDA,2024-08-12,2024-06-13,Dilley,0,0,1,60,0,95,TARGET HOSPITALITY,0,6,238,2024,2024Q2,2024-06,6,Healthcare,ambiguous_resolved
2024-06-12,Coach USA (Kerrvile Bus Company),Bexar,Alamo WDA,2024-09-03,2024-06-12,San Antonio,0,0,1,83,0,50,COACH USA,0,200,238,2024,2024Q2,2024-06,0,Unknown,unresolved
2024-06-11,Hunter Douglas Fabrication Company (Custom Brands Group) Updated,Collin,North Central Texas WDA,2024-09-13,2024-06-11,McKinney,0,0,1,94,0,53,HUNTER DOUGLAS FABRICATION COMPANY UPDATED,0,92,185,2024,2024Q2,2024-06,12,Manufacturing,stage1
2024-06-10,"Intrepid U.S.A., Inc.",Dallas,Dallas County WDA,2024-08-05,2024-06-10,Dallas,0,0,1,56,1,102,INTREPID U S A,0,330,325,2024,2024Q2,2024-06,2,Healthcare,stage1
2024-08-14,Conn's HomePlus (Grand Prairie),Dallas,Dallas County WDA,2024-10-07,2024-08-14,Grand Prairie,0,0,1,54,1,16,CONN S HOMEPLUS,0,330,325,2024,2024Q3,2024-08,0,Unknown,unresolved
2024-08-12,"Arbor E & T, LLC Equus Workforce Solutions San Marcos Office",Hays,Rural Capital WDA,2024-09-30,2024-08-12,San Marcos,0,0,1,49,1,17,ARBOR E T EQUUS WORKFORCE SOLUTIONS SAN MARCOS OFFICE,0,18,67,2024,2024Q3,2024-08,2,Technology_IT,stage1
2024-08-12,"Arbor E & T, LLC Equus Workforce Solutions Lockhart Office",Caldwell,Rural Capital WDA,2024-09-30,2024-08-12,Lockhart,0,0,1,49,1,3,ARBOR E T EQUUS WORKFORCE SOLUTIONS LOCKHART OFFICE,0,2,67,2024,2024Q3,2024-08,2,Technology_IT,stage1
2024-08-12,"Arbor E & T, LLC Equus Workforce Solutions Bastrop Office",Bastrop,Rural Capital WDA,2024-09-30,2024-08-12,Bastrop,0,0,1,49,1,8,ARBOR E T EQUUS WORKFORCE SOLUTIONS BASTROP OFFICE,0,3,67,2024,2024Q3,2024-08,2,Technology_IT,stage1
2024-08-12,"Arbor E & T, LLC Equus Workforce Solutions Giddings Office",Lee,Rural Capital WDA,2024-09-30,2024-08-12,Giddings,0,0,1,49,1,3,ARBOR E T EQUUS WORKFORCE SOLUTIONS GIDDINGS OFFICE,0,1,67,2024,2024Q3,2024-08,2,Technology_IT,stage1
2024-08-12,"Arbor E & T, LLC Equus Workforce Solutions La Grange Office",Fayette,Rural Capital WDA,2024-09-30,2024-08-12,La Grange,0,0,1,49,1,1,ARBOR E T EQUUS WORKFORCE SOLUTIONS LA GRANGE OFFICE,0,3,67,2024,2024Q3,2024-08,2,Technology_IT,stage1
2024-08-12,"Arbor E&T, LLC Equus Workforce Solutions Round Rock",Williamson,Rural Capital WDA,2024-09-30,2024-08-12,Round Rock,0,0,1,49,1,26,ARBOR E T EQUUS WORKFORCE SOLUTIONS ROUND ROCK,0,35,67,2024,2024Q3,2024-08,2,Technology_IT,stage1
2024-08-12,"Arbor E & T, LLC Equus Workforce Solutions Burnet",Burnet,Rural Capital WDA,2024-09-30,2024-08-12,Burnet,0,0,1,49,1,6,ARBOR E T EQUUS WORKFORCE SOLUTIONS BURNET,0,2,67,2024,2024Q3,2024-08,2,Technology_IT,stage1
2024-08-12,"Arbor E & T, LLC Equus Workforce Solutions Llano Satellite Office",Llano,Rural Capital WDA,2024-09-30,2024-08-12,Llano,0,0,1,49,1,1,ARBOR E T EQUUS WORKFORCE SOLUTIONS LLANO SATELLITE OFFICE,0,1,67,2024,2024Q3,2024-08,2,Technology_IT,stage1
2024-08-12,"Arbor E & T, LLC Equus Workforce Solutions Johnson City Satellite Office",Blanco,Rural Capital WDA,2024-09-30,2024-08-12,Johnson City,0,0,1,49,1,1,ARBOR E T EQUUS WORKFORCE SOLUTIONS JOHNSON CITY SATELLITE OFFICE,0,1,67,2024,2024Q3,2024-08,2,Technology_IT,ambiguous_resolved
2024-08-12,"Arbor E & T, LLC Equus Workforce Solutions Bartlett Satellite Office",Williamson,Rural Capital WDA,2024-09-30,2024-08-12,Bartlett,0,0,1,49,1,1,ARBOR E T EQUUS WORKFORCE SOLUTIONS BARTLETT SATELLITE OFFICE,0,35,67,2024,2024Q3,2024-08,2,Technology_IT,stage1
2024-08-12,"Arbor E & T, LLC Equus Workforce Solutions Taylor Satellite Office",Williamson,Rural Capital WDA,2024-09-30,2024-08-12,Taylor,0,0,1,49,1,1,ARBOR E T EQUUS WORKFORCE SOLUTIONS TAYLOR SATELLITE OFFICE,0,35,67,2024,2024Q3,2024-08,2,Technology_IT,stage1
2024-08-12,"INVISTA (Orange) Nylon Chemicals Americas, LLC",Orange,South East Texas WDA,2024-09-16,2024-08-12,Orange,0,0,1,35,1,75,INVISTA NYLON CHEMICALS AMERICAS,0,8,27,2024,2024Q3,2024-08,2,Manufacturing,stage1
2024-08-12,Landshark Bar & Grill,Bexar,Alamo WDA,2024-08-17,2024-08-12,San Antonio,0,0,1,5,1,18,LANDSHARK BAR GRILL,0,200,238,2024,2024Q3,2024-08,2,Retail_Food,stage1
2024-08-08,Seton Medical Center,Travis,Capital Area WDA,2024-10-01,2024-08-08,Austin,0,0,1,54,1,15,SETON MEDICAL CENTER,0,169,166,2024,2024Q3,2024-08,8,Healthcare,stage1
2024-08-08,Seton Medical Center Hays,Hays,Rural Capital WDA,2024-10-01,2024-08-08,Kyle,0,0,1,54,1,16,SETON MEDICAL CENTER HAYS,0,18,67,2024,2024Q3,2024-08,8,Healthcare,stage1
2024-08-08,Seton Highland Lakes Hospital,Burnet,Rural Capital WDA,2024-10-01,2024-08-08,Burnet,0,0,1,54,1,15,SETON HIGHLAND LAKES HOSPITAL,0,2,67,2024,2024Q3,2024-08,6,Healthcare,stage1
2024-08-08,Seton Northwest Hospital,Travis,Capital Area WDA,2024-10-01,2024-08-08,Austin,0,0,1,54,1,16,SETON NORTHWEST HOSPITAL,0,169,166,2024,2024Q3,2024-08,6,Healthcare,stage1
2024-08-08,Seton Medical Center Williams,Williamson,Rural Capital WDA,2024-10-01,2024-08-08,Round Rock,0,0,1,54,1,15,SETON MEDICAL CENTER WILLIAMS,0,35,67,2024,2024Q3,2024-08,8,Healthcare,stage1
2024-08-08,Seton Southwest Medical Center,Travis,Capital Area WDA,2024-10-01,2024-08-08,Austin,0,0,1,54,1,15,SETON SOUTHWEST MEDICAL CENTER,0,169,166,2024,2024Q3,2024-08,8,Healthcare,stage1
2024-08-08,Texas Children's Hosptal (Texas Medical Center),Harris,Gulf Coast WDA,2024-10-02,2024-08-08,Houston,0,0,1,55,1,997,TEXAS CHILDREN S HOSPTAL,0,429,608,2024,2024Q3,2024-08,8,Healthcare,stage1
2024-08-08,ABM Texas (TCC Northeast),Tarrant,Tarrant County WDA,2024-08-31,2024-08-08,Hurst,0,0,1,23,1,23,ABM TEXAS,1,207,213,2024,2024Q3,2024-08,6,Staffing_Services,stage1
2024-08-08,ABM Texas (TCC Northwest),Tarrant,Tarrant County WDA,2024-08-31,2024-08-08,Fort Worth,0,0,1,23,1,23,ABM TEXAS,1,207,213,2024,2024Q3,2024-08,6,Staffing_Services,stage1
2024-08-08,ABM Texas (TCC South),Tarrant,Tarrant County WDA,2024-08-31,2024-08-08,Fort Worth,0,0,1,23,1,23,ABM TEXAS,1,207,213,2024,2024Q3,2024-08,6,Staffing_Services,stage1
2024-08-08,ABM Texas (TCC Southeast),Tarrant,Tarrant County WDA,2024-08-31,2024-08-08,Arlington,0,0,1,23,1,23,ABM TEXAS,1,207,213,2024,2024Q3,2024-08,6,Staffing_Services,stage1
2024-08-08,ABM Texas (TCC Trinity),Tarrant,Tarrant County WDA,2024-08-31,2024-08-08,Fort Worth,0,0,1,23,1,23,ABM TEXAS,1,207,213,2024,2024Q3,2024-08,6,Staffing_Services,stage1
2024-08-07,Conn's Appliances (Beaumont Site),Jefferson,South East Texas WDA,2024-09-23,2024-08-07,Beaumont,0,0,1,47,1,32,CONN S APPLIANCES,1,20,27,2024,2024Q3,2024-08,0,Unknown,unresolved
2024-08-07,Conn's Appliances (Woodlands Site),Jefferson,Gulf Coast WDA,2024-09-23,2024-08-07,Beaumont,0,0,1,47,1,183,CONN S APPLIANCES,1,20,608,2024,2024Q3,2024-08,0,Unknown,unresolved
2024-08-07,Conn's Appliances (San Antonio),Bexar,Alamo WDA,2024-09-23,2024-08-07,San Antonio,0,0,1,47,1,36,CONN S APPLIANCES,1,200,238,2024,2024Q3,2024-08,0,Unknown,unresolved
2024-08-07,"Fleco Industries, LLC",Dallas,Dallas County WDA,2024-09-29,2024-08-07,Carrollton,0,0,1,53,1,174,FLECO INDUSTRIES,0,330,325,2024,2024Q3,2024-08,0,Unknown,unresolved
2024-08-07,The Gunter Hotel San Antonio,Bexar,Alamo WDA,2024-10-01,2024-08-07,San Antonio,0,0,1,55,1,75,THE GUNTER HOTEL SAN ANTONIO,0,200,238,2024,2024Q3,2024-08,6,Retail_Food,stage1
2024-08-06,MII Technologies (AOUSC),Bexar,Alamo WDA,2024-10-31,2024-08-06,San Antonio,0,0,1,86,0,57,MII TECHNOLOGIES,0,200,238,2024,2024Q3,2024-08,2,Technology_IT,stage1
2024-08-05,Exxon Mobil (Midland #1),Midland,Permian Basin WDA,2024-09-30,2024-08-05,Midland,0,0,1,56,1,1,EXXON MOBIL,1,37,83,2024,2024Q3,2024-08,12,Energy,stage1
2024-08-05,Exxon Mobil (Midland #2),Midland,Permian Basin WDA,2024-09-30,2024-08-05,Midland,0,0,1,56,1,7,EXXON MOBIL,1,37,83,2024,2024Q3,2024-08,12,Energy,stage1
2024-08-05,Exxon Mobil (Midland #3),Midland,Permian Basin WDA,2024-09-30,2024-08-05,Midland,0,0,1,56,1,10,EXXON MOBIL,1,37,83,2024,2024Q3,2024-08,12,Energy,stage1
2024-08-01,Exxon Mobile (Las Colinas Office),Dallas,Dallas County WDA,2024-09-30,2024-08-01,Irving,0,0,1,60,0,39,EXXON MOBILE,1,330,325,2024,2024Q3,2024-08,12,Energy,stage1
2024-08-01,Exxon Mobil (Big Lake),Reagan,Concho Valley WDA,2024-09-30,2024-08-01,Big Lake,0,0,1,60,0,2,EXXON MOBIL,1,4,16,2024,2024Q3,2024-08,12,Energy,stage1
2024-07-29,SunPower Corporation (Waterford),Travis,Capital Area WDA,2024-09-24,2024-07-29,Austin,0,0,1,57,1,6,SUNPOWER CORPORATION,0,169,166,2024,2024Q3,2024-07,2,Retail_Food,ambiguous_resolved
2024-07-26,"BIMBO Bakeries USA, Inc.",Bexar,Alamo WDA,2024-10-05,2024-07-26,San Antonio,0,0,1,71,0,138,BIMBO BAKERIES USA,0,200,238,2024,2024Q3,2024-07,0,Unknown,unresolved
2024-07-26,Holiday Inn Club Vacations Incorporated,Galveston,Gulf Coast WDA,2024-07-29,2024-07-26,Galveston,0,0,1,3,1,54,HOLIDAY INN CLUB VACATIONS INCORPORATED,0,9,608,2024,2024Q3,2024-07,6,Retail_Food,stage1
2024-07-25,"GEODIS Logistics, LLC (Casestack)",Tarrant,Tarrant County WDA,2024-09-17,2024-07-25,Grand Prairie,0,0,1,54,1,76,GEODIS LOGISTICS,0,207,213,2024,2024Q3,2024-07,6,Logistics_Transportation,stage1
2024-07-25,Quality Custom Distribution,Bexar,Alamo WDA,2024-09-27,2024-07-25,Schertz,0,0,1,64,0,57,QUALITY CUSTOM DISTRIBUTION,0,200,238,2024,2024Q3,2024-07,2,Logistics_Transportation,stage1
2024-07-23,Pitney Bowes Inc.(Austin),Travis,Capital Area WDA,2024-09-17,2024-07-23,Austin,0,0,1,56,1,12,PITNEY BOWES,1,169,166,2024,2024Q3,2024-07,2,Technology_IT,stage1
2024-07-23,Pitney Bowes Inc.(Irving),Dallas,Dallas County WDA,2024-09-17,2024-07-23,Irving,0,0,1,56,1,2,PITNEY BOWES,1,330,325,2024,2024Q3,2024-07,2,Technology_IT,stage1
2024-07-18,Master WoodCraft Cabinetry (Marshall),Harrison,East Texas WDA,2024-09-13,2024-07-18,Marshall,0,0,1,57,1,298,MASTER WOODCRAFT CABINETRY,1,2,39,2024,2024Q3,2024-07,0,Unknown,unresolved
2024-07-18,Master WoodCraft Cabinetry (Jefferson),Marion,East Texas WDA,2024-09-13,2024-07-18,Jefferson,0,0,1,57,1,76,MASTER WOODCRAFT CABINETRY,1,1,39,2024,2024Q3,2024-07,0,Unknown,unresolved
2024-07-18,Golden Pass LNG Export Terminal (Sunbelt Rentals),Jefferson,South East Texas WDA,2024-05-21,2024-07-18,Port Arthur,0,1,0,,,277,GOLDEN PASS LNG EXPORT TERMINAL,0,20,27,2024,2024Q3,2024-07,6,Energy,ambiguous_resolved
2024-07-18,"STG International, Inc.",Frio,Alamo WDA,2024-07-31,2024-07-18,Dilley,0,0,1,13,1,107,STG INTERNATIONAL,0,6,238,2024,2024Q3,2024-07,0,Unknown,unresolved
2024-07-17,DHL Supply Chain (Carrollton),Dallas,Dallas County WDA,2024-09-14,2024-07-17,Carrollton,0,0,1,59,1,104,DHL SUPPLY CHAIN,1,330,325,2024,2024Q3,2024-07,2,Logistics_Transportation,stage1
2024-07-17,"RXO Last Mile, Inc. (Greens Parkway)",Harris,Gulf Coast WDA,2024-09-16,2024-07-17,Houston,0,0,1,61,0,27,RXO LAST MILE,0,429,608,2024,2024Q3,2024-07,0,Unknown,unresolved
2024-07-17,Vectrus Systems Corporation(V2X) Sheppard Air Force Base,Archer,North Texas WDA,2024-09-30,2024-07-17,Wichita Falls,0,0,1,75,0,123,VECTRUS SYSTEMS CORPORATION SHEPPARD AIR FORCE BASE,0,5,10,2024,2024Q3,2024-07,2,Technology_IT,stage1
2024-09-16,Laboratory Corporation of America Holdings,Harris,Gulf Coast WDA,2024-11-22,2024-09-16,Houston,0,0,1,67,0,132,LABORATORY CORPORATION OF AMERICA HOLDINGS,0,429,608,2024,2024Q3,2024-09,2,Healthcare,stage1
2024-09-13,Compass Group / Fresh & Ready Foods,Dallas,Dallas County WDA,,2024-09-13,Dallas,0,0,0,,,,COMPASS GROUP / FRESH READY FOODS,1,330,325,2024,2024Q3,2024-09,6,Staffing_Services,stage1
2024-09-12,Southwest Key Program (Casa Trail House),El Paso,Borderplexjobs WDA,2024-11-09,2024-09-12,El Paso,0,0,1,58,1,666,SOUTHWEST KEY PROGRAM,0,49,51,2024,2024Q3,2024-09,2,Logistics_Transportation,stage1
2024-09-11,Southwestern Health Resources,Dallas,Dallas County WDA,2024-09-10,2024-09-11,Farmers Branch,0,1,0,,,129,SOUTHWESTERN HEALTH RESOURCES,1,330,325,2024,2024Q3,2024-09,2,Healthcare,stage1
2024-09-10,Management & Training Corp. - MTC Medical LLC  (Giles W. Dalby Facility),Garza,South Plains WDA,2024-09-30,2024-09-10,Post,0,0,1,20,1,218,MANAGEMENT TRAINING - MTC MEDICAL,1,2,29,2024,2024Q3,2024-09,6,Public_Nonprofit,stage1
2024-09-06,"Steward Medical Group, Inc.",Dallas,Dallas County WDA,2024-10-29,2024-09-06,Richardson,0,0,1,53,1,40,STEWARD MEDICAL GROUP,0,330,325,2024,2024Q3,2024-09,2,Healthcare,stage1
2024-09-04,Steward Health Care System,Bowie,North East Texas WDA,2024-11-02,2024-09-04,Texarkana,0,0,1,59,1,43,STEWARD HEALTH CARE SYSTEM,0,9,21,2024,2024Q3,2024-09,4,Healthcare,stage1
2024-09-04,"Basler Plastics, LLC",Hays,Rural Capital WDA,2024-12-31,2024-09-04,San Marcos,0,0,1,118,0,41,BASLER PLASTICS,0,18,67,2024,2024Q3,2024-09,2,Manufacturing,stage1
2024-08-30,"HCL America, Inc. (HCL Tech)",Collin,North Central Texas WDA,2024-11-01,2024-08-30,Frisco,0,0,1,63,0,43,HCL AMERICA,0,92,185,2024,2024Q3,2024-08,2,Technology_IT,stage1
2024-08-28,Signify North America Corporation-Genlyte Thomas LLC (Updated),Hays,Rural Capital WDA,2024-08-02,2024-08-28,San Marcos,0,1,0,,,109,SIGNIFY NORTH AMERICA CORPORATION-GENLYTE THOMAS,0,18,67,2024,2024Q3,2024-08,6,Manufacturing,stage1
2024-08-27,Callaway Golf Interactive Inc,Travis,Capital Area WDA,2024-10-28,2024-08-27,Austin,0,0,1,62,0,28,CALLAWAY GOLF INTERACTIVE,0,169,166,2024,2024Q3,2024-08,0,Unknown,unresolved
2024-08-21,VSPOne Dallas (VSP Optical Group),Denton,North Central Texas WDA,2024-10-18,2024-08-21,Lewisville,0,0,1,58,1,69,VSPONE DALLAS,1,56,185,2024,2024Q3,2024-08,2,Healthcare,stage1
2024-09-23,Cygnus Home Services LLC. (San Antonio) Yelloh,Bexar,Alamo WDA,2024-11-22,2024-09-23,San Antonio,0,0,1,60,0,11,CYGNUS HOME SERVICES YELLOH,1,200,238,2024,2024Q3,2024-09,6,Public_Nonprofit,ambiguous_resolved
2024-09-23,Cygnus Home Services LLC. (Lewisville) Yelloh,Denton,North Central Texas WDA,2024-11-22,2024-09-23,Lewisville,0,0,1,60,0,25,CYGNUS HOME SERVICES YELLOH,1,56,185,2024,2024Q3,2024-09,6,Public_Nonprofit,ambiguous_resolved
2024-09-19,Expedia Group Inc. (Austin),Travis,Capital Area WDA,2024-11-18,2024-09-19,Austin,0,0,1,60,0,57,EXPEDIA GROUP,1,169,166,2024,2024Q3,2024-09,6,Technology_IT,stage1
2024-11-12,Exxon Mobile (Las Colinas Office),Dallas,Dallas County WDA,2024-12-31,2024-11-12,Irving,0,0,1,49,1,376,EXXON MOBILE,1,330,325,2024,2024Q4,2024-11,12,Energy,stage1
2024-11-12,Kuehne + Nagel (KN),Denton,,2024-12-13,2024-11-12,Lewisville,0,0,1,31,1,68,KUEHNE + NAGEL,0,56,,2024,2024Q4,2024-11,0,Unknown,unresolved
2024-11-12,Exxon Mobil (Midland #1),Midland,Permian Basin WDA,2024-12-31,2024-11-12,Midland,0,0,1,49,1,9,EXXON MOBIL,1,37,83,2024,2024Q4,2024-11,12,Energy,stage1
2024-11-12,Exxon Mobil (Midland #3),Midland,Permian Basin WDA,2024-12-31,2024-11-12,Midland,0,0,1,49,1,9,EXXON MOBIL,1,37,83,2024,2024Q4,2024-11,12,Energy,stage1
2024-11-05,"WIT Services Co., LLC",Erath,North Central Texas WDA,2024-12-27,2024-11-05,Stephenville,0,0,1,52,1,15,WIT SERVICES,0,4,185,2024,2024Q4,2024-11,0,Unknown,unresolved
2024-11-05,"Paragon Industries, Inc.",Erath,North Central Texas WDA,2025-01-10,2024-11-05,Stephenville,0,0,1,66,0,70,PARAGON INDUSTRIES,0,4,185,2024,2024Q4,2024-11,0,Unknown,unresolved
2024-10-30,Alcom LLC,McLennan,Heart of Texas WDA,2024-12-16,2024-10-30,Waco,0,0,1,47,1,83,ALCOM,0,24,34,2024,2024Q4,2024-10,0,Unknown,unresolved
2024-10-29,DHL Supply Chain (Missouri City 2024),Fort Bend,Gulf Coast WDA,2025-01-13,2024-10-29,Missouri City,0,0,1,76,0,43,DHL SUPPLY CHAIN,1,88,608,2024,2024Q4,2024-10,2,Logistics_Transportation,ambiguous_resolved
2024-10-29,DHL Supply Chain (Sugar Land 2024),Fort Bend,Gulf Coast WDA,2025-01-13,2024-10-29,Sugar Land,0,0,1,76,0,10,DHL SUPPLY CHAIN,1,88,608,2024,2024Q4,2024-10,2,Logistics_Transportation,stage1
2024-10-29,Marathon Oil Corporation,Harris,Gulf Coast WDA,2024-05-28,2024-10-29,Houston,0,1,0,,,500,MARATHON OIL CORPORATION,0,429,608,2024,2024Q4,2024-10,2,Energy,stage1
2024-10-24,Sodexo (Alcon Labs),Tarrant,Tarrant County WDA,2024-12-24,2024-10-24,Fort Worth,0,0,1,61,0,70,SODEXO,1,207,213,2024,2024Q4,2024-10,6,Staffing_Services,stage1
2024-10-23,Wolfspeed,Dallas,Dallas County WDA,2024-11-23,2024-10-23,Farmers Branch,0,0,1,31,1,73,WOLFSPEED,0,330,325,2024,2024Q4,2024-10,0,Unknown,unresolved
2024-10-23,"True Value Company, L.L.C.",Navarro,North Central Texas WDA,2024-12-14,2024-10-23,Corsicana,0,0,1,52,1,107,TRUE VALUE COMPANY L L C,0,2,185,2024,2024Q4,2024-10,0,Unknown,unresolved
2024-10-22,DENNIS Uniform,Tarrant,Tarrant County WDA,2024-10-19,2024-10-22,Fort Worth,0,1,0,,,139,DENNIS UNIFORM,0,207,213,2024,2024Q4,2024-10,0,Unknown,unresolved
2024-10-16,Intel Corporation,Travis,Capital Area WDA,2024-11-15,2024-10-16,Austin,0,0,1,30,1,251,INTEL CORPORATION,1,169,166,2024,2024Q4,2024-10,0,Unknown,unresolved
2024-10-16,"National Fire & Safety, Inc",Dallas,Dallas County WDA,2024-12-16,2024-10-16,Dallas,0,0,1,61,0,99,NATIONAL FIRE SAFETY,0,330,325,2024,2024Q4,2024-10,0,Unknown,unresolved
2024-10-16,MP2 Energy LLC (Shell Energy),Harris,Gulf Coast WDA,2024-12-13,2024-10-16,Houston,0,0,1,58,1,103,MP2 ENERGY,0,429,608,2024,2024Q4,2024-10,2,Energy,stage1
2024-10-10,"Jabil, Inc.",Collin,North Central Texas WDA,2024-12-06,2024-10-10,Richardson,0,0,1,57,1,136,JABIL,0,92,185,2024,2024Q4,2024-10,0,Unknown,unresolved
2024-10-10,International Paper Company San Antonio,Bexar,Alamo WDA,2024-11-18,2024-10-10,San Antonio,0,0,1,39,1,89,INTERNATIONAL PAPER COMPANY SAN ANTONIO,0,200,238,2024,2024Q4,2024-10,2,Manufacturing,stage1
2024-12-11,"Get Fresh Produce, LLC",Harris,Gulf Coast WDA,2025-01-19,2024-12-11,Houston,0,0,1,39,1,44,GET FRESH PRODUCE,0,429,608,2024,2024Q4,2024-12,0,Unknown,unresolved
2024-12-11,United Language Group,Bexar,Alamo WDA,2025-02-07,2024-12-11,San Antonio,0,0,1,58,1,60,UNITED LANGUAGE GROUP,0,200,238,2024,2024Q4,2024-12,0,Unknown,unresolved
2024-12-11,DallasNews Corporation,Collin,North Central Texas WDA,2025-02-01,2024-12-11,Plano,0,0,1,52,1,75,DALLASNEWS CORPORATION,0,92,185,2024,2024Q4,2024-12,0,Unknown,unresolved
2024-12-04,TTEC Government Solutions,Travis,Capital Area WDA,2025-02-07,2024-12-04,Austin,0,0,1,65,0,650,TTEC GOVERNMENT SOLUTIONS,0,169,166,2024,2024Q4,2024-12,2,Technology_IT,ambiguous_resolved
2024-11-25,"SDH Service East, LLC",Bexar,Alamo WDA,2024-01-23,2024-11-25,San Antonio,0,1,0,,,166,SDH SERVICE EAST,0,200,238,2024,2024Q4,2024-11,0,Unknown,unresolved
2024-11-25,Exxon Mobil Corporation (Big Lake) #1,Reagan,Concho Valley WDA,2024-12-31,2024-11-25,Big Lake,0,0,1,36,1,1,EXXON MOBIL CORPORATION 1,0,4,16,2024,2024Q4,2024-11,12,Energy,stage1
2024-11-25,Exxon Mobil Corporation (Big Lake) #2,Reagan,Concho Valley WDA,2025-03-31,2024-11-25,Big Lake,0,0,1,126,0,2,EXXON MOBIL CORPORATION 2,0,4,16,2024,2024Q4,2024-11,12,Energy,stage1
2024-11-19,Advanced Auto Parts (Grand Prairie),Dallas,Dallas County WDA,2025-02-14,2024-11-19,Grand Prairie,0,0,1,87,0,10,ADVANCED AUTO PARTS,1,330,325,2024,2024Q4,2024-11,6,Manufacturing,stage1
2024-11-19,Advanced Auto Parts (Forest Hill),Tarrant,Tarrant County WDA,2025-02-11,2024-11-19,Forest Hill,0,0,1,84,0,9,ADVANCED AUTO PARTS,1,207,213,2024,2024Q4,2024-11,6,Manufacturing,stage1
2024-11-19,Advanced Auto Parts (Mccart Ave.),Tarrant,Tarrant County WDA,2025-02-11,2024-11-19,Fort Worth,0,0,1,84,0,9,ADVANCED AUTO PARTS,1,207,213,2024,2024Q4,2024-11,6,Manufacturing,stage1
2024-11-19,Advanced Auto Parts (Josey Ln),Dallas,Dallas County WDA,2025-02-10,2024-11-19,Dallas,0,0,1,83,0,10,ADVANCED AUTO PARTS,1,330,325,2024,2024Q4,2024-11,6,Manufacturing,stage1
2024-11-19,Advanced Auto Parts (Camp Bowie),Tarrant,Tarrant County WDA,2025-02-09,2024-11-19,Fort Worth,0,0,1,82,0,11,ADVANCED AUTO PARTS,1,207,213,2024,2024Q4,2024-11,6,Manufacturing,stage1
2024-11-19,Advanced Auto Parts (Carroll Avenue),Dallas,Dallas County WDA,2025-02-10,2024-11-19,Dallas,0,0,1,83,0,8,ADVANCED AUTO PARTS,1,330,325,2024,2024Q4,2024-11,6,Manufacturing,stage1
2024-11-19,Advanced Auto Parts #6855 (Pearland),Brazoria,Gulf Coast WDA,2025-02-15,2024-11-19,Pearland,0,0,1,88,0,10,ADVANCED AUTO PARTS 6855,0,13,608,2024,2024Q4,2024-11,6,Manufacturing,stage1
2024-11-19,Advanced Auto Parts (Garland),Dallas,Dallas County WDA,2025-02-12,2024-11-19,Garland,0,0,1,85,0,10,ADVANCED AUTO PARTS,1,330,325,2024,2024Q4,2024-11,6,Manufacturing,stage1
2024-11-19,Advanced Auto Parts # 8054 (Cypress),Harris,Gulf Coast WDA,2025-02-15,2024-11-19,Cypress,0,0,1,88,0,12,ADVANCED AUTO PARTS 8054,0,429,608,2024,2024Q4,2024-11,6,Manufacturing,stage1
2024-11-19,Advanced Auto Parts # 8169 (Houston),Harris,Gulf Coast WDA,2025-02-13,2024-11-19,Houston,0,0,1,86,0,8,ADVANCED AUTO PARTS 8169,0,429,608,2024,2024Q4,2024-11,6,Manufacturing,stage1
2024-11-19,Advanced Auto Parts # 7993 (Conroe),Montgomery,Gulf Coast WDA,2025-01-29,2024-11-19,Conroe,0,0,1,71,0,6,ADVANCED AUTO PARTS 7993,0,42,608,2024,2024Q4,2024-11,6,Manufacturing,stage1
2024-11-19,Advanced Auto Parts # 8046 (Spring),Montgomery,Gulf Coast WDA,2025-02-15,2024-11-19,Spring,0,0,1,88,0,11,ADVANCED AUTO PARTS 8046,0,42,608,2024,2024Q4,2024-11,6,Manufacturing,stage1
2024-11-19,Advanced Auto Parts # 8489 (Houston II),Harris,Gulf Coast WDA,2025-01-27,2024-11-19,Houston,0,0,1,69,0,7,ADVANCED AUTO PARTS 8489,0,429,608,2024,2024Q4,2024-11,6,Manufacturing,stage1
2024-11-18,Advanced Auto Parts# 7776 (Plano),Collin,North Central Texas WDA,2025-02-15,2024-11-18,Plano,0,0,1,89,0,12,ADVANCED AUTO PARTS 7776,0,92,185,2024,2024Q4,2024-11,6,Manufacturing,stage1
2024-11-18,Advanced Auto Parts #7912 (Plano),Collin,North Central Texas WDA,2025-02-12,2024-11-18,Plano,0,0,1,86,0,10,ADVANCED AUTO PARTS 7912,0,92,185,2024,2024Q4,2024-11,6,Manufacturing,stage1
2024-11-18,Advanced Auto Parts# 7734 (Burleson),Johnson,North Central Texas WDA,2024-02-12,2024-11-18,Burleson,0,1,0,,,1,ADVANCED AUTO PARTS 7734,0,13,185,2024,2024Q4,2024-11,6,Manufacturing,stage1
2025-01-15,Macy's - Houston (Almeda),Harris,Gulf Coast WDA,2025-03-18,2025-01-15,Houston,0,0,1,62,0,72,MACY S,0,429,608,2025,2025Q1,2025-01,6,Retail_Food,stage1
2025-01-14,RR Donnelley,Nacogdoches,Deep East Texas WDA,2025-03-15,2025-01-14,Nacogdoches,0,0,1,60,0,88,RR DONNELLEY,0,4,12,2025,2025Q1,2025-01,0,Unknown,unresolved
2025-01-14,"COSMAX NBT USA, INC #1",Dallas,Dallas County WDA,2025-02-28,2025-01-14,Garland,0,0,1,45,1,80,COSMAX NBT USA 1,1,330,325,2025,2025Q1,2025-01,0,Unknown,unresolved
2025-01-09,"Scentsy, Inc.",Dallas,Dallas County WDA,2025-03-01,2025-01-09,Coppell,0,0,1,51,1,94,SCENTSY,0,330,325,2025,2025Q1,2025-01,0,Unknown,unresolved
2025-01-08,Commanche Peak Nuclear Power Plant,Somervell,North Central Texas WDA,2025-01-31,2025-01-08,Glen Rose,0,0,1,23,1,86,COMMANCHE PEAK NUCLEAR POWER PLANT,0,3,185,2025,2025Q1,2025-01,2,Manufacturing,ambiguous_resolved
2025-01-08,Crothall Healthcare-Houston,Harris,Gulf Coast WDA,2024-12-15,2025-01-08,Houston,0,1,0,,,69,CROTHALL HEALTHCARE,0,429,608,2025,2025Q1,2025-01,4,Healthcare,stage1
2025-01-07,"ICON Technology, Inc.",Travis,Capital Area WDA,2025-03-08,2025-01-07,Austin,0,0,1,60,0,114,ICON TECHNOLOGY,0,169,166,2025,2025Q1,2025-01,4,Technology_IT,stage1
2024-12-27,"Tenneco, Inc.",El Paso,Borderplexjobs WDA,2025-02-15,2024-12-27,El Paso,0,0,1,50,1,140,TENNECO,0,49,51,2024,2024Q4,2024-12,0,Unknown,unresolved
2024-12-18,Stealth Monitoring,Collin,Dallas County WDA,2025-02-11,2024-12-18,Addison,0,0,1,55,1,29,STEALTH MONITORING,0,92,325,2024,2024Q4,2024-12,0,Unknown,unresolved
2025-02-11,Animal Supply Co. LLC,Tarrant,Tarrant County WDA,2025-02-21,2025-02-11,Grand Prairie,0,0,1,10,1,145,ANIMAL SUPPLY,0,207,213,2025,2025Q1,2025-02,0,Unknown,unresolved
2025-02-11,Catholic Charities of Dallas (Refuge Resettlement Program),Dallas,Dallas County WDA,2025-02-11,2025-02-11,Dallas,0,0,1,0,1,63,CATHOLIC CHARITIES OF DALLAS,0,330,325,2025,2025Q1,2025-02,6,Public_Nonprofit,stage1
2025-02-11,Propio Language Services,Bexar,Alamo WDA,2025-02-11,2025-02-11,San Antonio,0,0,1,0,1,40,PROPIO LANGUAGE SERVICES,0,200,238,2025,2025Q1,2025-02,4,Healthcare,stage1
2025-02-10,Catholic Charities Archdiocese Of Galveston-Houston (Louisiana Street),Harris,Gulf Coast WDA,2025-02-07,2025-02-10,Houston,0,1,0,,,11,CATHOLIC CHARITIES ARCHDIOCESE OF GALVESTON,1,429,608,2025,2025Q1,2025-02,6,Public_Nonprofit,stage1
2025-02-10,Catholic Charities Archdiocese Of Galveston-Houston (Smith Street),Harris,Gulf Coast WDA,2025-02-07,2025-02-10,Houston,0,1,0,,,43,CATHOLIC CHARITIES ARCHDIOCESE OF GALVESTON,1,429,608,2025,2025Q1,2025-02,6,Public_Nonprofit,stage1
2025-02-10,Catholic Charities Archdiocese Of Galveston-Houston (Bering Drive),Harris,Gulf Coast WDA,2025-02-07,2025-02-10,Houston,0,1,0,,,58,CATHOLIC CHARITIES ARCHDIOCESE OF GALVESTON,1,429,608,2025,2025Q1,2025-02,6,Public_Nonprofit,stage1
2025-02-10,Catholic Charities Archdiocese Of Galveston-Houston (San Felipe),Harris,Gulf Coast WDA,2025-02-07,2025-02-10,Houston,0,1,0,,,8,CATHOLIC CHARITIES ARCHDIOCESE OF GALVESTON,1,429,608,2025,2025Q1,2025-02,6,Public_Nonprofit,stage1
2025-02-05,Syzygy Plasmonics,Harris,Gulf Coast WDA,2025-03-31,2025-02-05,Houston,0,0,1,54,1,58,SYZYGY PLASMONICS,1,429,608,2025,2025Q1,2025-02,0,Unknown,unresolved
2025-02-05,Syzygy Plasmonics (Kirby),Harris,Gulf Coast WDA,2025-03-31,2025-02-05,Houston,0,0,1,54,1,10,SYZYGY PLASMONICS,1,429,608,2025,2025Q1,2025-02,0,Unknown,unresolved
2025-02-05,"LX Pantos America, Inc.",Tarrant,Tarrant County WDA,2025-04-04,2025-02-05,Fort Worth,0,0,1,58,1,131,LX PANTOS AMERICA,0,207,213,2025,2025Q1,2025-02,0,Unknown,unresolved
2025-02-05,Pathlight Property Management (OPVHHJV LLC),Collin,North Central Texas WDA,2025-03-31,2025-02-05,Plano,0,0,1,54,1,192,PATHLIGHT PROPERTY MANAGEMENT,0,92,185,2025,2025Q1,2025-02,2,Construction_Real_Estate,stage1
2025-02-05,Hll Mission Technologies(Administrative Office of the US Courts (AOUSC),Bexar,Alamo WDA,2025-03-31,2025-02-05,San Antonio,0,0,1,54,1,56,HLL MISSION TECHNOLOGIES,0,200,238,2025,2025Q1,2025-02,2,Technology_IT,ambiguous_resolved
2025-01-30,One TouchPoint,Travis,Capital Area WDA,2025-01-31,2025-01-30,Austin,0,0,1,1,1,43,ONE TOUCHPOINT,0,169,166,2025,2025Q1,2025-01,0,Unknown,unresolved
2025-01-29,S & B Engineers and Constructors (Eastman),Gregg,East Texas WDA,2025-03-28,2025-01-29,Longview,0,0,1,58,1,43,S B ENGINEERS AND CONSTRUCTORS,0,13,39,2025,2025Q1,2025-01,2,Construction_Real_Estate,stage1
2025-01-29,Allied Aviation-Southlake,Tarrant,Tarrant County WDA,2025-03-31,2025-01-29,Southlake,0,0,1,61,0,362,ALLIED AVIATION,1,207,213,2025,2025Q1,2025-01,6,Logistics_Transportation,stage1
2025-01-29,Manpower Group (Irving),Dallas,Dallas County WDA,2025-03-28,2025-01-29,Irving,0,0,1,58,1,173,MANPOWER GROUP,0,330,325,2025,2025Q1,2025-01,2,Energy,ambiguous_resolved
2025-01-27,"Construction Specialties Platforn Holdings, LLC",Denton,North Central Texas WDA,2025-03-31,2025-01-27,Denton,0,0,1,63,0,89,CONSTRUCTION SPECIALTIES PLATFORN HOLDINGS,0,56,185,2025,2025Q1,2025-01,6,Construction_Real_Estate,stage1
2025-01-21,"Chalk Mountain Services of Texas of Texas, LLC (Pleasanton)",Atascosa,Alamo WDA,2025-02-02,2025-01-21,Pleasanton,0,0,1,12,1,1,CHALK MOUNTAIN SERVICES OF TEXAS OF TEXAS,0,8,238,2025,2025Q1,2025-01,6,Energy,stage1
2025-03-12,Grocery Delivery E Services USA DBA Hello Fresh (Tarrant),Tarrant,Tarrant County WDA,2025-05-13,2025-03-12,Grand Prairie,0,0,1,62,0,273,GROCERY DELIVERY E SERVICES USA HELLO FRESH,0,207,213,2025,2025Q1,2025-03,8,Retail_Food,stage1
2025-03-12,Constellis LLC (Laredo Border Station),Webb,South Texas WDA,2025-03-07,2025-03-12,Laredo,0,1,0,,,121,CONSTELLIS,1,17,17,2025,2025Q1,2025-03,0,Unknown,unresolved
2025-03-12,Constellis LLC (Laredo #2),Webb,South Texas WDA,2025-03-07,2025-03-12,Laredo,0,1,0,,,30,CONSTELLIS,1,17,17,2025,2025Q1,2025-03,0,Unknown,unresolved
2025-03-12,Chewy Inc. Fullfillment Center,Dallas,Dallas County WDA,2025-05-10,2025-03-12,Dallas,0,0,1,59,1,674,CHEWY FULLFILLMENT CENTER,0,330,325,2025,2025Q1,2025-03,0,Unknown,unresolved
2025-03-12,"De La Paz Cleaning and Rental Services, LLC (Laredo)",Webb,South Texas WDA,2025-03-07,2025-03-12,Laredo,0,1,0,,,142,DE LA PAZ CLEANING AND RENTAL SERVICES,1,17,17,2025,2025Q1,2025-03,0,Unknown,unresolved
2025-03-12,Country Pure Foods,Harris,Gulf Coast WDA,2025-05-09,2025-03-12,Houston,0,0,1,58,1,60,COUNTRY PURE FOODS,0,429,608,2025,2025Q1,2025-03,2,Retail_Food,stage1
2025-03-11,Interfaith Ministries Of Greater Houston (Refugee Services Program),Harris,Gulf Coast WDA,2025-03-14,2025-03-11,Houston,0,0,1,3,1,101,INTERFAITH MINISTRIES OF GREATER HOUSTON,0,429,608,2025,2025Q1,2025-03,2,Public_Nonprofit,stage1
2025-03-11,"De La Paz Cleaning and Rental Services, LLC (North Eagle Pass)",Maverick,Middle Rio Grande WDA,2025-03-03,2025-03-11,Eagle Pass,0,1,0,,,60,DE LA PAZ CLEANING AND RENTAL SERVICES,1,7,15,2025,2025Q1,2025-03,0,Unknown,unresolved
2025-03-11,"De La Paz Cleaning and Rental Services, LLC (Donna)",Hidalgo,Lower Rio Grande Valley WDA,2025-03-07,2025-03-11,Donna,0,1,0,,,125,DE LA PAZ CLEANING AND RENTAL SERVICES,1,35,38,2025,2025Q1,2025-03,0,Unknown,unresolved
2025-03-11,"Centerra (Constellis, LLC)",Hidalgo,Lower Rio Grande Valley WDA,2025-03-07,2025-03-11,McAllen,0,1,0,,,23,CENTERRA,0,35,38,2025,2025Q1,2025-03,0,Unknown,unresolved
2025-03-10,"Catholic Charities, Diocese of Fort Worth, INC",Tarrant,Tarrant County WDA,2025-03-14,2025-03-10,Fort Worth,0,0,1,4,1,169,CATHOLIC CHARITIES DIOCESE OF FORT WORTH,0,207,213,2025,2025Q1,2025-03,6,Public_Nonprofit,stage1
2025-03-06,Ryder -Hutchins,Dallas,Dallas County WDA,2025-05-10,2025-03-06,Hutchins,0,0,1,65,0,110,RYDER -HUTCHINS,0,330,325,2025,2025Q1,2025-03,0,Unknown,unresolved
2025-03-06,"Hatco, Inc",Gregg,East Texas WDA,2025-02-27,2025-03-06,Longview,0,1,0,,,68,HATCO,0,13,39,2025,2025Q1,2025-03,0,Unknown,unresolved
2025-03-05,Pure Safety Group Inc. DBA Guardian Fall,Harris,Gulf Coast WDA,2025-03-20,2025-03-05,Houston,0,0,1,15,1,59,PURE SAFETY GROUP GUARDIAN FALL,0,429,608,2025,2025Q1,2025-03,0,Unknown,unresolved
2025-03-05,"LUKE Holdings, Inc. (Del Rio)",Val Verde,Middle Rio Grande WDA,2025-02-28,2025-03-05,Del Rio,0,1,0,,,36,LUKE HOLDINGS,1,2,15,2025,2025Q1,2025-03,0,Unknown,unresolved
2025-03-05,"LUKE Holdings, Inc. (Donna)",Hidalgo,Lower Rio Grande Valley WDA,2025-02-28,2025-03-05,Donna,0,1,0,,,201,LUKE HOLDINGS,1,35,38,2025,2025Q1,2025-03,0,Unknown,unresolved
2025-03-05,"LUKE Holdings, Inc (Eagle Pass)",Maverick,Middle Rio Grande WDA,2025-02-28,2025-03-05,Eagle Pass,0,1,0,,,129,LUKE HOLDINGS,1,7,15,2025,2025Q1,2025-03,0,Unknown,unresolved
2025-03-03,JELD -WEN -Coppell,Dallas,Dallas County WDA,2025-04-28,2025-03-03,Coppell,0,0,1,56,1,56,JELD -WEN -COPPELL,0,330,325,2025,2025Q1,2025-03,0,Unknown,unresolved
2025-03-03,"LUKE Holdings, Inc.(Laredo)",Webb,South Texas WDA,2025-02-28,2025-03-03,Laredo,0,1,0,,,73,LUKE HOLDINGS,1,17,17,2025,2025Q1,2025-03,0,Unknown,unresolved
2025-03-03,"LUKE Holdings, Inc. (El Paso)",El Paso,Borderplexjobs WDA,2025-02-28,2025-03-03,El Paso,0,1,0,,,227,LUKE HOLDINGS,1,49,51,2025,2025Q1,2025-03,0,Unknown,unresolved
2025-02-26,MVM,El Paso,Borderplexjobs WDA,2025-03-18,2025-02-26,El Paso,0,0,1,20,1,247,MVM,1,49,51,2025,2025Q1,2025-02,0,Unknown,unresolved
2025-02-26,"MVM, Inc. (McAllen)",Hidalgo,Lower Rio Grande Valley WDA,2025-03-18,2025-02-26,McAllen,0,0,1,20,1,132,MVM,1,35,38,2025,2025Q1,2025-02,0,Unknown,unresolved
2025-02-25,Houston Refining LP (2025),Harris,Gulf Coast WDA,2025-04-17,2025-02-25,Houston,0,0,1,51,1,345,HOUSTON REFINING,0,429,608,2025,2025Q1,2025-02,6,Energy,stage1
2025-02-24,Christus Health Santa Rosa Medical Center,Bexar,Alamo WDA,2025-04-25,2025-02-24,San Antonio,0,0,1,60,0,479,CHRISTUS HEALTH SANTA ROSA MEDICAL CENTER,0,200,238,2025,2025Q1,2025-02,10,Healthcare,stage1
2025-02-24,L3Harris Technologies (JAVA MAN Program),Rockwall,North Central Texas WDA,2025-04-22,2025-02-24,Rockwall,0,0,1,57,1,179,L3HARRIS TECHNOLOGIES,1,4,185,2025,2025Q1,2025-02,2,Technology_IT,stage1
2025-02-19,Southwest - Dallas Lovefield Airport,Dallas,Dallas County WDA,2025-04-22,2025-02-19,Dallas,0,0,1,62,0,626,SOUTHWEST,1,330,325,2025,2025Q1,2025-02,4,Logistics_Transportation,stage1
2025-02-19,Neiman Marcus-One Marcus Square,Dallas,Dallas County WDA,2025-03-31,2025-02-19,Dallas,0,0,1,40,1,1,NEIMAN MARCUS-ONE MARCUS SQUARE,0,330,325,2025,2025Q1,2025-02,0,Unknown,unresolved
2025-02-18,Raices,Bexar,Alamo WDA,2025-02-12,2025-02-18,San Antonio,0,1,0,,,61,RAICES,1,200,238,2025,2025Q1,2025-02,0,Unknown,unresolved
2025-04-23,"Graphic Solutions, Inc. (Spring Valley)",Dallas,Dallas County WDA,2025-06-13,2025-04-23,Dallas,0,0,1,51,1,64,GRAPHIC SOLUTIONS,1,330,325,2025,2025Q2,2025-04,2,Technology_IT,stage1
2025-04-23,"Graphic Solutions, Inc (Welch Rd)",Dallas,Dallas County WDA,2025-06-13,2025-04-23,Dallas,0,0,1,51,1,2,GRAPHIC SOLUTIONS,1,330,325,2025,2025Q2,2025-04,2,Technology_IT,stage1
2025-04-23,Graphic Solutuions Inc. (Farmers Branch),Dallas,Dallas County WDA,2025-06-13,2025-04-23,Farmers Branch,0,0,1,51,1,5,GRAPHIC SOLUTUIONS,0,330,325,2025,2025Q2,2025-04,0,Unknown,unresolved
2025-04-16,MedStar Mobile Healthcare,Tarrant,Tarrant County WDA,2025-07-01,2025-04-16,Fort Worth,0,0,1,76,0,589,MEDSTAR MOBILE HEALTHCARE,0,207,213,2025,2025Q2,2025-04,6,Energy,ambiguous_resolved
2025-04-16,Virtex Enterprises LP,Travis,Capital Area WDA,2025-06-14,2025-04-16,Austin,0,0,1,59,1,84,VIRTEX ENTERPRISES,0,169,166,2025,2025Q2,2025-04,0,Unknown,unresolved
2025-04-08,Catholic Charities Archdiocese Of Galveston-Houston (Cabrini CFLA)San Felipe,Harris,Gulf Coast WDA,2025-03-31,2025-04-08,Houston,0,1,0,,,36,CATHOLIC CHARITIES ARCHDIOCESE OF GALVESTON,1,429,608,2025,2025Q2,2025-04,6,Public_Nonprofit,stage1
2025-04-08,Catholic Charities Archdiocese Of Galveston-Houston (Cabrini CFLA)Louisiana Street,Harris,Gulf Coast WDA,,2025-04-08,Houston,0,0,0,,,6,CATHOLIC CHARITIES ARCHDIOCESE OF GALVESTON,1,429,608,2025,2025Q2,2025-04,6,Public_Nonprofit,stage1
2025-04-08,Catholic Charities Archdiocese Of Galveston-Houston (Cabrini CFLA)Collins Road,Fort Bend,Gulf Coast WDA,2025-03-31,2025-04-08,Richmond,0,1,0,,,2,CATHOLIC CHARITIES ARCHDIOCESE OF GALVESTON,1,88,608,2025,2025Q2,2025-04,6,Public_Nonprofit,stage1
2025-04-08,Catholic Charities Archdiocese Of Galveston-Houston (Cabrini CFLA)South Loop West,Harris,Gulf Coast WDA,2025-03-31,2025-04-08,Houston,0,1,0,,,1,CATHOLIC CHARITIES ARCHDIOCESE OF GALVESTON,1,429,608,2025,2025Q2,2025-04,6,Public_Nonprofit,stage1
2025-04-08,US Cellular Corporation,Archer,Heart of Texas WDA,2025-06-02,2025-04-08,Wichita Falls,0,0,1,55,1,1,US CELLULAR CORPORATION,0,5,34,2025,2025Q2,2025-04,0,Unknown,unresolved
2025-04-08,"Movate, Inc.",Bell,North Central Texas WDA,2025-05-31,2025-04-08,Temple,0,0,1,53,1,51,MOVATE,1,14,185,2025,2025Q2,2025-04,0,Unknown,unresolved
2025-04-08,Raices (April 2025),Bexar,Alamo WDA,2025-04-02,2025-04-08,San Antonio,0,1,0,,,159,RAICES,1,200,238,2025,2025Q2,2025-04,0,Unknown,unresolved
2025-04-02,Southeast Service Corporation Services for Education (Georgetown ISD),Williamson,,2025-05-31,2025-04-02,Georgetown,0,0,1,59,1,60,SOUTHEAST SERVICE CORPORATION SERVICES FOR EDUCATION,1,35,,2025,2025Q2,2025-04,8,Public_Nonprofit,stage1
2025-04-02,Envision Physician Services LLC,Bexar,Alamo WDA,2025-05-31,2025-04-02,San Antonio,0,0,1,59,1,120,ENVISION PHYSICIAN SERVICES,0,200,238,2025,2025Q2,2025-04,2,Healthcare,stage1
2025-04-02,Denali,Collin,North Central Texas WDA,2025-06-02,2025-04-02,Plano,0,0,1,61,0,28,DENALI,0,92,185,2025,2025Q2,2025-04,0,Unknown,unresolved
2025-03-26,VF's Dickies Headquarters,Tarrant,Tarrant County WDA,2025-05-30,2025-03-26,Fort Worth,0,0,1,65,0,125,VF S DICKIES HEADQUARTERS,0,207,213,2025,2025Q1,2025-03,0,Unknown,unresolved
2025-03-26,American Bar Association (ProBAR),Cameron,Cameron County WDA,2025-05-19,2025-03-26,Harlingen,0,0,1,54,1,191,AMERICAN BAR ASSOCIATION,0,37,38,2025,2025Q1,2025-03,2,Public_Nonprofit,stage1
2025-03-26,Waco Family Medicine (Meyer Center),McLennan,Heart of Texas WDA,2025-03-21,2025-03-26,Waco,0,1,0,,,52,WACO FAMILY MEDICINE,1,24,34,2025,2025Q1,2025-03,2,Public_Nonprofit,stage1
2025-03-26,SouthState Bank,Collin,North Central Texas WDA,2025-05-31,2025-03-26,McKinney,0,0,1,66,0,141,SOUTHSTATE BANK,0,92,185,2025,2025Q1,2025-03,6,Finance,stage1
2025-03-26,Durhan School Services-Wichita Falls,Archer,North Texas WDA,2025-06-30,2025-03-26,Wichita Falls,0,0,1,96,0,1,DURHAN SCHOOL SERVICES-WICHITA FALLS,0,5,10,2025,2025Q1,2025-03,2,Public_Nonprofit,stage1
2025-03-26,Waco Family Medicine (Bell's Hill),McLennan,Heart of Texas WDA,2025-03-21,2025-03-26,Waco,0,1,0,,,52,WACO FAMILY MEDICINE,1,24,34,2025,2025Q1,2025-03,2,Public_Nonprofit,stage1
2025-03-26,Waco Familly Medicine (MCC),McLennan,Heart of Texas WDA,2025-03-21,2025-03-26,Waco,0,1,0,,,52,WACO FAMILLY MEDICINE,0,24,34,2025,2025Q1,2025-03,2,Manufacturing,stage1
2025-03-19,"BH Security, LLC DBA Brinks Home",Dallas,Dallas County WDA,2025-06-30,2025-03-19,Dallas,0,0,1,103,0,61,BH SECURITY BRINKS HOME,0,330,325,2025,2025Q1,2025-03,0,Unknown,unresolved
2025-03-18,"Church World Service, Inc.",Harris,Gulf Coast WDA,2025-02-03,2025-03-18,Houston,0,1,0,,,63,CHURCH WORLD SERVICE,0,429,608,2025,2025Q1,2025-03,2,Public_Nonprofit,stage1
2025-03-17,"C&S Family of Companies (GSC Wholesale, LLC)",Harris,Gulf Coast WDA,2025-03-14,2025-03-17,Houston,0,1,0,,,21,C S FAMILY OF COMPANIES,0,429,608,2025,2025Q1,2025-03,2,Public_Nonprofit,stage1
2025-05-28,Texana Center (Building A) Airport Service Center,Fort Bend,Gulf Coast WDA,2025-05-21,2025-05-28,Rosenberg,0,1,0,,,27,TEXANA CENTER AIRPORT SERVICE CENTER,1,88,608,2025,2025Q2,2025-05,6,Public_Nonprofit,ambiguous_resolved
2025-05-28,Texana Center (Building B) Airport Service Center,Fort Bend,Gulf Coast WDA,2025-05-21,2025-05-28,Rosenberg,0,1,0,,,25,TEXANA CENTER AIRPORT SERVICE CENTER,1,88,608,2025,2025Q2,2025-05,6,Public_Nonprofit,ambiguous_resolved
2025-05-28,Texana Center El Campo Learning Center,Wharton,Gulf Coast WDA,2025-05-21,2025-05-28,El Campo,0,1,0,,,9,TEXANA CENTER EL CAMPO LEARNING CENTER,0,6,608,2025,2025Q2,2025-05,6,Public_Nonprofit,stage1
2025-05-28,Texana Center Glenn Lakes Group Home,Fort Bend,Gulf Coast WDA,2025-05-21,2025-05-28,Missouri City,0,1,0,,,7,TEXANA CENTER GLENN LAKES GROUP HOME,0,88,608,2025,2025Q2,2025-05,6,Public_Nonprofit,stage1
2025-05-28,Texana Center North Street Group Home,Fort Bend,Gulf Coast WDA,2025-05-21,2025-05-28,Rosenberg,0,1,0,,,7,TEXANA CENTER NORTH STREET GROUP HOME,0,88,608,2025,2025Q2,2025-05,6,Public_Nonprofit,stage1
2025-05-28,Texana Center Aqua Vista Group,Fort Bend,Heart of Texas WDA,2025-05-21,2025-05-28,Rosenberg,0,1,0,,,4,TEXANA CENTER AQUA VISTA GROUP,0,88,34,2025,2025Q2,2025-05,6,Public_Nonprofit,stage1
2025-05-28,Texana Center Russeff Filed  Home,Fort Bend,Gulf Coast WDA,2025-05-21,2025-05-28,Rosenberg,0,1,0,,,5,TEXANA CENTER RUSSEFF FILED HOME,0,88,608,2025,2025Q2,2025-05,6,Public_Nonprofit,stage1
2025-05-28,Texana Center Dovecoft Group Home,Fort Bend,Gulf Coast WDA,2025-05-21,2025-05-28,Rosenberg,0,1,0,,,6,TEXANA CENTER DOVECOFT GROUP HOME,0,88,608,2025,2025Q2,2025-05,6,Public_Nonprofit,stage1
2025-05-28,Texana Center Camden Landing Group Home,Fort Bend,Gulf Coast WDA,2025-05-21,2025-05-28,Rosenberg,0,1,0,,,5,TEXANA CENTER CAMDEN LANDING GROUP HOME,0,88,608,2025,2025Q2,2025-05,6,Public_Nonprofit,stage1
2025-05-28,Texana Center Sunset Group Home,Wharton,Gulf Coast WDA,2025-05-21,2025-05-28,Wharton,0,1,0,,,8,TEXANA CENTER SUNSET GROUP HOME,0,6,608,2025,2025Q2,2025-05,6,Public_Nonprofit,stage1
2025-05-28,Texana Center Willowbend Group Home,Wharton,Gulf Coast WDA,2025-05-21,2025-05-28,Wharton,0,1,0,,,6,TEXANA CENTER WILLOWBEND GROUP HOME,0,6,608,2025,2025Q2,2025-05,6,Public_Nonprofit,stage1
2025-05-28,Texana Center University Group Home,Wharton,Gulf Coast WDA,2025-05-21,2025-05-28,Wharton,0,1,0,,,5,TEXANA CENTER UNIVERSITY GROUP HOME,0,6,608,2025,2025Q2,2025-05,8,Public_Nonprofit,stage1
2025-05-28,Texana Center Maude Group Home,Wharton,Gulf Coast WDA,2025-05-21,2025-05-28,Wharton,0,1,0,,,4,TEXANA CENTER MAUDE GROUP HOME,0,6,608,2025,2025Q2,2025-05,6,Public_Nonprofit,stage1
2025-05-27,LACROIX,El Paso,Borderplexjobs WDA,2025-07-01,2025-05-27,El Paso,0,0,1,35,1,7,LACROIX,0,49,51,2025,2025Q2,2025-05,0,Unknown,unresolved
2025-05-21,Child Care Associates,Tarrant,Tarrant County WDA,2025-06-30,2025-05-21,Ft. Worth,0,0,1,40,1,93,CHILD CARE ASSOCIATES,1,207,213,2025,2025Q2,2025-05,6,Public_Nonprofit,stage1
2025-05-21,Child Care Associates (Tucker),Tarrant,Tarrant County WDA,2025-06-30,2025-05-21,Arlington,0,0,1,40,1,7,CHILD CARE ASSOCIATES,1,207,213,2025,2025Q2,2025-05,6,Public_Nonprofit,stage1
2025-05-21,Child Care Associates (Linda Kay),Tarrant,Tarrant County WDA,2025-06-30,2025-05-21,Hurst,0,0,1,40,1,15,CHILD CARE ASSOCIATES,1,207,213,2025,2025Q2,2025-05,6,Public_Nonprofit,stage1
2025-05-21,Child Care Associates (Mansfield),Tarrant,Tarrant County WDA,2025-06-30,2025-05-21,Mansfield,0,0,1,40,1,15,CHILD CARE ASSOCIATES,1,207,213,2025,2025Q2,2025-05,6,Public_Nonprofit,stage1
2025-05-21,Child Care Associates (Carson),Tarrant,Tarrant County WDA,2025-05-21,2025-05-21,Fort Worth,0,0,1,0,1,14,CHILD CARE ASSOCIATES,1,207,213,2025,2025Q2,2025-05,6,Public_Nonprofit,stage1
2025-05-21,Child Care Associates (Meachum),Tarrant,Tarrant County WDA,2025-06-30,2025-05-21,Fort Worth,0,0,1,40,1,15,CHILD CARE ASSOCIATES,1,207,213,2025,2025Q2,2025-05,6,Public_Nonprofit,stage1
2025-05-21,Child Care Associates (Reagan),Tarrant,Tarrant County WDA,2025-06-30,2025-05-21,Fort Worth,0,0,1,40,1,14,CHILD CARE ASSOCIATES,1,207,213,2025,2025Q2,2025-05,6,Public_Nonprofit,stage1
2025-05-21,Child Care Associates (Rosedale V),Tarrant,Tarrant County WDA,2025-06-30,2025-05-21,Fort Worth,0,0,1,40,1,16,CHILD CARE ASSOCIATES,1,207,213,2025,2025Q2,2025-05,6,Public_Nonprofit,stage1
2025-05-21,Child Care Associates (Diamond Road),Tarrant,Tarrant County WDA,2025-06-30,2025-05-21,Fort Worth,0,0,1,40,1,13,CHILD CARE ASSOCIATES,1,207,213,2025,2025Q2,2025-05,6,Public_Nonprofit,stage1
2025-05-21,Child Care Associates (Morris Foundation),Tarrant,Tarrant County WDA,2025-06-30,2025-05-21,Fort Worth,0,0,1,40,1,17,CHILD CARE ASSOCIATES,1,207,213,2025,2025Q2,2025-05,8,Public_Nonprofit,stage1
2025-05-21,Child Care Associates(North Fort Worth),Tarrant,Tarrant County WDA,2025-06-30,2025-05-21,Fort Worth,0,0,1,40,1,16,CHILD CARE ASSOCIATES,1,207,213,2025,2025Q2,2025-05,6,Public_Nonprofit,stage1
2025-05-21,Child Care Associates (Blanche),Tarrant,Tarrant County WDA,2025-06-30,2025-05-21,Fort Worth,0,0,1,40,1,17,CHILD CARE ASSOCIATES,1,207,213,2025,2025Q2,2025-05,6,Public_Nonprofit,stage1
2025-05-21,Child Care Associates (Arlington 2),Tarrant,Tarrant County WDA,2025-06-30,2025-05-21,Arlington,0,0,1,40,1,22,CHILD CARE ASSOCIATES,1,207,213,2025,2025Q2,2025-05,6,Public_Nonprofit,stage1
2025-05-21,Child Care Associates (JA Hargrave),Tarrant,Tarrant County WDA,2025-06-30,2025-05-21,Fort Worth,0,0,1,40,1,19,CHILD CARE ASSOCIATES,1,207,213,2025,2025Q2,2025-05,6,Public_Nonprofit,stage1
2025-05-21,Child Care Associates (Everman),Tarrant,Tarrant County WDA,2025-06-30,2025-05-21,Fort Worth,0,0,1,40,1,9,CHILD CARE ASSOCIATES,1,207,213,2025,2025Q2,2025-05,6,Public_Nonprofit,stage1
2025-05-21,Sodexo (International Leadership TX),Dallas,Dallas County WDA,2025-06-30,2025-05-21,Irving,0,0,1,40,1,165,SODEXO,1,330,325,2025,2025Q2,2025-05,6,Staffing_Services,stage1
2025-05-21,F&S Produce West LLC,Harris,Gulf Coast WDA,2025-07-20,2025-05-21,Houston,0,0,1,60,0,225,F S PRODUCE WEST,0,429,608,2025,2025Q2,2025-05,0,Unknown,unresolved
2025-05-20,FedEx Supply Chain Logistics & Electronics (Ft. Worth),Tarrant,Tarrant County WDA,2025-07-06,2025-05-20,Fort Worth,0,0,1,47,1,305,FEDEX SUPPLY CHAIN LOGISTICS ELECTRONICS,1,207,213,2025,2025Q2,2025-05,8,Logistics_Transportation,stage1
2025-05-16,Chevron (Deauville Blvd),Midland,Permian Basin WDA,2025-07-15,2025-05-28,Midland,0,0,1,60,0,185,CHEVRON,1,37,83,2025,2025Q2,2025-05,6,Energy,stage1
2025-05-16,Chevron (S. County Rd.),Midland,Permian Basin WDA,2025-07-15,2025-05-28,Midland,0,0,1,60,0,1,CHEVRON,1,37,83,2025,2025Q2,2025-05,6,Energy,stage1
2025-05-16,Chevron (N. FM 1788),Midland,Permian Basin WDA,2025-07-15,2025-05-28,Midland,0,0,1,60,0,14,CHEVRON,1,37,83,2025,2025Q2,2025-05,6,Energy,stage1
2025-05-14,International Paper Company(Edinburg),Hidalgo,Lower Rio Grande Valley WDA,2025-05-09,2025-05-14,Edinburg,0,1,0,,,63,INTERNATIONAL PAPER COMPANY,1,35,38,2025,2025Q2,2025-05,2,Manufacturing,stage1
2025-05-14,International Paper Company (Edinburg W. Chapin),Hidalgo,Lower Rio Grande Valley WDA,2025-05-09,2025-05-14,Edinburg,0,1,0,,,64,INTERNATIONAL PAPER COMPANY,1,35,38,2025,2025Q2,2025-05,2,Manufacturing,stage1
2025-05-14,International Paper Company (McAllen),Hidalgo,Lower Rio Grande Valley WDA,2025-05-09,2025-05-14,McAllen,0,1,0,,,5,INTERNATIONAL PAPER COMPANY,1,35,38,2025,2025Q2,2025-05,2,Manufacturing,stage1
2025-05-14,Atria Wealth Solutions,Fort Bend,Gulf Coast WDA,2025-07-04,2025-05-14,Houston,0,0,1,51,1,55,ATRIA WEALTH SOLUTIONS,0,88,608,2025,2025Q2,2025-05,2,Technology_IT,ambiguous_resolved
2025-05-08,Museum of Ice Cream,Travis,Capital Area WDA,2025-07-10,2025-05-08,Austin,0,0,1,63,0,38,MUSEUM OF ICE CREAM,0,169,166,2025,2025Q2,2025-05,0,Unknown,unresolved
2025-05-08,WSS (Foot Locker),Harris,Gulf Coast WDA,2025-07-07,2025-05-08,Houston,0,0,1,60,0,57,WSS,0,429,608,2025,2025Q2,2025-05,0,Unknown,unresolved
2025-05-07,TRIGO (Tesla),Travis,Capital Area WDA,2025-04-28,2025-05-07,Austin,0,1,0,,,50,TRIGO,0,169,166,2025,2025Q2,2025-05,0,Unknown,unresolved
2025-05-06,Smurfikt Westrock Facility (ForneyTexas),Kaufman,North Central Texas WDA,2025-06-30,2025-05-06,Forney,0,0,1,55,1,200,SMURFIKT WESTROCK FACILITY,0,3,185,2025,2025Q2,2025-05,0,Unknown,unresolved
2025-05-06,Tom Thumb Store #3579,Collin,North Central Texas WDA,,2025-05-06,Allen,0,0,0,,,75,TOM THUMB STORE 3579,0,92,185,2025,2025Q2,2025-05,8,Retail_Food,stage1
2025-05-01,Chick-Fil-A (N. Collins St. Plant),Tarrant,Tarrant County WDA,2025-06-07,2025-05-01,Arlington,0,0,1,37,1,10,CHICK-FIL-A,0,207,213,2025,2025Q2,2025-05,2,Manufacturing,stage1
2025-04-30,PULAU Corporation,Bell,Central Texas WDA,2025-06-30,2025-04-30,Killeen,0,0,1,61,0,64,PULAU CORPORATION,0,14,14,2025,2025Q2,2025-04,0,Unknown,unresolved
2025-04-30,Texas Central School Bus (Purnell),Denton,,2025-07-17,2025-04-30,Lewisville,0,0,1,78,0,174,TEXAS CENTRAL SCHOOL BUS,1,56,,2025,2025Q2,2025-04,2,Public_Nonprofit,stage1
2025-04-30,Texas Central School Bus (Mill),Denton,North Central Texas WDA,2025-07-15,2025-04-30,Lewisville,0,0,1,76,0,131,TEXAS CENTRAL SCHOOL BUS,1,56,185,2025,2025Q2,2025-04,2,Manufacturing,ambiguous_resolved
2025-04-30,Texas Central School Bus (Cougar Alley),Denton,North Central Texas WDA,2025-07-15,2025-04-30,The Colony,0,0,1,76,0,155,TEXAS CENTRAL SCHOOL BUS,1,56,185,2025,2025Q2,2025-04,2,Public_Nonprofit,stage1
2025-06-24,"Compass Group, Inc.d.b.a.Chartwells (Lancaster ISD)",Dallas,Dallas County WDA,2025-06-30,2025-06-24,Lancaster,0,0,1,6,1,83,COMPASS GROUP D B A CHARTWELLS,0,330,325,2025,2025Q2,2025-06,6,Public_Nonprofit,ambiguous_resolved
2025-06-24,Management & Training Corporation (Willacy County State Jail),Willacy,Lower Rio Grande Valley WDA,2025-08-31,2025-06-24,Raymondville,0,0,1,68,0,166,MANAGEMENT TRAINING CORPORATION,1,3,38,2025,2025Q2,2025-06,10,Public_Nonprofit,stage1
2025-06-24,Management & Training Corporation (Lindsey State Jail),Jack,North Texas WDA,2025-08-31,2025-06-24,Jacksboro,0,0,1,68,0,117,MANAGEMENT TRAINING CORPORATION,1,1,10,2025,2025Q2,2025-06,8,Public_Nonprofit,stage1
2025-06-24,Management & Training Corporation (Kyle Correctional Center),Hays,Rural Capital WDA,2025-08-31,2025-06-24,Kyle,0,0,1,68,0,98,MANAGEMENT TRAINING CORPORATION,1,18,67,2025,2025Q2,2025-06,6,Public_Nonprofit,stage1
2025-06-24,Management & Training Corporation (Gregory S. Coleman Unit),Caldwell,Rural Capital WDA,2025-08-31,2025-06-24,Lockhart,0,0,1,68,0,135,MANAGEMENT TRAINING CORPORATION,1,2,67,2025,2025Q2,2025-06,6,Public_Nonprofit,stage1
2025-06-24,Management & Training Corporation (Bridgeport Correctional Facility),Wise,North Central Texas WDA,2025-08-31,2025-06-24,Bridgeport,0,0,1,68,0,103,MANAGEMENT TRAINING CORPORATION,1,5,185,2025,2025Q2,2025-06,6,Public_Nonprofit,stage1
2025-06-20,Management & Training Corp. (Billy Moore Correctional Center),Rusk,East Texas WDA,2025-08-31,2025-06-20,Overton,0,0,1,72,0,109,MANAGEMENT TRAINING,1,5,39,2025,2025Q2,2025-06,6,Public_Nonprofit,stage1
2025-06-20,Management & Training Corp. (Bradshaw State Jail),Rusk,East Texas WDA,2025-08-31,2025-06-20,Henderson,0,0,1,72,0,172,MANAGEMENT TRAINING,1,5,39,2025,2025Q2,2025-06,8,Public_Nonprofit,stage1
2025-06-18,"Encino Energy, LLC",Harris,Gulf Coast WDA,2025-08-17,2025-06-18,Houston,0,0,1,60,0,121,ENCINO ENERGY,0,429,608,2025,2025Q2,2025-06,2,Energy,stage1
2025-06-18,Tyson Foods (Fort Worth Distribution Center),Tarrant,Tarrant County WDA,2025-08-15,2025-06-18,Fort Worth,0,0,1,58,1,275,TYSON FOODS,0,207,213,2025,2025Q2,2025-06,2,Logistics_Transportation,ambiguous_resolved
2025-06-18,"Khoros, LLC.",Travis,Capital Area WDA,2025-08-19,2025-06-18,Austin,0,0,1,62,0,116,KHOROS,0,169,166,2025,2025Q2,2025-06,0,Unknown,unresolved
2025-06-17,Lockheed Martin Corp. -Fort Bliss ATMP,El Paso,Borderplexjobs WDA,2025-06-30,2025-06-17,Fort Bliss,0,0,1,13,1,17,LOCKHEED MARTIN -FORT BLISS ATMP,0,49,51,2025,2025Q2,2025-06,2,Staffing_Services,stage1
2025-06-11,Tom Thumb Store #3645 Plano,Collin,North Central Texas WDA,2025-07-26,2025-06-11,Plano,0,0,1,45,1,75,TOM THUMB STORE 3645 PLANO,0,92,185,2025,2025Q2,2025-06,8,Retail_Food,stage1
2025-06-11,Randalls Store #1041,Harris,Gulf Coast WDA,2025-08-16,2025-06-11,Houston,0,0,1,66,0,102,RANDALLS STORE 1041,0,429,608,2025,2025Q2,2025-06,8,Retail_Food,stage1
2025-06-11,Movate Inc. (The Genesis Project),Bell,Central Texas WDA,2025-08-08,2025-06-11,Temple,0,0,1,58,1,26,MOVATE,1,14,14,2025,2025Q2,2025-06,0,Unknown,unresolved
2025-06-04,XiFin,Travis,Capital Area WDA,2025-05-29,2025-06-04,Austin,0,1,0,,,87,XIFIN,0,169,166,2025,2025Q2,2025-06,0,Unknown,unresolved
2025-06-04,Eckerd Connects (David Carrasco Job Corps),El Paso,Borderplexjobs WDA,2025-06-13,2025-06-04,El Paso,0,0,1,9,1,77,ECKERD CONNECTS,0,49,51,2025,2025Q2,2025-06,0,Unknown,unresolved
2025-06-03,Sunnova Energy Corporation,Harris,Gulf Coast WDA,2025-05-30,2025-06-03,Houston,0,1,0,,,,SUNNOVA ENERGY CORPORATION,0,429,608,2025,2025Q2,2025-06,2,Energy,stage1
2025-06-03,JC Penney (Allaince Supply Chain),Tarrant,Tarrant County WDA,2025-08-01,2025-06-03,Haslet,0,0,1,59,1,296,JC PENNEY,1,207,213,2025,2025Q2,2025-06,2,Logistics_Transportation,stage1
2025-07-30,Trinity Rail-Trinity Tank Car-Jordan Valley,Gregg,East Texas WDA,2025-09-30,2025-07-30,Longview,0,0,1,62,0,170,TRINITY RAIL-TRINITY TANK CAR-JORDAN VALLEY,0,13,39,2025,2025Q3,2025-07,2,Logistics_Transportation,stage1
2025-07-30,"Equus Workforce Solutions Arlington (Arbor E&T, LLC)",Tarrant,North Central Texas WDA,2025-09-30,2025-07-30,Arlington,0,0,1,62,0,4,EQUUS WORKFORCE SOLUTIONS ARLINGTON,0,207,185,2025,2025Q3,2025-07,2,Technology_IT,stage1
2025-07-30,"Equus Workforce Solutions Denton (Arbor E&T, LLC)",Denton,North Central Texas WDA,2025-09-30,2025-07-30,Denton,0,0,1,62,0,27,EQUUS WORKFORCE SOLUTIONS DENTON,0,56,185,2025,2025Q3,2025-07,2,Technology_IT,stage1
2025-07-23,Peraton Balloon Operations (NASA),Anderson,East Texas WDA,2025-09-30,2025-07-23,Palestine,0,0,1,69,0,81,PERATON BALLOON OPERATIONS,0,3,39,2025,2025Q3,2025-07,0,Unknown,unresolved
2025-07-21,SM Cargo,Harris,Gulf Coast WDA,2025-09-21,2025-07-21,Houston,0,0,1,62,0,194,SM CARGO,0,429,608,2025,2025Q3,2025-07,2,Logistics_Transportation,stage1
2025-07-21,Chevron Corporation (HESS Corporation),Harris,Gulf Coast WDA,2025-09-26,2025-07-21,Houston,0,0,1,67,0,575,CHEVRON CORPORATION,0,429,608,2025,2025Q3,2025-07,6,Energy,stage1
2025-07-16,"AMERICA, INC., d/b/a LIXIL",Tarrant,Tarrant County WDA,2025-09-08,2025-07-16,Grand Prairie,0,0,1,54,1,65,AMERICA LIXIL,0,207,213,2025,2025Q3,2025-07,6,Manufacturing,stage1
2025-07-10,"Sodexo, Inc.and Affiliates (Texas Southern University)",Harris,Gulf Coast WDA,2025-07-31,2025-07-10,Houston,0,0,1,21,1,81,SODEXO AND AFFILIATES,0,429,608,2025,2025Q3,2025-07,6,Staffing_Services,stage1
2025-07-10,International Paper Company(N. Closner Blvd.),Hidalgo,Lower Rio Grande Valley WDA,2025-09-01,2025-07-10,Edinburg,0,0,1,53,1,66,INTERNATIONAL PAPER COMPANY,1,35,38,2025,2025Q3,2025-07,2,Manufacturing,stage1
2025-07-10,International Paper Company(W. Chaplin),Hidalgo,Lower Rio Grande Valley WDA,2025-09-01,2025-07-10,Edinburg,0,0,1,53,1,66,INTERNATIONAL PAPER COMPANY,1,35,38,2025,2025Q3,2025-07,2,Manufacturing,stage1
2025-07-10,International Paper Company(N. 26th),Hidalgo,Lower Rio Grande Valley WDA,2025-09-01,2025-07-10,Edinburg,0,0,1,53,1,5,INTERNATIONAL PAPER COMPANY,1,35,38,2025,2025Q3,2025-07,2,Manufacturing,stage1
2025-07-09,"GI Alliance Management, LLC",Denton,Tarrant County WDA,2025-09-01,2025-07-09,Southlake,0,0,1,54,1,25,GI ALLIANCE MANAGEMENT,0,56,213,2025,2025Q3,2025-07,2,Healthcare,stage1
2025-07-09,Intel Corporation,Travis,Capital Area WDA,2025-07-15,2025-07-09,Austin,0,0,1,6,1,110,INTEL CORPORATION,1,169,166,2025,2025Q3,2025-07,0,Unknown,unresolved
2025-07-09,Management & Training Corporation (Dominguez State Jail),Bexar,Alamo WDA,2025-08-31,2025-07-09,San Antonio,0,0,1,53,1,8,MANAGEMENT TRAINING CORPORATION,1,200,238,2025,2025Q3,2025-07,8,Public_Nonprofit,stage1
2025-07-09,Management & Training Corporation (Gist State Jail),Jefferson,South East Texas WDA,2025-08-31,2025-07-09,Beaumont,0,0,1,53,1,6,MANAGEMENT TRAINING CORPORATION,1,20,27,2025,2025Q3,2025-07,8,Public_Nonprofit,stage1
2025-07-09,Management & Training Corporation (Hutchins State Jail),Dallas,Dallas County WDA,2025-08-31,2025-07-09,Dallas,0,0,1,53,1,8,MANAGEMENT TRAINING CORPORATION,1,330,325,2025,2025Q3,2025-07,8,Public_Nonprofit,stage1
2025-07-09,Management & Training Corporation (Lychner State Jail),Harris,Gulf Coast WDA,2025-08-31,2025-07-09,Humble,0,0,1,53,1,17,MANAGEMENT TRAINING CORPORATION,1,429,608,2025,2025Q3,2025-07,8,Public_Nonprofit,stage1
2025-07-09,Management & Training Corporation (Plane State Jail),Liberty,Gulf Coast WDA,2025-08-31,2025-07-09,Dayton,0,0,1,53,1,8,MANAGEMENT TRAINING CORPORATION,1,5,608,2025,2025Q3,2025-07,8,Public_Nonprofit,stage1
2025-07-09,Management & Training Corporation (Travis County State Jail),Travis,Capital Area WDA,2025-08-31,2025-07-09,Austin,0,0,1,53,1,4,MANAGEMENT TRAINING CORPORATION,1,169,166,2025,2025Q3,2025-07,10,Public_Nonprofit,stage1
2025-07-08,"Movate, Inc. (AT&T Project)",Bell,Central Texas WDA,2025-07-01,2025-07-08,Temple,0,1,0,,,71,MOVATE,1,14,14,2025,2025Q3,2025-07,0,Unknown,unresolved
2025-07-02,International Business Machines-Coppell,Dallas,Dallas County WDA,2025-08-29,2025-07-02,Coppell,0,0,1,58,1,59,INTERNATIONAL BUSINESS MACHINES-COPPELL,0,330,325,2025,2025Q3,2025-07,0,Unknown,unresolved
2025-07-02,Fed Ex Corporation (Garland),Dallas,Dallas County WDA,2025-09-01,2025-07-02,Garland,0,0,1,61,0,81,FED EX CORPORATION,0,330,325,2025,2025Q3,2025-07,0,Unknown,unresolved
2025-07-02,Santa Maria Hostel,Harris,Gulf Coast WDA,2025-08-31,2025-07-02,Houston,0,0,1,60,0,41,SANTA MARIA HOSTEL,0,429,608,2025,2025Q3,2025-07,0,Unknown,unresolved
2025-07-02,FedEx Corporation (Plano),Collin,North Central Texas WDA,2025-09-01,2025-07-02,Plano,0,0,1,61,0,50,FEDEX CORPORATION,0,92,185,2025,2025Q3,2025-07,0,Unknown,unresolved
2025-07-02,Memorial Herman Health System Skilled Nursing Facility,Harris,Gulf Coast WDA,2025-09-01,2025-07-02,Houston,0,0,1,61,0,83,MEMORIAL HERMAN HEALTH SYSTEM SKILLED NURSING FACILITY,0,429,608,2025,2025Q3,2025-07,8,Healthcare,stage1
2025-07-02,TT Electronics Facility IRC (Plano),Collin,North Central Texas WDA,2025-08-31,2025-07-02,Plano,0,0,1,60,0,75,TT ELECTRONICS FACILITY IRC,0,92,185,2025,2025Q3,2025-07,2,Manufacturing,stage1
2025-08-27,MPW Services,Travis,Capital Area WDA,2025-09-01,2025-08-27,Austin,0,0,1,5,1,82,MPW SERVICES,0,169,166,2025,2025Q3,2025-08,0,Unknown,unresolved
2025-08-20,"Tech Werks, LLC (San Antonio)",Bexar,Alamo WDA,2025-09-15,2025-08-20,San Antonio,0,0,1,26,1,87,TECH WERKS,0,200,238,2025,2025Q3,2025-08,2,Technology_IT,stage1
2025-08-18,"Promises Behavioral Health, LLC",Hays,Rural Capital WDA,2025-10-17,2025-08-18,Wimberley,0,0,1,60,0,58,PROMISES BEHAVIORAL HEALTH,0,18,67,2025,2025Q3,2025-08,8,Healthcare,stage1
2025-08-13,"CarOffer, LLC",Dallas,Dallas County WDA,2025-10-06,2025-08-13,Addison,0,0,1,54,1,101,CAROFFER,0,330,325,2025,2025Q3,2025-08,0,Unknown,unresolved
2025-08-06,UPS (Dallas Facility),Dallas,Dallas County WDA,2025-08-05,2025-08-06,Dallas,0,1,0,,,62,UPS,0,330,325,2025,2025Q3,2025-08,0,Unknown,unresolved
2025-08-06,"Solarcycle, Inc.",Ector,Permian Basin WDA,2025-10-06,2025-08-06,Odessa,0,0,1,61,0,70,SOLARCYCLE,0,19,83,2025,2025Q3,2025-08,2,Energy,stage1
2025-08-06,"Southwest Key Programs, Inc. (SWK National Headquarters)",Travis,Capital Area WDA,2025-10-06,2025-08-06,Austin,0,0,1,61,0,45,SOUTHWEST KEY PROGRAMS,1,169,166,2025,2025Q3,2025-08,8,Public_Nonprofit,stage1
2025-08-06,"Southwest Key Programs, Inc. La Esperanza)",Cameron,Cameron County WDA,2025-10-05,2025-08-06,Brownsville,0,0,1,60,0,4,SOUTHWEST KEY PROGRAMS LA ESPERANZA),0,37,38,2025,2025Q3,2025-08,8,Public_Nonprofit,stage1
2025-08-06,"Southwest Key Programs, Inc.(Casa Nueva Esperanza)",Cameron,Cameron County WDA,2025-10-05,2025-08-06,Brownsville,0,0,1,60,0,9,SOUTHWEST KEY PROGRAMS,1,37,38,2025,2025Q3,2025-08,8,Public_Nonprofit,stage1
2025-08-06,"Southwest Key Programs, Inc.(South Texas HQ)",Cameron,Cameron County WDA,2025-10-05,2025-08-06,Brownsville,0,0,1,60,0,13,SOUTHWEST KEY PROGRAMS,1,37,38,2025,2025Q3,2025-08,8,Public_Nonprofit,stage1
2025-08-06,"Southwest Key Programs, Inc. (Casa Franklin)",El Paso,Borderplexjobs WDA,2025-10-05,2025-08-06,El Paso,0,0,1,60,0,1,SOUTHWEST KEY PROGRAMS,1,49,51,2025,2025Q3,2025-08,8,Public_Nonprofit,stage1
2025-08-06,"Southwest Key Programs, Inc. (Casa Norma Linda)",Cameron,Cameron County WDA,2025-10-05,2025-08-06,Los Fresnos,0,0,1,60,0,3,SOUTHWEST KEY PROGRAMS,1,37,38,2025,2025Q3,2025-08,8,Public_Nonprofit,stage1
2025-08-06,"Southwest Key Programs, Inc. (Casa Rio Grande)",Cameron,Cameron County WDA,2025-10-05,2025-08-06,San Benito,0,0,1,60,0,3,SOUTHWEST KEY PROGRAMS,1,37,38,2025,2025Q3,2025-08,8,Public_Nonprofit,stage1
2025-08-06,"Southwest Key Programs, Inc. (Casa Canutillo)",El Paso,Borderplexjobs WDA,2025-10-05,2025-08-06,Canutillo,0,0,1,60,0,3,SOUTHWEST KEY PROGRAMS,1,49,51,2025,2025Q3,2025-08,8,Public_Nonprofit,stage1
2025-08-01,"Equus Workforce Solutions Houston Opertions- Acres Home (Arbor E&T, LLC)",Harris,Gulf Coast WDA,2025-09-30,2025-08-01,Houston,0,0,1,60,0,12,EQUUS WORKFORCE SOLUTIONS HOUSTON OPERTIONS- ACRES HOME,0,429,608,2025,2025Q3,2025-08,2,Technology_IT,stage1
2025-08-01,"Equus Workforce Solutions Houston Opertions- Pearland (Arbor E&T, LLC)",Brazoria,Gulf Coast WDA,2025-09-30,2025-08-01,Pearland,0,0,1,60,0,13,EQUUS WORKFORCE SOLUTIONS HOUSTON OPERTIONS- PEARLAND,0,13,608,2025,2025Q3,2025-08,2,Technology_IT,stage1
2025-08-01,"Equus Workforce Solutions Houston Opertions- Westheimer Rd. (Arbor E&T, LLC)",Harris,Gulf Coast WDA,2025-09-30,2025-08-01,Houston,0,0,1,60,0,28,EQUUS WORKFORCE SOLUTIONS HOUSTON OPERTIONS,0,429,608,2025,2025Q3,2025-08,2,Technology_IT,stage1
2025-07-31,"Equus Workforce Solutions-Camp Wisdom (Arbor E&T, LLC)",Dallas,Dallas County WDA,2025-09-30,2025-07-31,Dallas,0,0,1,61,0,1,EQUUS WORKFORCE SOLUTIONS-CAMP WISDOM,0,330,325,2025,2025Q3,2025-07,6,Public_Nonprofit,stage1
2025-07-31,"Equus Workforce Solutions-N.Tenth St. (Arbor E&T, LLC)",Dallas,Dallas County WDA,2025-09-30,2025-07-31,Garland,0,0,1,61,0,10,EQUUS WORKFORCE SOLUTIONS-N TENTH ST,0,330,325,2025,2025Q3,2025-07,2,Technology_IT,stage1
2025-07-31,"Equus Workforce Solutions-Highway 161. (Arbor E&T, LLC)",Dallas,Dallas County WDA,2025-09-30,2025-07-31,Grand Prairie,0,0,1,61,0,71,EQUUS WORKFORCE SOLUTIONS-HIGHWAY 161,0,330,325,2025,2025Q3,2025-07,2,Technology_IT,stage1
2025-07-31,"Equus Workforce Solutions-Greenville Ave. (Arbor E&T, LLC)",Dallas,Dallas County WDA,2025-09-30,2025-07-31,Dallas,0,0,1,61,0,10,EQUUS WORKFORCE SOLUTIONS-GREENVILLE AVE,0,330,325,2025,2025Q3,2025-07,2,Technology_IT,stage1
2025-07-31,"Equus Workforce Solutions-Irving Blvd. (Arbor E&T, LLC)",Dallas,Dallas County WDA,2025-09-30,2025-07-31,Irving,0,0,1,61,0,13,EQUUS WORKFORCE SOLUTIONS,0,330,325,2025,2025Q3,2025-07,2,Technology_IT,stage1
2025-07-31,"Equus Workforce Solutions-Alpha Rd.(Arbor E&T, LLC)",Dallas,Dallas County WDA,2025-09-30,2025-07-31,Dallas,0,0,1,61,0,17,EQUUS WORKFORCE SOLUTIONS-ALPHA RD,0,330,325,2025,2025Q3,2025-07,2,Technology_IT,stage1
2025-07-31,"Equus Workforce Solutions-Malcolm X Blvd.(Arbor E&T, LLC)",Dallas,Dallas County WDA,2025-09-30,2025-07-31,Dallas,0,0,1,61,0,16,EQUUS WORKFORCE SOLUTIONS-MALCOLM X BLVD,0,330,325,2025,2025Q3,2025-07,2,Technology_IT,stage1
2025-07-31,"Equus Workforce Solutions-Buckner Blvd.(Arbor E&T, LLC)",Dallas,Dallas County WDA,2025-09-30,2025-07-31,Dallas,0,0,1,61,0,16,EQUUS WORKFORCE SOLUTIONS-BUCKNER BLVD,0,330,325,2025,2025Q3,2025-07,2,Technology_IT,stage1
2025-07-31,"Turner Industries (Paris, Texas September 2025)",Lamar,North East Texas WDA,2025-09-30,2025-07-31,Paris,0,0,1,61,0,211,TURNER INDUSTRIES,1,9,21,2025,2025Q3,2025-07,6,Construction_Real_Estate,stage1
2025-07-31,Planned Parenthood Gulf Coast (Prevention Park Facility),Harris,Gulf Coast WDA,2025-09-30,2025-07-31,Houston,0,0,1,61,0,114,PLANNED PARENTHOOD GULF COAST,0,429,608,2025,2025Q3,2025-07,0,Unknown,unresolved
2025-07-31,"Southwest Key Programs, Inc. (Casa Houston Reliant)",Harris,Gulf Coast WDA,2025-10-05,2025-07-31,Houston,0,0,1,66,0,211,SOUTHWEST KEY PROGRAMS,1,429,608,2025,2025Q3,2025-07,8,Public_Nonprofit,stage1
2025-07-31,"Southwest Key Programs, Inc. (Houston HQ)",Harris,Gulf Coast WDA,2025-10-05,2025-07-31,Houston,0,0,1,66,0,11,SOUTHWEST KEY PROGRAMS,1,429,608,2025,2025Q3,2025-07,8,Public_Nonprofit,stage1
2025-07-31,"Southwest Key Programs, Inc. (Casa Quetzal)",Harris,Gulf Coast WDA,2025-10-05,2025-07-31,Houston,0,0,1,66,0,309,SOUTHWEST KEY PROGRAMS,1,429,608,2025,2025Q3,2025-07,8,Public_Nonprofit,stage1
2025-07-31,"Southwest Key Programs, Inc. (Casa Sunzal)",Harris,Gulf Coast WDA,2025-10-05,2025-07-31,Houston,0,0,1,66,0,223,SOUTHWEST KEY PROGRAMS,1,429,608,2025,2025Q3,2025-07,8,Public_Nonprofit,stage1
2025-07-31,"Southwest Key Programs, Inc. (Casa Oasis)",Hidalgo,Lower Rio Grande Valley WDA,2025-10-05,2025-07-31,McAllen,0,0,1,66,0,128,SOUTHWEST KEY PROGRAMS,1,35,38,2025,2025Q3,2025-07,8,Public_Nonprofit,stage1
2025-07-31,"Southwest Key Programs, Inc. (Casa Sueno)",Hidalgo,Lower Rio Grande Valley WDA,2025-10-05,2025-07-31,Weslaco,0,0,1,66,0,93,SOUTHWEST KEY PROGRAMS,1,35,38,2025,2025Q3,2025-07,8,Public_Nonprofit,stage1
2025-07-31,"Southwest Key Programs, Inc. (Casa Montezuma)",Harris,Gulf Coast WDA,2025-10-05,2025-07-31,Channelview,0,0,1,66,0,238,SOUTHWEST KEY PROGRAMS,1,429,608,2025,2025Q3,2025-07,8,Public_Nonprofit,stage1
2025-07-30,"Equus Workforce Solutions Greenville (Arbor E&T, LLC)",Hunt,North Central Texas WDA,2025-09-30,2025-07-30,Greenville,0,0,1,62,0,9,EQUUS WORKFORCE SOLUTIONS GREENVILLE,0,4,185,2025,2025Q3,2025-07,2,Technology_IT,stage1
2025-07-30,"Equus Workforce Solutions McKinney (Arbor E&T, LLC)",Collin,North Central Texas WDA,2025-09-30,2025-07-30,McKinney,0,0,1,62,0,15,EQUUS WORKFORCE SOLUTIONS MCKINNEY,0,92,185,2025,2025Q3,2025-07,2,Technology_IT,stage1
2025-07-30,"Equus Workforce Solutions Stephenville (Arbor E&T, LLC)",Erath,North Central Texas WDA,2025-09-30,2025-07-30,Stephenville,0,0,1,62,0,2,EQUUS WORKFORCE SOLUTIONS STEPHENVILLE,0,4,185,2025,2025Q3,2025-07,2,Technology_IT,stage1
2025-07-30,"Equus Workforce Solutions Terrell  (Arbor E&T, LLC)",Kaufman,North Central Texas WDA,2025-09-30,2025-07-30,Terrell,0,0,1,62,0,8,EQUUS WORKFORCE SOLUTIONS TERRELL,0,3,185,2025,2025Q3,2025-07,2,Technology_IT,stage1
2025-07-30,"Equus Workforce Solutions Weatherford (Arbor E&T, LLC)",Parker,North Central Texas WDA,2025-09-30,2025-07-30,Weatherford,0,0,1,62,0,16,EQUUS WORKFORCE SOLUTIONS WEATHERFORD,0,5,185,2025,2025Q3,2025-07,2,Technology_IT,ambiguous_resolved
2025-09-24,Cottonwood Creek Healthcare Community,Dallas,Dallas County WDA,2025-12-01,2025-09-24,Richardson,0,0,1,68,0,70,COTTONWOOD CREEK HEALTHCARE COMMUNITY,0,330,325,2025,2025Q3,2025-09,4,Healthcare,ambiguous_resolved
2025-09-18,Sunny Glen Children's Home,Willacy,Lower Rio Grande Valley WDA,2025-11-17,2025-09-18,Raymondville,0,0,1,60,0,424,SUNNY GLEN CHILDREN S HOME,0,3,38,2025,2025Q3,2025-09,2,Public_Nonprofit,stage1
2025-09-17,Accelore Group-Amazon Logistics (DDA9- Fort Worth),Tarrant,Tarrant County WDA,2025-11-01,2025-09-17,Fort Worth,0,0,1,45,1,107,ACCELORE GROUP-AMAZON LOGISTICS,1,207,213,2025,2025Q3,2025-09,6,Logistics_Transportation,stage1
2025-09-17,Accelore Group-Amazon Logistics (DDF2-Balch Springs),Dallas,Dallas County WDA,2025-11-01,2025-09-17,Mesquite,0,0,1,45,1,107,ACCELORE GROUP-AMAZON LOGISTICS,1,330,325,2025,2025Q3,2025-09,6,Logistics_Transportation,stage1
2025-09-10,"Hill & Smith, Inc.",Dallas,Dallas County WDA,2025-11-01,2025-09-10,Garland,0,0,1,52,1,46,HILL SMITH,0,330,325,2025,2025Q3,2025-09,0,Unknown,unresolved
2025-09-04,"Essendant Management Services, LLC",Harris,Gulf Coast WDA,2025-11-07,2025-09-04,Houston,0,0,1,64,0,92,ESSENDANT MANAGEMENT SERVICES,0,429,608,2025,2025Q3,2025-09,0,Unknown,unresolved
2025-09-04,CyraCom International Inc.,Harris,Gulf Coast WDA,2025-12-01,2025-09-04,Houston,0,0,1,88,0,327,CYRACOM INTERNATIONAL,0,429,608,2025,2025Q3,2025-09,0,Unknown,unresolved
2025-09-03,"Condair Operations, LLC",Shelby,Deep East Texas WDA,2025-11-03,2025-09-03,Center,0,0,1,61,0,51,CONDAIR OPERATIONS,0,2,12,2025,2025Q3,2025-09,0,Unknown,unresolved
2025-10-29,Tekni-Plex (Dallas Facility),Dallas,Dallas County WDA,2025-12-26,2025-10-29,Dallas,0,0,1,58,1,64,TEKNI-PLEX,0,330,325,2025,2025Q4,2025-10,0,Unknown,unresolved
2025-10-29,"Colonial Savings, F.A.",Tarrant,Tarrant County WDA,2026-01-01,2025-10-29,Fort Worth,0,0,1,64,0,130,COLONIAL SAVINGS F A,0,207,213,2025,2025Q4,2025-10,6,Finance,stage1
2025-10-29,Wells Fargo & Co. (Lubbock),Lubbock,South Plains WDA,2025-10-28,2025-10-29,Lubbock,0,1,0,,,225,WELLS FARGO,0,20,29,2025,2025Q4,2025-10,0,Unknown,unresolved
2025-10-29,"Cherokee Nation System Solutions, L.L.C.",Travis,Capital Area WDA,2025-12-19,2025-10-29,Austin,0,0,1,51,1,87,CHEROKEE NATION SYSTEM SOLUTIONS L L C,0,169,166,2025,2025Q4,2025-10,2,Technology_IT,stage1
2025-10-28,Job1 USA (Arlington),Tarrant,Tarrant County WDA,2025-11-15,2025-10-28,Arlington,0,0,1,18,1,31,JOB1 USA,1,207,213,2025,2025Q4,2025-10,6,Staffing_Services,stage1
2025-10-28,Job1 USA (Fort Worth),Tarrant,Tarrant County WDA,2025-11-15,2025-10-28,Fort Worth,0,0,1,18,1,25,JOB1 USA,1,207,213,2025,2025Q4,2025-10,6,Staffing_Services,stage1
2025-10-28,Job1 USA (Haslet),Tarrant,Tarrant County WDA,2025-11-15,2025-10-28,Haslet,0,0,1,18,1,25,JOB1 USA,1,207,213,2025,2025Q4,2025-10,6,Staffing_Services,stage1
2025-10-28,"Congo, LLC",Denton,North Central Texas WDA,2025-12-31,2025-10-29,Lewisville,0,0,1,64,0,155,CONGO,1,56,185,2025,2025Q4,2025-10,0,Unknown,unresolved
2025-10-23,Job1 USA (San Antonio),Bexar,Alamo WDA,2025-11-15,2025-10-29,San Antonio,0,0,1,23,1,18,JOB1 USA,1,200,238,2025,2025Q4,2025-10,6,Staffing_Services,stage1
2025-10-23,Job1 USA (Houston),Harris,Gulf Coast WDA,2025-11-15,2025-10-29,Houston,0,0,1,23,1,13,JOB1 USA,1,429,608,2025,2025Q4,2025-10,6,Staffing_Services,stage1
2025-10-22,"Flagstone Foods, LLC (El Paso Plant)",El Paso,Borderplexjobs WDA,2025-12-19,2025-10-22,El Paso,0,0,1,58,1,225,FLAGSTONE FOODS,0,49,51,2025,2025Q4,2025-10,2,Manufacturing,ambiguous_resolved
2025-10-15,Texas Instruments - Sherman,Grayson,Texoma WDA,2025-12-12,2025-10-15,Sherman,0,0,1,58,1,19,TEXAS INSTRUMENTS - SHERMAN,0,8,9,2025,2025Q4,2025-10,0,Unknown,unresolved
2025-10-15,Eden Green Technology,Johnson,North Central Texas WDA,2025-12-13,2025-10-15,Cleburne,0,0,1,59,1,102,EDEN GREEN TECHNOLOGY,0,13,185,2025,2025Q4,2025-10,4,Technology_IT,stage1
2025-10-13,"M & M Manufacturing, Inc.",Harris,Gulf Coast WDA,2025-12-15,2025-10-13,Houston,0,0,1,63,0,75,M M MANUFACTURING,1,429,608,2025,2025Q4,2025-10,6,Manufacturing,stage1
2025-10-09,Creative Testing Solutions,Travis,Capital Area WDA,2025-12-12,2025-10-09,Austin,0,0,1,64,0,91,CREATIVE TESTING SOLUTIONS,0,169,166,2025,2025Q4,2025-10,2,Technology_IT,stage1
2025-10-08,"Meadow Burke, LLC d/b/a Leviat",Tarrant,Tarrant County WDA,2025-12-02,2025-10-08,Fort Worth,0,0,1,55,1,75,MEADOW BURKE LEVIAT,0,207,213,2025,2025Q4,2025-10,0,Unknown,unresolved
2025-10-08,"Lion Elastomers Orange, LLC (Orange Plant)",Orange,South East Texas WDA,2025-12-08,2025-10-08,Orange,0,0,1,61,0,113,LION ELASTOMERS ORANGE,0,8,27,2025,2025Q4,2025-10,2,Manufacturing,stage1
2025-10-02,J & J Maintenance,Bexar,Alamo WDA,2025-11-30,2025-10-02,San Antonio,0,0,1,59,1,279,J J MAINTENANCE,0,200,238,2025,2025Q4,2025-10,2,Construction_Real_Estate,stage1
2025-10-02,Southwest Key Programs-Casa Canutillo,El Paso,Borderplexjobs WDA,2025-11-05,2025-10-02,Canutillo,0,0,1,34,1,2,SOUTHWEST KEY PROGRAMS-CASA CANUTILLO,0,49,51,2025,2025Q4,2025-10,8,Public_Nonprofit,stage1
2025-10-02,Southwest Key Programs-Casita Del Valle,El Paso,Borderplexjobs WDA,2025-11-05,2025-10-02,Clint,0,0,1,34,1,5,SOUTHWEST KEY PROGRAMS-CASITA DEL VALLE,0,49,51,2025,2025Q4,2025-10,8,Public_Nonprofit,stage1
2025-10-02,Southwest Key Programs-Casa Houston Reliant,Harris,Gulf Coast WDA,2025-11-05,2025-10-02,Houston,0,0,1,34,1,1,SOUTHWEST KEY PROGRAMS-CASA HOUSTON RELIANT,0,429,608,2025,2025Q4,2025-10,8,Public_Nonprofit,stage1
2025-10-02,Southwest Key Programs-Casa Montezuma,Harris,Gulf Coast WDA,2025-11-05,2025-10-02,Channelview,0,0,1,34,1,1,SOUTHWEST KEY PROGRAMS-CASA MONTEZUMA,0,429,608,2025,2025Q4,2025-10,8,Public_Nonprofit,stage1
2025-10-02,Southwest Key Programs-Casa Norma Linda,Cameron,Cameron County WDA,2025-11-05,2025-10-02,Los Fresnos,0,0,1,34,1,3,SOUTHWEST KEY PROGRAMS-CASA NORMA LINDA,0,37,38,2025,2025Q4,2025-10,8,Public_Nonprofit,stage1
2025-10-02,Southwest Key Programs-Casa Nueva Esperanza,Cameron,Cameron County WDA,2025-11-05,2025-10-02,Brownsville,0,0,1,34,1,8,SOUTHWEST KEY PROGRAMS-CASA NUEVA ESPERANZA,0,37,38,2025,2025Q4,2025-10,8,Public_Nonprofit,stage1
2025-10-02,Southwest Key Programs-Casa Rio Grande,Cameron,Cameron County WDA,2025-11-05,2025-10-02,San Benito,0,0,1,34,1,3,SOUTHWEST KEY PROGRAMS-CASA RIO GRANDE,0,37,38,2025,2025Q4,2025-10,8,Public_Nonprofit,stage1
2025-10-02,Southwest Key Programs-National Headquarters (Austin),Travis,Capital Area WDA,2025-11-05,2025-10-02,Austin,0,0,1,34,1,3,SOUTHWEST KEY PROGRAMS-NATIONAL HEADQUARTERS,0,169,166,2025,2025Q4,2025-10,8,Public_Nonprofit,stage1
2025-10-02,Southwest Key Programs-STX Regional Headquarters,Cameron,Cameron County WDA,2025-11-05,2025-10-02,Brownsville,0,0,1,34,1,12,SOUTHWEST KEY PROGRAMS-STX REGIONAL HEADQUARTERS,0,37,38,2025,2025Q4,2025-10,8,Public_Nonprofit,stage1
2025-10-02,Southwest Key Programs-Houston Headquarters,Harris,Gulf Coast WDA,2025-11-05,2025-10-02,Houston,0,0,1,34,1,10,SOUTHWEST KEY PROGRAMS,1,429,608,2025,2025Q4,2025-10,8,Public_Nonprofit,stage1
2025-10-01,Memorial Hermann Health System Senior Living Facility,Harris,Gulf Coast WDA,2025-10-01,2025-10-01,Houston,0,0,1,0,1,26,MEMORIAL HERMANN HEALTH SYSTEM SENIOR LIVING FACILITY,0,429,608,2025,2025Q4,2025-10,2,Healthcare,ambiguous_resolved
2025-10-01,Yang Ming (America) Corporation,Harris,Gulf Coast WDA,2025-10-01,2025-10-01,Houston,0,0,1,0,1,118,YANG MING CORPORATION,0,429,608,2025,2025Q4,2025-10,6,Logistics_Transportation,stage1
2025-09-30,"DTSV, Inc. (ITC Federal)",Dallas,Dallas County WDA,2025-11-30,2025-09-30,Irving,0,0,1,61,0,169,DTSV,0,330,325,2025,2025Q3,2025-09,0,Unknown,unresolved
2025-09-30,"Seatrium AmFELS, Inc.",Cameron,Cameron County WDA,2025-11-28,2025-09-30,Brownsville,0,0,1,59,1,91,SEATRIUM AMFELS,0,37,38,2025,2025Q3,2025-09,0,Unknown,unresolved
2025-09-30,Urban Alchemy (Arch Shelter),Travis,Capital Area WDA,2025-09-30,2025-09-30,Austin,0,0,1,0,1,55,URBAN ALCHEMY,1,169,166,2025,2025Q3,2025-09,0,Unknown,unresolved
2025-09-30,Holiday Inn Club Vacations Incorporated-The Villages Resort,Smith,East Texas WDA,2025-11-28,2025-09-30,Flint,0,0,1,59,1,82,HOLIDAY INN CLUB VACATIONS INCORPORATED-THE VILLAGES RESORT,0,11,39,2025,2025Q3,2025-09,12,Retail_Food,stage1
2025-09-30,Urban Alchemy (8th Street Shelter),Travis,Capital Area WDA,2025-09-30,2025-09-30,Austin,0,0,1,0,1,54,URBAN ALCHEMY,1,169,166,2025,2025Q3,2025-09,0,Unknown,unresolved
2025-09-29,Texas Instruments  (DFAB),Dallas,Dallas County WDA,2025-12-12,2025-09-29,Dallas,0,0,1,74,0,163,TEXAS INSTRUMENTS,0,330,325,2025,2025Q3,2025-09,6,Manufacturing,stage1
2025-09-25,"Kira Aerospace, LLC. (NBOC)",Anderson,East Texas WDA,2025-09-30,2025-09-25,Palestine,0,0,1,5,1,6,KIRA AEROSPACE,0,3,39,2025,2025Q3,2025-09,2,Retail_Food,stage1
2025-09-25,Spirit Airlines (W PGL Warehouse),Dallas,Dallas County WDA,2025-12-01,2025-09-25,Irving,0,0,1,67,0,51,SPIRIT AIRLINES,1,330,325,2025,2025Q3,2025-09,8,Logistics_Transportation,stage1
2025-09-24,Spirit Airlines (IAH),Harris,Gulf Coast WDA,2025-12-01,2025-09-24,Houston,0,0,1,68,0,173,SPIRIT AIRLINES,1,429,608,2025,2025Q3,2025-09,6,Logistics_Transportation,stage1
2025-11-19,United Supermarkets,Lubbock,South Plains WDA,2026-01-19,2025-11-19,Lubbock,0,0,1,61,0,126,UNITED SUPERMARKETS,0,20,29,2025,2025Q4,2025-11,8,Retail_Food,stage1
2025-11-17,"Couchbase, Inc.",Travis,Capital Area WDA,2026-01-12,2025-11-17,Austin,0,0,1,56,1,11,COUCHBASE,0,169,166,2025,2025Q4,2025-11,0,Unknown,unresolved
2025-11-14,Dometic Corporation,Dallas,Dallas County WDA,2026-01-12,2025-11-17,Grand Prairie,0,0,1,59,1,54,DOMETIC CORPORATION,0,330,325,2025,2025Q4,2025-11,0,Unknown,unresolved
2025-11-12,DLH Solutions (Dallas CMOP),Dallas,Dallas County WDA,2025-11-29,2025-11-12,Lancaster,0,0,1,17,1,298,DLH SOLUTIONS,0,330,325,2025,2025Q4,2025-11,2,Technology_IT,stage1
2025-11-08,"Dillard's Inc.(Dillard's Texas Central, LLC)",Collin,North Central Texas WDA,2026-01-12,2025-11-12,Plano,0,0,1,65,0,93,DILLARD S,0,92,185,2025,2025Q4,2025-11,6,Retail_Food,stage1
2025-11-06,AI Fleet,Travis,Capital Area WDA,2025-11-04,2025-11-06,Austin,0,1,0,,,56,AI FLEET,0,169,166,2025,2025Q4,2025-11,2,Logistics_Transportation,stage1
2025-11-05,Apogee Architectural Metals,Dallas,Dallas County WDA,2026-01-03,2025-11-05,Mesquite,0,0,1,59,1,58,APOGEE ARCHITECTURAL METALS,0,330,325,2025,2025Q4,2025-11,2,Manufacturing,stage1
2025-11-04,"Firebird Bulk Carriers, Inc. (Victoria)",Victoria,Golden Crescent WDA,2025-12-30,2025-11-04,Victoria,0,0,1,56,1,3,FIREBIRD BULK CARRIERS,1,5,6,2025,2025Q4,2025-11,12,Logistics_Transportation,stage1
2025-11-04,"Firebird Bulk Carriers, Inc. (George West)",Live Oak,Coastal Bend WDA,2025-12-31,2025-11-04,George West,0,0,1,57,1,21,FIREBIRD BULK CARRIERS,1,1,26,2025,2025Q4,2025-11,12,Logistics_Transportation,stage1
2025-11-04,"Firebird Bulk Carriers, Inc.(Tarzan)",Martin,Permian Basin WDA,2025-12-31,2025-11-04,Tarzan,0,0,1,57,1,1,FIREBIRD BULK CARRIERS,1,1,83,2025,2025Q4,2025-11,12,Logistics_Transportation,stage1
2025-10-31,"Firebird Bulk Carriers, Inc.(Dilley)",Frio,Alamo WDA,2025-12-31,2025-10-31,Dilley,0,0,1,61,0,6,FIREBIRD BULK CARRIERS,1,6,238,2025,2025Q4,2025-10,12,Logistics_Transportation,stage1
2025-10-31,"Firebird Bulk Carriers, Inc (Dayton)",Liberty,Gulf Coast WDA,2025-12-31,2025-10-31,Dayton,0,0,1,61,0,2,FIREBIRD BULK CARRIERS,1,5,608,2025,2025Q4,2025-10,12,Logistics_Transportation,stage1
2025-10-31,"Natura PCR, LLC",Harris,Gulf Coast WDA,2025-10-15,2025-11-03,Waller,0,1,0,,,88,NATURA PCR,0,429,608,2025,2025Q4,2025-10,0,Unknown,unresolved
2025-10-30,"Firebird Bulk Carriers, Inc. (Carrizo Springs)",Dimmit,Middle Rio Grande WDA,2025-12-31,2025-10-31,Carrizo Springs,0,0,1,62,0,31,FIREBIRD BULK CARRIERS,1,1,15,2025,2025Q4,2025-10,12,Logistics_Transportation,stage1
2025-10-30,"Firebird Bulk Carriers, Inc. (Bryan)",Brazos,Middle Rio Grande WDA,2025-12-31,2025-10-31,Bryan,0,0,1,62,0,10,FIREBIRD BULK CARRIERS,1,10,15,2025,2025Q4,2025-10,12,Logistics_Transportation,stage1
2025-10-30,Pure Hothouse Foods LLC,Bexar,Alamo WDA,2025-12-31,2025-11-03,San Antonio,0,0,1,62,0,80,PURE HOTHOUSE FOODS,0,200,238,2025,2025Q4,2025-10,2,Retail_Food,stage1
2025-12-29,FedEx Corporation Facility (Ft. Worth),Tarrant,North Central Texas WDA,2026-03-02,2025-12-29,Ft. Worth,0,0,1,63,0,89,FEDEX CORPORATION FACILITY,0,207,185,2025,2025Q4,2025-12,0,Unknown,unresolved
2025-12-26,"Telvista, Inc.",Tarrant,Tarrant County WDA,2026-02-28,2025-12-29,Dallas,0,0,1,64,0,110,TELVISTA,0,207,213,2025,2025Q4,2025-12,0,Unknown,unresolved
2025-12-22,ABM Texas General Services (SMU),Dallas,Dallas County WDA,2025-03-12,2025-12-22,Dallas,0,1,0,,,211,ABM TEXAS GENERAL SERVICES,1,330,325,2025,2025Q4,2025-12,6,Staffing_Services,stage1
2025-12-10,LeeMAH Electronics. Inc.,Dallas,Dallas County WDA,2025-12-08,2025-12-10,Richardson,0,1,0,,,84,LEEMAH ELECTRONICS,0,330,325,2025,2025Q4,2025-12,2,Manufacturing,stage1
2025-12-10,S&S Activewear,Dallas,Dallas County WDA,2025-12-04,2025-12-10,Irving,0,1,0,,,146,S S ACTIVEWEAR,0,330,325,2025,2025Q4,2025-12,0,Unknown,unresolved
2025-12-03,"CRST Expedited, Inc. d/b/a CRST The Transportation Solution, Inc.",Tarrant,Tarrant County WDA,2026-02-26,2025-12-03,Mansfield,0,0,1,85,0,1,CRST EXPEDITED CRST THE TRANSPORTATION SOLUTION,0,207,213,2025,2025Q4,2025-12,4,Logistics_Transportation,stage1
2025-12-03,Grand Lux Café LLC,Harris,Gulf Coast WDA,2026-01-24,2025-12-04,Houston,0,0,1,52,1,83,GRAND LUX CAFÉ,0,429,608,2025,2025Q4,2025-12,0,Unknown,unresolved
2025-12-02,Yang Ming (America) Corporation Updated,Harris,Gulf Coast WDA,2025-11-30,2025-12-02,Houston,0,1,0,,,105,YANG MING CORPORATION UPDATED,0,429,608,2025,2025Q4,2025-12,6,Logistics_Transportation,stage1
2025-12-02,The Sheraton Arlington Hotel (Urbana Varro Hospitality Management),Tarrant,Tarrant County WDA,2026-02-15,2025-12-03,Arlington,0,0,1,75,0,110,THE SHERATON ARLINGTON HOTEL,0,207,213,2025,2025Q4,2025-12,12,Retail_Food,stage1
2025-11-26,"Tyson Foods, Inc. (Amarillo B-Shift Operations",Potter,Panhandle WDA,2026-01-20,2025-11-26,Amarillo,0,0,1,55,1,1761,TYSON FOODS (AMARILLO B-SHIFT OPERATIONS,0,12,22,2025,2025Q4,2025-11,2,Retail_Food,stage1
2025-11-25,"FedEx Supply Chain Logistics & Electrronics, Inc. (Coppell)",Dallas,Dallas County WDA,2026-01-29,2025-11-25,Coppell,0,0,1,65,0,856,FEDEX SUPPLY CHAIN LOGISTICS ELECTRRONICS,0,330,325,2025,2025Q4,2025-11,8,Logistics_Transportation,stage1
2025-11-21,Huntington National Bank,Dallas,Dallas County WDA,2026-01-19,2025-11-21,Dallas,0,0,1,59,1,63,HUNTINGTON NATIONAL BANK,0,330,325,2025,2025Q4,2025-11,6,Finance,stage1
2025-11-18,Wood Group USA Inc.,Brazoria,Gulf Coast WDA,2025-01-05,2025-11-19,Freeport,0,1,0,,,180,WOOD GROUP USA,0,13,608,2025,2025Q4,2025-11,0,Unknown,unresolved
2026-01-28,Cardone Industries-Harlingen,Cameron,Cameron County WDA,2026-01-26,2026-01-28,Harlingen,0,1,0,,,41,CARDONE INDUSTRIES-HARLINGEN,0,37,38,2026,2026Q1,2026-01,0,Unknown,unresolved
2026-01-28,Cardone Industries-Arlington,Tarrant,Tarrant County WDA,2026-01-26,2026-01-28,Arlington,0,1,0,,,87,CARDONE INDUSTRIES,0,207,213,2026,2026Q1,2026-01,0,Unknown,unresolved
2026-01-28,Fresenius USA Manufacturing,Dallas,Dallas County WDA,2026-04-10,2026-01-28,Coppell,0,0,1,72,0,67,FRESENIUS USA MANUFACTURING,0,330,325,2026,2026Q1,2026-01,6,Manufacturing,stage1
2026-01-23,Power Plug Inc. (Houston Manufacturing Company),Harris,Gulf Coast WDA,2026-01-23,2026-01-26,Houston,0,0,1,0,1,74,POWER PLUG,0,429,608,2026,2026Q1,2026-01,6,Manufacturing,stage1
2026-01-21,Future Proof Brands LLC (Austin),Travis,Capital Area WDA,2026-02-21,2026-01-21,Austin,0,0,1,31,1,158,FUTURE PROOF BRANDS,0,169,166,2026,2026Q1,2026-01,0,Unknown,unresolved
2026-01-20,"Tyson Foods, Inc (Amarillo B-Shift Operations) Updated",Potter,Panhandle WDA,2026-02-24,2026-01-26,Amarillo,0,0,1,35,1,1761,TYSON FOODS UPDATED,0,12,22,2026,2026Q1,2026-01,2,Retail_Food,stage1
2026-01-14,Francesca's (Houston),Harris,Gulf Coast WDA,2026-01-08,2026-01-15,Houston,0,1,0,,,202,FRANCESCA S,0,429,608,2026,2026Q1,2026-01,0,Unknown,unresolved
2026-01-09,"Congo, LLC (Updated March 2026)",Denton,North Central Texas WDA,2026-03-13,2026-01-12,Lewisville,0,0,1,63,0,31,CONGO,1,56,185,2026,2026Q1,2026-01,0,Unknown,unresolved
2026-01-07,ComericA Frisco Star Tower Facility,Denton,North Central Texas WDA,2026-03-13,2026-01-07,Frisco,0,0,1,65,0,184,COMERICA FRISCO STAR TOWER FACILITY,0,56,185,2026,2026Q1,2026-01,0,Unknown,unresolved
2026-01-07,Tessera Therapeutics,Harris,Gulf Coast WDA,2026-03-08,2026-01-07,Friendswood,0,0,1,60,0,2,TESSERA THERAPEUTICS,0,429,608,2026,2026Q1,2026-01,0,Unknown,unresolved
2026-03-04,"First Brands Group, LLC(Billy Mitchell)",Cameron,Cameron County WDA,2026-04-30,2026-03-04,Brownsville,0,0,1,57,1,345,FIRST BRANDS GROUP,1,37,38,2026,2026Q1,2026-03,6,Manufacturing,stage1
2026-03-04,"First Brands Group, LLC. (Titan Dist. Center)",Cameron,Cameron County WDA,2026-04-30,2026-03-04,Brownsville,0,0,1,57,1,183,FIRST BRANDS GROUP,1,37,38,2026,2026Q1,2026-03,6,Manufacturing,stage1
2026-03-04,First Brands Group LLC. (ASC Facility),Cameron,Cameron County WDA,2026-04-30,2026-03-04,Brownsville,0,0,1,57,1,43,FIRST BRANDS GROUP,1,37,38,2026,2026Q1,2026-03,6,Manufacturing,stage1
2026-03-03,"Campbell Soup Supply Company, LLC",Lamar,North East Texas WDA,2026-05-01,2026-03-03,Paris,0,0,1,59,1,205,CAMPBELL SOUP SUPPLY COMPANY,0,9,21,2026,2026Q1,2026-03,0,Unknown,unresolved
2026-02-19,Stockyards Hotel and H3 Ranch,Tarrant,Tarrant County WDA,2026-04-06,2026-02-19,Fort Worth,0,0,1,46,1,120,STOCKYARDS HOTEL AND H3 RANCH,0,207,213,2026,2026Q1,2026-02,6,Retail_Food,stage1
2026-02-19,Bluum USA Inc.,Dallas,Dallas County WDA,2026-04-20,2026-02-19,Irving,0,0,1,60,0,60,BLUUM USA,0,330,325,2026,2026Q1,2026-02,0,Unknown,unresolved
2026-02-19,"Main Street Sports Group, LLC.",Montgomery,Gulf Coast WDA,2026-04-14,2026-02-19,The Woodlands,0,0,1,54,1,18,MAIN STREET SPORTS GROUP,0,42,608,2026,2026Q1,2026-02,2,Logistics_Transportation,stage1
2026-02-18,Walgreens (Greens Rd.),Harris,Gulf Coast WDA,2026-06-01,2026-02-18,Houston,0,0,1,103,0,159,WALGREENS,0,429,608,2026,2026Q1,2026-02,0,Unknown,unresolved
2026-02-11,Comerica Bank(Frisco Star Tower Facility),Denton,North Central Texas WDA,2026-04-24,2026-02-11,Frisco,0,0,1,72,0,54,COMERICA BANK,0,56,185,2026,2026Q1,2026-02,6,Finance,stage1
2026-02-09,Randalls #3067,Harris,Gulf Coast WDA,2026-04-18,2026-02-11,Houston,0,0,1,68,0,94,RANDALLS 3067,0,429,608,2026,2026Q1,2026-02,6,Retail_Food,stage1
2026-02-04,HGS Solutions,El Paso,Borderplexjobs WDA,2026-03-31,2026-02-04,El Paso,0,0,1,55,1,92,HGS SOLUTIONS,0,49,51,2026,2026Q1,2026-02,2,Technology_IT,stage1
2026-02-04,"First Brands Group, LLC",Tarrant,North Central Texas WDA,2026-01-26,2026-02-04,Arlington,0,1,0,,,87,FIRST BRANDS GROUP,1,207,185,2026,2026Q1,2026-02,6,Manufacturing,stage1
2026-02-04,"Empower Clinic Services, LLC",Harris,Gulf Coast WDA,2026-02-04,2026-02-04,Houston,0,0,1,0,1,57,EMPOWER CLINIC SERVICES,0,429,608,2026,2026Q1,2026-02,6,Healthcare,stage1
2026-02-03,Expedia Group Inc. (Austin),Travis,Capital Area WDA,2026-04-01,2026-02-03,Austin,0,0,1,57,1,100,EXPEDIA GROUP,1,169,166,2026,2026Q1,2026-02,6,Technology_IT,stage1
2026-02-02,Janus International Group,Harris,Gulf Coast WDA,2026-04-03,2026-02-04,Houston,0,0,1,60,0,113,JANUS INTERNATIONAL GROUP,0,429,608,2026,2026Q1,2026-02,0,Unknown,unresolved
2026-02-02,Helpful Hands Inc. Joint Base San Antonio-Lackland,Bexar,Alamo WDA,2026-03-31,2026-02-04,San Antonio,0,0,1,57,1,96,HELPFUL HANDS JOINT BASE SAN ANTONIO-LACKLAND,0,200,238,2026,2026Q1,2026-02,0,Unknown,unresolved
2026-01-29,Compass Connections,Cameron,Cameron County WDA,2026-03-29,2026-01-29,Harlingen,0,0,1,59,1,148,COMPASS CONNECTIONS,0,37,38,2026,2026Q1,2026-01,0,Unknown,unresolved
2026-04-06,"Sodexo (SDH Services East, LLC) HCA Kingwood",Harris,Gulf Coast WDA,2026-06-13,2026-04-06,Kingwood,0,0,1,68,0,81,SODEXO HCA KINGWOOD,0,429,608,2026,2026Q2,2026-04,6,Staffing_Services,stage1
2026-04-06,"Sodexo (SDH Services East, LLC) HCA Clear Lake",Harris,Gulf Coast WDA,2026-06-13,2026-04-06,Webster,0,0,1,68,0,86,SODEXO HCA CLEAR LAKE,0,429,608,2026,2026Q2,2026-04,6,Staffing_Services,stage1
2026-04-06,"Sodexo (SDH Services East, LLC) HCA Women's Hospital of Texas",Harris,Gulf Coast WDA,2026-06-13,2026-04-06,Houston,0,0,1,68,0,66,SODEXO HCA WOMEN S HOSPITAL OF TEXAS,0,429,608,2026,2026Q2,2026-04,6,Healthcare,ambiguous_resolved
2026-04-06,"Sodexo (SDH Services East, LLC) HCA Southeast Texas Medical Center",Harris,Gulf Coast WDA,2026-06-13,2026-04-06,Pasadena,0,0,1,68,0,63,SODEXO HCA SOUTHEAST TEXAS MEDICAL CENTER,0,429,608,2026,2026Q2,2026-04,8,Healthcare,ambiguous_resolved
2026-04-02,DSV Contract Logistics (3PL Logistics Facility),Dallas,Dallas County WDA,2026-04-30,2026-04-07,Wilmer,0,0,1,28,1,391,DSV CONTRACT LOGISTICS,0,330,325,2026,2026Q2,2026-04,8,Logistics_Transportation,stage1
2026-03-31,"Compass Group USA, Inc. (d/b/a Chartwell's Higher Education (Texas State University)",Hays,Rural Capital WDA,2026-05-31,2026-03-31,San Marcos,0,0,1,61,0,183,COMPASS GROUP USA,0,18,67,2026,2026Q1,2026-03,6,Public_Nonprofit,ambiguous_resolved
2026-03-31,Hyatt Regency (South Congress Hotel),Travis,Capital Area WDA,2026-05-31,2026-03-31,Austin,0,0,1,61,0,126,HYATT REGENCY,1,169,166,2026,2026Q1,2026-03,12,Retail_Food,stage1
2026-03-26,Tempus Holding INC. d/b/a The Lodge Card Club,Travis,Rural Capital WDA,2026-03-24,2026-03-31,Round Rock,0,1,0,,,144,TEMPUS HOLDING THE LODGE CARD CLUB,0,169,67,2026,2026Q1,2026-03,0,Unknown,unresolved
2026-03-26,Endeavors Eagle Lake Children's Center (Eagle Lake),Colorado,Gulf Coast WDA,2026-03-24,2026-03-31,Eagle Lake,0,1,0,,,88,ENDEAVORS EAGLE LAKE CHILDREN S CENTER,0,2,608,2026,2026Q1,2026-03,2,Public_Nonprofit,stage1
2026-03-26,"CPLC Texas, Inc. (Magnolia ORR Site)",Cameron,Cameron County WDA,2026-03-31,2026-03-31,Los Fresnos,0,0,1,5,1,56,CPLC TEXAS,0,37,38,2026,2026Q1,2026-03,0,Unknown,unresolved
2026-03-25,Albertsons #106 (Euless),Tarrant,Tarrant County WDA,2026-04-25,2026-03-25,Euless,0,0,1,31,1,82,ALBERTSONS 106,0,207,213,2026,2026Q1,2026-03,0,Unknown,unresolved
2026-03-25,Albertsons #4286 (W. Freeway),Tarrant,Tarrant County WDA,2026-04-25,2026-03-25,Fort Worth,0,0,1,31,1,56,ALBERTSONS 4286,0,207,213,2026,2026Q1,2026-03,0,Unknown,unresolved
2026-03-06,Saks & Company LLC (Saks Fifth Avenue - San Antonio),Bexar,Alamo WDA,2026-05-06,2026-03-09,San Antonio,0,0,1,61,0,71,SAKS COMPANY,0,200,238,2026,2026Q1,2026-03,0,Unknown,unresolved
2026-03-05,Ashley Furniture Industries (Mesquite),Dallas,Dallas County WDA,2026-05-07,2026-03-11,Mesquite,0,0,1,63,0,266,ASHLEY FURNITURE INDUSTRIES,0,330,325,2026,2026Q1,2026-03,0,Unknown,unresolved
